slug,title,film_sim,subcluster,subcluster_label,text,text_len
my-fujifilm-x100v-kodachrome-64-film-simulation-recipe,Kodachrome 64,Classic Chrome,0,Classic Chrome#0,"Evening at a Pond – Farmington Bay, UT – Fujifilm X100V “Kodachrome 64” The Fujifilm X100V has some new features, including Clarity and Color Chrome Effect Blue, that my X-T30 doesn’t have, despite sharing the same sensor. The more JPEG options that I have, the more accurately I can create in-camera looks. My hope is to revisit some of my film simulation recipes , and create what I hope are more accurate versions using the new features. The first one that I revamped is my Kodachrome 64 film simulation recipe . Many people love my Kodachrome 64 recipe, but not everyone. The biggest complaint that I’ve heard about it is that the reds aren’t vibrant enough. I don’t disagree with that, but there are always compromises when recreating looks in-camera because the tools available to me are limited. Of course, what Kodachrome 64 looks like depends on how you’re viewing it, whether projector, light table, scan, print, and how so. You can find some vastly different looking pictures that were captured on Kodachrome 64. For this revamped recipe, I spent some time studying the Kodachrome slides that I captured many years ago. Red Lights & Rain – Farmington, UT – Fujifilm X100V “Kodachrome 64” While I feel that this is an improved Kodachrome 64 recipe, it’s still not perfect. Those who disliked how reds were rendered on the old recipe will certainly like this one better, but is it 100% exactly like the film? No. I think +2 Color might be too much, but +1 Color doesn’t render reds and yellows vibrant enough. If you prefer +1 Color, feel free to do that instead. There’s a little less contrast with this new version. Both of the Color Chrome Effects, the lower Dynamic Range setting, and Clarity add contrast, so I changed Highlight and Shadow to compensate. The X-T4 has .5 Highlight and Shadow adjustments, and I would set Shadow to +0.5 if I were using these settings on that camera (I hope that Fujifilm updates the X100V and X-Pro3 to allow this, too). I think it would be acceptable to use +1 Shadow, but I felt that was a tad too much, so I set it to 0. Despite not being perfect, I do feel that this version is a little more accurate to actual Kodachrome 64 film. If you have an X100V, X-Pro3 or X-T4, I invite you to try this new-and-improved Kodachrome 64 film simulation recipe. Be sure to let me know what you think! Here are a couple pictures comparing the two versions of this recipes: Original Kodachrome 64 recipe. Original Kodachrome 64 recipe. Classic Chrome Dynamic Range: DR200 Highlight: 0 Shadow: 0 Color: +2 Noise Reduction: -4 Sharpening: +1 Clarity: +3 Grain Effect: Weak, Small Color Chrome Effect: Strong Color Chrome Effect Blue: Weak White Balance: Daylight, +2 Red & -5 Blue ISO: Auto, up to ISO 6400 Exposure Compensation: 0 to +2/3 (typically) Example photographs, all camera-made JPEGs using this new Kodachrome 64 film simulation recipe on my Fujifilm X100V: White Horse by a Stream – Farmington, UT – Fujifilm X100V Horses in the Grass – Farmington, UT – Fujifilm X100V Curious Horse – Farmington, UT – Fujifilm X100V Country Tires – Farmington, UT – Fujifilm X100V Yellow Flowers, Blue Sky – Farmington, UT – Fujifilm X100V Wishful Day – Farmington, UT – Fujifilm X100V Beer & Board – Farmington, UT – Fujifilm X100V Road Bicycling – Farmington, UT – Fujifilm X100V All the World’s a Sunny Day – Farmington, UT – Fujifilm X100V Orders & Pickup – Farmington, UT – Fujifilm X100V Red, White & Blue Day – Farmington, UT – Fujifilm X100V Flag Up Close – Farmington, UT – Fujifilm X100V Reeds by the Water – Farmington Bay, UT – Fujifilm X100V Evening Reeds – Farmington Bay, UT – Fujifilm X100V Landscape Flowers – Farmington, UT – Fujifilm X100V Handlebar – Farmington, UT – Fujifilm X100V Kodak Colors – Farmington, UT – Fujifilm X100V Half of an Orange – Farmington, UT – Fujifilm X100V Ground Beans – Farmington, UT – Fujifilm X100V Pallets – Centerville, UT – Fujifilm X100V IHOP – Centerville, UT – Fujifilm X100V Cupcake – Farmington, UT – Fujifilm X100V Sitting on Concrete – Farmington, UT – Fujifilm X100V Spring Snow – Farmington, UT – Fujifilm X100V This post contains affiliate links, and if you make a purchase using my links I’ll be compensated a small amount for it. Fujifilm X100V Black Amazon B&H Fujifilm X100V Silver Amazon B&H Nobody pays me to write the content found on fujixweekly.com. There's a real cost to operating and maintaining this site, not to mention all the time that I pour into it. If you appreciated this article, please consider making a one-time gift contribution. Thank you!",4557
fujifilm-x-e4-film-simulation-recipe-kodachrome-25,Kodachrome 25,Classic Chrome,0,Classic Chrome#0,"The Kodachrome name has been used for many different films over the years. The first Kodachrome product was a two-glass-plate color negative that was introduced in 1915. Like all other color photography methods of its time, the results weren’t particularly good and the product not especially successful. In 1935, Kodak released its next Kodachrome product: a positive color transparency film. This Kodachrome was the first film that produced reasonably accurate colors, and, because of that, was the first commercially successful color film. It became the standard film for color photography for a couple decades, and was even Ansel Adams’ preferred choice for color work. The December 1946 issue of Arizona Highways , which was the first all-color magazine in the world, featured Barry Goldwater’s Kodachrome images. While the most popular Kodachrome during this time was ISO 10, Kodak also produced an ISO 8 version, as well as a Tungsten option in the 1940s. Kodak made significant improvements to Kodachrome, and in 1961 released Kodachrome II. This film boasted more accurate colors, sharper images, finer grain, and a faster ISO of 25. While it was still somewhat similar to the previous Kodachrome, it was better in pretty much every way. A year later Kodachrome-X was introduced, which had an ISO of 64, and produced more saturation and increased contrast, but was grainier. In 1974, because Kodak created a less-toxic development process, Kodachrome II was replaced by Kodachrome 25 and Kodachrome-X was replaced by Kodachrome 64. This generation of Kodachrome is what most people think of when they picture (pun intended) the film, gracing the pages of magazines like National Geographic . Due to Kodachrome’s sharpness, grain, color, contrast, and archival characteristics, it was a great all-around option that worked well in most circumstance. Steve McCurry, who is perhaps the best-known photographer to extensively use this era of Kodachrome, said of the film, “It has almost a poetic look with beautiful colors that were vibrant and true to what you were shooting.” This film simulation recipe is intended to mimic Kodachrome 25 color transparency film. I was fortunate to shoot a few rolls of Kodachrome 25. It was a beautiful film, and probably the sharpest color film ever made, but its low ISO made it difficult to use. Kodachrome 64, which was still a low-ISO film, was about 1 2/3 stops faster. The major differences between the two Kodachrome emulsions is that the ISO 25 version was sharper and less grainy, while the ISO 64 version was more contrasty, vibrant and a hair warmer. Both were very similar, though, and it would be hard to spot the differences without a close inspection. Some people preferred the slightly more subtle tones and finer detail of Kodachrome 25, and some preferred the faintly punchier pictures rendered on Kodachrome 64. I liked Kodachrome 64 a little more, and so that’s what I most often used. Below are a couple examples of this Kodachrome 25 recipe compared to my Kodachrome 64 recipe : In the example below, I made massive crops so that you could more easily see the subtle differences in sharpness and grain between the two Kodachrome recipes. The differences in warmth are also more obvious. If the Kodachrome 25 recipe could have a .25 adjustment warmer, and if the Kodachrome 64 recipe could have a .25 adjustment cooler, it would likely be more accurate, but alas we’re limited by what Fujifilm gives us. In the case of this recipe, a Color Chrome FX Blue Medium would be a nice option, but it doesn’t exist. When Kodak discontinued Kodachrome in 2009, it shocked the photographic community; however, the deeper blow was that Kodak discontinued the chemicals required to develop it. Even if you had an old roll of the film (which I did), you couldn’t develop it, except as a black-and-white film from a specialty lab. By the end of 2010, the Kodachrome era was officially over for good. Fortunately, if you have a Fujifilm camera, the spirit of Kodachrome still lives. This Kodachrome 25 recipe is only compatible with the Fujifilm X-T4, X-S10, X-E4, and X-T30 II cameras. You can modify this for the X-Pro3 and X100V by setting Highlight to 0 and Shadow to -1 instead of what it calls for—I don’t like it quite as much, but it’s pretty similar. Classic Chrome Dynamic Range: DR400 Highlight: +0.5 Shadow: -0.5 Color: +1 Noise Reduction: -4 Sharpening: +3 Clarity: +3 Grain Effect: Off Color Chrome Effect: Strong Color Chrome Effect Blue: Strong White Balance: Daylight, +2 Red & -4 Blue ISO: Auto, up to ISO 1600 Exposure Compensation: 0 to +2/3 (typically) Example photographs, all camera-made JPEGs using this new Kodachrome 25 film simulation recipe on my Fujifilm X-E4 :",4739
fujifilm-x100v-film-simulation-recipe-kodachrome-1,Kodachrome 1,Classic Chrome,0,Classic Chrome#0,"Kodachrome They give us those nice bright colors They give us the greens of summer Makes you think all the world’s a sunny day Kodachrome is probably the most iconic photographic film ever made. It was legendary, and many people saw the world through its colors. Kodak produced Kodachrome film from 1935 through 2009, when it was suddenly discontinued. The Kodachrome name has been used for many different films over the years. The first Kodachrome product was a two-glass-plate color negative that was introduced in 1915. Like all other color photography methods of its time, the results weren’t particularly good and the product not especially successful. In 1935 Kodak released its next Kodachrome, which was a color transparency film with an ISO of 10. This Kodachrome was the first color film that produced reasonably accurate colors and was the first commercially successful color film. It became the standard film for color photography for a couple decades, and was even Ansel Adams’ preferred choice for color work. The December 1946 issue of Arizona Highways , which was the first all-color magazine in the world, featured Barry Goldwater’s Kodachrome images. Kodak made significant improvements to Kodachrome, and in 1961 released Kodachrome II . This film boasted more accurate colors, sharper images, finer grain, and a faster ISO of 25. While it was still similar to the previous Kodachrome, it was better in pretty much every way. A year later Kodachrome-X was introduced, which had an ISO of 64. Another generation of Kodachrome, which came out in 1974, saw Kodachrome II replaced by Kodachrome 25 and Kodachrome-X replaced by Kodachrome 64. The differences between this version and the previous weren’t huge with nearly identical image quality. The biggest change was going from the K-12 to the K-14 development process (which was a little less complex, but still complex). This generation of Kodachrome is what most people think of when they picture (pun intended) the film, gracing the pages of magazines like National Geographic . I personally have shot plenty of Kodachrome, mostly Kodachrome 64 . It was a good general use film that produced sharp images and pleasing colors. I haven’t used it in more than a decade. Its days are gone. Even if you can find an old roll of the film, there are no labs in the world that will develop it. This Kodachrome 1 film simulation recipe is meant to mimic that first era of Kodachrome. This isn’t your parent’s or grandparent’s Kodachrome, it’s your great-grandparent’s. This Kodachrome 1 recipe is actually an updated version of my Vintage Kodachrome recipe . Since the new Fujifilm cameras have more JPEG options, such as Clarity , Color Chrome Effect and Color Chrome Effect Blue , it’s possible to get more accurate or at least different looks out-of-camera. This recipe is very similar to the original version, but I hope this one is just a tad better. It’s only compatible with the X100V, X-Pro3 and X-T4 cameras; if you don’t have one of those cameras, give the Vintage Kodachrome recipe a try. Both the old and this new version have a great vintage analog look that I’m sure many of you will appreciate. I want to give a big “thank you” to Fuji X Weekly reader Thomas Schwab for his help with updating this recipe. Classic Chrome Dynamic Range: DR400 Highlight: +4 Shadow: -2 Color: +4 Noise Reduction: -4 Sharpening: -2 Clarity: +1 Grain Effect: Strong, Small Color Chrome Effect: Strong Color Chrome Effect Blue: Weak White Balance: Auto, +2 Red & -4 Blue ISO: Auto, up to ISO 6400 Exposure Compensation: -1/3 to -1 (typically) Example photographs, all camera-made JPEGs using this Kodachrome 1 film simulation recipe on my Fujifilm X100V : See also: Film Simulation Recipes This post contains affiliate links, and if you make a purchase using my links I’ll be compensated a small amount for it. Fujifilm X100V Black Amazon B&H Fujifilm X100V Silver Amazon B&H Nobody pays me to write the content found on fujixweekly.com. There's a real cost to operating and maintaining this site, not to mention all the time that I pour into it. If you appreciated this article, please consider making a one-time gift contribution. Thank you!",4197
two-fujifilm-x-trans-iv-film-simulation-recipes-kodachrome-ii,Kodachrome II &Kodachrome II v2,Classic Chrome,2,Classic Chrome#2,"One of the more popular film simulation recipes that I’ve created is Kodachrome II , which was made for X-Trans III sensor cameras. While you can use that recipe on X-Trans IV cameras, the newer models have some JPEG options that the older ones don’t, so it can be fun to utilize those options to produce a different and hopefully better version of an old recipe. In this case, I have two new versions of Kodachrome II for X-Trans IV cameras. Kodak introduced Kodachrome in 1935, and in 1961 they replaced the original film with a new and improved version called Kodachrome II and a higher-ISO sibling called Kodachrome-X. These films had more accurate color, finer grain and faster ISOs (ISO 25 and 64, respectively, compared to ISO 10) than the previous version. It was a big leap forward for color photography, and so it is no surprise that the innovators of color photography in the 1960’s and 1970’s relied heavily on it. It’s also the version that Paul Simon sang, “They give us the greens of summer, makes you think all the world’s a sunny day.” Kodachrome II and Kodachrome-X produced a very similar look to each other. The main differences were in grain, contrast and saturation, but overall the variations were quite minor. Kodachrome-X was slightly more bold while Kodachrome II was slightly more clean. Even so, comparing slides, it’s tough to distinguish one from the other (conveniently, I have my grandparents old slides at my home). Even though I have named these two film simulation recipes “Kodachrome II” I think they more closely resembles Kodachrome-X film, but I find them to be a reasonable facsimile for both. Because of the toxic chemicals used in the development of this era of Kodachrome, plus the complexity of the process, Kodak changed from K-12 development to K-14 development, which ushered in new Kodachrome in 1974, called Kodachrome 25 and Kodachrome 64. This version of the film is the one that I have personally used. Interestingly enough, even though this version wasn’t all that much aesthetically different than the previous, there was a big outcry among photographers, and a large group who used Kodachrome II and Kodachrome-X did not appreciate the change. While I created the X-Trans III Kodachrome II recipe, it was Thomas Schwab who modified it for X-Trans IV. His version, entitled Kodachrome II , is compatible with the Fujifilm X-Pro3, X100V, X-T4, X-S10 and X-E4. In some of my example pictures below I used a Tiffen 1/4 Black Pro-Mist diffusion filter with my X100V. Why? Because I haven’t used this filter in awhile and wanted to. I don’t think it adds anything essential to the recipe. In fact, you might prefer the results without the filter. Thank you, Thomas, for creating and sharing this update to the original recipe!",2775
mccurry-kodachrome-a-fujifilm-x-trans-iv-film-simulation-recipe,McCurry Kodachrome,Classic Chrome,1,Classic Chrome#1,"I received an email from Anders Lindborg back in November, and the subject line read, “The Last Roll.” Anders explained to me that himself and John Sevigny had co-created a Kodachrome 64 Film Simulation Recipe based on Steve McCurry’s last roll of Kodachrome film, which was (as you likely know) famously developed on July 12, 2010, at Dwayne’s Photo in Parsons, Kansas.",370
kodak-vision3-250d-fujifilm-x-e4-x-trans-iv-film-simulation-recipe,Kodak Vision3 250D,Eterna,1,Eterna#1,"This is a long-overdue adaptation of the X-T3/X-T30 Kodak Vision3 250D Film Simulation Recipe for use on “newer” X-Trans IV cameras. Kodak Vision3 250D is one of my favorite Recipes, but it’s only compatible with the Fujifilm X-T3 and X-T30; however, I’ve been using it on my X100V and X-E4 occasionally for years. It’s not hard to adapt X-T3/X-T30 or X-Trans III Recipes for use on newer models by simply selecting a Grain size (Small or Large), setting Color Chrome FX Blue (and Color Chrome Effect for X-Trans III Recipes) to Off, and Clarity to 0. In the case of this Recipe, I prefer Clarity set to -2 and not 0, but it’s acceptable either way. Vision3 250D is a medium-speed daylight-balanced color motion picture film introduced by Kodak in 2009. It was a replacement for the similar (yet slightly inferior) Vision2 250D . Vison3 250D can be developed in ECN-2 chemistry or C-41. There is a lot of variation in how the film can look depending on a host of factors—especially how shot, developed, and scanned—but I’ve always been impressed with how closely this Recipe mimics some of the aesthetics produces by the emulsion. This Kodak Vision3 250D Film Simulation Recipe is compatible with the Fujifilm X-Pro3, X100V, X-T4, X-S10, X-E4, and X-T30 II cameras. For fifth-generation models, which are the X-H2s, X-H2, X-T5, and X-S20 ( yes, the X-S20 !), you can use this Recipe, but blue will render more deeply , so it will look slightly different. Example photographs, all camera-made JPEGs captured using this Kodak Vision3 250D Film Simulation Recipe on my Fujifilm X-E4 :",1581
kodak-portra-160-fujifilm-x100v-x-trans-iv-film-simulation-recipe,Kodak Portra 160,Classic Chrome,0,Classic Chrome#0,"Kodak introduced the Portra line in 1998, with two ISO 160 versions, two ISO 400 versions, and an ISO 800 emulsion (plus a short-lived ISO 100 Tungsten film, for those keeping score). Portra saw a couple of updates by Kodak, and in late-2010 the two ISO 160 versions were merged into one, as well as the two ISO 400 versions. The film has become iconic, with its warm yet natural colors. As the name implies, it was meant for portrait photography, but is popular for many genres. Originally, Kodak Portra 160 came in “NC” (neutral color) and “VC” (vivid color) versions; Portra 160 NC was more popular for portraits and Portra 160 VC was more popular for landscapes. When Kodak merged the two, it fell kind of in-between the two emulsions—more vibrant than NC but less than VC. This Film Simulation Recipe is intended to mimic the merged Portra 160 that Kodak introduced in 2010. I already have a Kodak Portra 160 Recipe that is compatible with X-Trans III cameras plus the X-T3 and X-T30, but not one for newer models. This update is long overdue, and I’m thrilled to finally publish it. Instead of simply making a quick adjustment to the “old” Recipe, I started from scratch. While the results are still very similar, it’s a significant redesign, and (hopefully) it’s just a tad better. This Recipe pairs really well with diffusion filters; for the California pictures in this article I used a 10% CineBloom filter, and for the Arizona pictures I used a mix of a 5% CineBloom and no diffusion filter at all. I did not adjust Clarity when using the diffusion filters. This Kodak Portra 160 Film Simulation Recipe is compatible with the Fujifilm X-Pro3, X100V, X-T4, X-S10, X-E4, and X-T30 II cameras. For fifth generation X-Trans models, which are the X-H2s, X-H2, X-T5, and X-S20 , set Color Chrome FX Blue to Weak instead of Strong. This Recipe will also work on newer GFX cameras, but the results will likely be slightly different. Example photographs, all camera-made JPEGs captured using this Kodak Portra 160 Film Simulation Recipe on my Fujifilm X100V :",2061
fujifilm-x100v-film-simulation-kodak-portra-400,Kodak Portra 400,Classic Chrome,0,Classic Chrome#0,"Bridge Over Stream – Layton, UT – Fujifilm X100V – “Kodak Portra 400” This is a brand-new version of my X-T30 Kodak Portra 400 film simulation recipe , designed specifically for the Fujifilm X100V, X-Pro3 and X-T4. My “old” recipe isn’t, in fact, old, as I published it only one month ago, but already I have improved on it, thanks to Fujifilm’s new tools, and also thanks to Fuji X Weekly reader Thomas Schwab , who helped tremendously refine the recipe to be more accurate to actual Portra 400 film. You see, he captured some pictures with Portra 400 film and made some identical pictures with his X-Pro3. After a few small changes, this new recipe emerged. It’s very similar to the X-T30 Portra 400 recipe, the differences aren’t huge, but it is subtly better in my opinion. Portra 400 was introduced by Kodak in 1998, and was redesigned in 2006 and again in 2010. As the name implies, it’s intended for portrait photography, but can be used for many other types of photography. It’s similar to Portra 160, but with more contrast, saturation and grain. Believe it or not, ISO 400 was considered “high ISO” by many photographers back in the film days, and Portra 400 was one of the absolute best “high ISO” color films ever made. Like all films, results can vary greatly depending on how it’s shot, developed and printed or scanned, and even which version of the film you’re talking about. Backlit Forest Leaves – Layton, UT – Fujifilm X100V – “Kodak Portra 400” This new Portra 400 film simulation recipe requires the use of Clarity , which slows down the camera considerably. Fujifilm suggests shooting RAW and adding Clarity later, but I just use the pause to slow myself down. The use of Clarity also means that this recipe can’t be used on “older” cameras, only the X100V, X-Pro3 and X-T4 (as of this writing), but feel free to apply the white balance shift of this recipe to the X-T30 version and see if you like it better. Classic Chrome Dynamic Range: DR-Auto Highlight: -1 Shadow: -2 Color: +2 Noise Reduction: -4 Sharpening: -2 Clarity: +2 Grain Effect: Strong, Small Color Chrome Effect: Strong Color Chrome Effect Blue: Weak White Balance: Daylight, +3 Red & -5 Blue ISO: Auto, up to ISO 6400 Exposure Compensation: +1/3 to +1 (typically) Example photographs, all camera-made JPEGs using this new Kodak Portra 400 film simulation recipe on my Fujifilm X100V: Light Green Leaves – Layton, UT – Fujifilm X100V Sunlight In The Tree – Layton, UT – Fujifilm X100V Forest – Layton, UT – Fujifilm X100V Creek Through The Trees – Layton, UT – Fujifilm X100V Light on the Water – Layton, UT – Fujifilm X100V Creek – Layton, UT – Fujifilm X100V Big Green Leaf – Layton, UT – Fujifilm X100V Sunshine & Tree Leaves – Farmington, UT – Fujifilm X100V Sunlit – Farmington, UT – Fujifilm X100V Stone & Blooms – Layton, UT – Fujifilm X100V Jo Swinging – Layton, UT – Fujifilm X100V Brother & Sister Driving – Farmington, UT – Fujifilm X100V Protect & Serve – Farmington, UT – Fujifilm X100V Seagull on a Lamp – Farmington, UT – Fujifilm X100V Stormy Reeds – Farmington, UT – Fujifilm X100V See also: Film Simulation Recipes This post contains affiliate links, and if you make a purchase using my links I’ll be compensated a small amount for it. Fujifilm X100V Black Amazon B&H Fujifilm X100V Silver Amazon B&H Nobody pays me to write the content found on fujixweekly.com. There's a real cost to operating and maintaining this site, not to mention all the time that I pour into it. If you appreciated this article, please consider making a one-time gift contribution. Thank you!",3574
fujifilm-x100v-film-simulation-recipe-kodak-portra-400-v2,Kodak Portra 400 v2,Classic Chrome,0,Classic Chrome#0,"One film can have many different looks depending on how it’s shot, developed, scanned or printed. This new Portra 400 film simulation recipe, called Kodak Portra 400 v2, is an alternative aesthetic, created by studying examples of actual Portra 400 film (thanks to Julien Jarry ). The “other” Fujifilm X100V Kodak Portra 400 recipe was also created by studying examples of actual film (thanks to Thomas Schwab ). They’re both good options for achieving a Portra look, and neither is more “right” than the other.",511
fujifilm-x-trans-iv-film-simulation-recipe-kodak-portra-400-warm,Kodak Portra 400 Warm,Classic Chrome,0,Classic Chrome#0,"This Kodak Portra 400 Warm recipe came about after the Kyle McDougall Portra-Style comparison article . These settings are an attempt to get closer to Kyle’s preset aesthetic. Some film simulation recipes are good for everyday use, while some are good only in the right situations. This is one falls into the latter category, I think. This recipe isn’t for everyone or every situation, but for some people in the right situations, this recipe will be greatly loved! I think it looks best in sunny daylight, but can produce interesting results occasionally in other lighting situations, too. Thank you to Ryan for helping out with this! One film can have many different looks depending on how it’s shot, developed, and scanned or printed. This Kodak Portra 400 Warm film simulation recipe is an alternative aesthetic. Portra 400 was introduced by Kodak in 1998, and was redesigned in 2006 and again in 2010. As the name implies, it’s intended for portrait photography, but can be used for many other types of photography. It’s similar to Portra 160, but with more contrast, saturation and grain. Believe it or not, ISO 400 was considered “high ISO” by many photographers back in the film days, and Portra 400 was one of the absolute best “high ISO” color films ever made.",1270
fujifilm-x-trans-iv-film-simulation-recipe-reggies-portra,Reggie’s Portra,Classic Chrome,0,Classic Chrome#0,,0
fujifilm-x-e4-x-trans-iv-film-simulation-recipe-portra-style,Portra-Style,Classic Chrome,0,Classic Chrome#0,"After Anders Lindborg shared with me his interesting discovery that D-Range Priority (DR-P) is essentially the same thing as Hypertone on Fujifilm Frontier scanners , I immediately went to work creating a couple film simulation recipes that use D-Range Priority , since I didn’t have any. Like many of you, I thought that DR-P was a feature reserved only for extreme situations, and not for everyday use, but (as it turns out) it doesn’t have to be—DR-P can be utilized all of the time if you want. What is DR-P? It’s basically a tone curve intended to maximize dynamic range. There are four options: Off, Auto, Weak, and Strong. When DR-P is Off, the camera uses DR (DR100, DR200, DR400) instead, and when DR-P is On (Auto, Weak, or Strong), DR is disabled. When DR-P is On, Highlight and Shadow are “greyed out” so those can’t be adjusted—the curve is built into DR-P. You get what you get. DR-P Weak is similar to using DR400 with both Highlight and Shadow -2, but with a very subtle mid-tone boost. This recipe calls for DR-P Auto, and the camera will usually select DR-P Weak unless there is a bright light source (such as the sun) in the frame, such as the picture Sunlight Through a Tree further down below. This “Portra-Style” recipe isn’t intended to faithfully mimic Portra film, but was inspired more by Kyle McDougall’s “Portra-Style” presets , which are, of course, modeled after Kodak Portra film. The Kodak Portra 400 Warm recipe was also inspired by these presets, and there are some similarities between this recipe and that one. I don’t know which is better, as they’re both good options for achieving a warm Portra-like aesthetic. For a more-accurate recipe, try Kodak Portra 400 v2 . This recipe, which is closer to Portra 400 than 160, works best in natural light, especially daylight, although you can still get interesting results sometimes in other lighting situations. My “Portra-Style” recipe is compatible with the Fujifilm X-Pro3, X100V , X-T4, X-S10, X-E4 , and X-T30 II cameras. Classic Chrome Dynamic Range: D-Range Priority Auto Color: +1 Noise Reduction: -4 Sharpening: -2 Clarity: +3 Grain Effect: Strong, Small Color Chrome Effect: Strong Color Chrome Effect Blue: Weak White Balance: 5000K, +2 Red & -6 Blue ISO: Auto, up to ISO 6400 Exposure Compensation: 0 to +2/3 (typically) Example photographs, all camera-made JPEGs using this “Portra-Style” film simulation recipe on my Fujifilm X-E4:",2427
fujifilm-x100v-film-simulation-recipe-kodak-portra-800,Kodak Portra 800,Classic Chrome,1,Classic Chrome#1,"Kodak introduced Portra 800 in 1998. The Portra line has seen a number of revisions and updates over the years, but I couldn’t find any information if the current Portra 800 film is the exact same emulsion from 1998, or if it’s gone through some changes over the years like the ISO 400 and 160 versions. Portra 800 is one of the best options for high-ISO color photography, but I’ve never shot it myself. There are some good online resources that are helpful when creating film simulation recipes for films that I’ve never used, which I did consult, but that’s not how these settings came about. You see, there’s a new version of my Portra 400 recipe (which I know you’ll love) that’s coming soon, and this recipe is a variant of that. Thomas Schwab , who I’ve collaborated with on a number of different recipes (including Portra 400), and who has actually shot Portra 800, helped me out with this one. Thanks, Thomas! I know that many of will love this Kodak Portra 800 film simulation recipe! It’s really nice, and has a good film-like aesthetic. Does it faithfully resemble real Portra 800? I think it does, but film can look different depending on how it’s shot, developed, scanned or printed, and this recipe won’t mimic every aspect of the film. Even so, I think this one will be quite popular, and many of you will use it regularly. It’s only compatible (as of this writing) with the Fujifilm X100V, X-Pro3, X-T4 and X-S10 cameras. Classic Chrome Dynamic Range: DR400 Highlight: +1 Shadow: 0 Color: +3 Noise Reduction: -4 Sharpening: -2 Clarity: -4 Grain Effect: Strong, Large Color Chrome Effect: Strong Color Chrome Effect Blue: Weak White Balance: 5200K, +1 Red & -5 Blue ISO: Auto, up to ISO 6400 Exposure Compensation: +1/3 to +1 (typically) Example photographs, all camera-made JPEGs using this new Kodak Portra 800 film simulation recipe on my Fujifilm X100V : See also: Fujifilm X-Trans IV Recipes This post contains affiliate links, and if you make a purchase using my links I’ll be compensated a small amount for it. Fujifilm X100V Black Amazon B&H Fujifilm X100V Silver Amazon B&H Nobody pays me to write the content found on fujixweekly.com. There’s a real cost to operating and maintaining this site, not to mention all the time that I pour into it. If you appreciated this article, please consider making a one-time gift contribution. Thank you!",2366
fujifilm-x-trans-iv-film-simulation-recipe-kodak-portra-800-v2,Kodak Portra 800 v2,Classic Chrome,0,Classic Chrome#0,"This Kodak Portra 800 v2 recipe is beautiful! It was created by Thomas Schwab , who has made several film simulation recipes published on this website, including Superia Xtra 400 , Urban Vintage Chrome , Kodachrome II , Classic Monochrome , B&W Superia , and Monochrome Kodachrome . Thomas has also collaborated on other recipes, playing an important role in getting them right, including Kodak Portra 800 , Kodak Ektar 100 , Kodachrome 1 , Kodak Portra 400 , and Kodak T-Max 400 . This new Kodak Portra 800 v2 recipe might be his best one yet! Kodak introduced Portra 800 in 1998. The Portra line has seen a number of revisions and updates over the years, but I couldn’t find any information if the current Portra 800 film is the exact same emulsion from 1998, or if it’s gone through some changes over the years like the ISO 400 and 160 versions. Portra 800 is one of the best options for high-ISO color photography, but I’ve never shot it myself. Thomas compared images side-by-side captured with actual Kodak Portra 800 film with images captured with his Fujifilm X-Pro3, making numerous adjustments in X RAW Studio, to achieve this nearly-identical picture aesthetic. He put in a lot of work, and it shows! Thank you, Thomas, for creating this great recipe and for your willingness to share! You’ll find some of Thomas Schwab’s pictures below. This Kodak Portra 800 film simulation recipe is currently compatible with the Fujifilm X-Pro3, X100V , X-T4, X-S10, and X-E4 cameras. Classic Chrome Dynamic Range: DR400 Highlight: 0 Shadow: -2 Color: -4 Noise Reduction: -4 Sharpening: -2 Clarity: -5 Grain Effect: Strong, Small Color Chrome Effect: Strong Color Chrome Effect Blue: Strong White Balance: Daylight, +3 Red & -6 Blue ISO: Auto, up to ISO 6400 Exposure Compensation: -2/3 to +1 (typically) Example photographs, all camera-made JPEGs using this new Kodak Portra 800 v2 film simulation recipe:",1904
kodak-portra-800-v3-fujifilm-x-t5-x-trans-v-x-e4-x-trans-iv-film-simulation-recipe,Kodak Portra 800 v3,Classic Chrome,1,Classic Chrome#1,"My wife recently challenged me to create a Film Simulation Recipe that mimics the aesthetic of Kodak Portra 800 film that Peter McKinnon has been sharing on Instagram and YouTube . I’m really drawn to his analog photography—I think they’re some of his best photographs. While there were plenty of examples of his Portra 800 to examine, I found it to be a difficult endeavor to replicate on my Fujifilm cameras. As I’ve said many times, one film can produce many different looks based on a whole host of factors: how shot (film format, lens, exposure, filters, light, etc.), how developed (push/pull, brand of chemicals, freshness of chemicals, timing, temperature and pH of the water, etc.), how printed (paper, chemicals, timing, filters, etc.) and/or how scanned (brand of scanner, correction profiles, post-editing, etc.). Even within one photographer’s collection of one specific emulsion, there can be some noticeable variances. In the specific case of Peter McKinnon and his Kodak Portra 800, there is indeed significant divergences in the exact look of different pictures. Before I get any deeper into this, let me give a brief history of Kodak Portra 800 and my Film Simulation Recipes that mimic this film. Kodak introduced Portra 800 in 1998 at the same time as Portra 160 and Portra 400. Portra 160 and Portra 400 both originally came in a “VC” (vivid color) and “NC” (neutral color) versions, which were later merged into in-between emulsions that still exists today; however, Portra 800 only ever came in one variety. I don’t know if it is true, but I read that Portra 800 was based on the older Vericolor/Vision2 technology, while Portra 160 and Portra 400 were based on T-Grain/Vision3 advancements. In any event, all of these films have been tweaked and updated by Kodak several times over the years. While it has become increasingly expensive, all three ISO versions of Portra are still being manufactured today by Kodak. In fact, the current version of Lomography 800 is supposedly repacked Portra 800 (although it might be a run that didn’t pass quality control). My original Kodak Portra 800 Film Simulation Recipe was a joint venture between myself and Thomas Schwab based on “memory color” (as Fujifilm likes to put it) of the film. The next version, Kodak Portra 800 v2 , was created entirely by Thomas Schwab after he shot a roll of the film and his Fujifilm X-Pro3 camera side-by-side. This new third version was created by me after carefully examining Peter McKinnon’s pictures of Kodak Portra 800 film. I divided Peter’s Portra 800 pictures into seven groups. Each group contained photos that seemed similar in overall aesthetics to each other. The commonality within each group tended to be (for the most part) the lighting condition that the film was shot in (although it was not universally so). I picked one group, and tried to replicate the look of it as closely as possible using the options available on my Fujifilm X-T5 (or should I say my Kodak Retina camera ?), choosing similar light and colors for my pictures. Once I was satisfied that I was close, I used those settings to create images similar to the photographs in the other groups; however, this is where it fell apart. One Recipe was not able to replicate multiple aesthetics from the same film, which is not surprising. I made a bunch of small modifications until I had one Film Simulation Recipe that was a fairly faithful facsimile to multiple groups of Peter’s Portra 800 pictures. I say “fairly faithful” because compromises had to be made in order to match multiple groups. These settings are in the ballpark of four of the seven groups (and most similar to just two), and not especially close to the other three, unfortunately. This is not a 100% faithful recreation of any of his picture aesthetics, but in being less faithful to one specific look, I was better able to replicate the film examples overall. This new Kodak Portra 800 v3 Film Simulation Recipe is intended for fifth-generation Fujifilm X-Trans cameras, which (as of this writing) are the X-H2s, X-H2, X-T5, X-S20 ( yes, the X-S20 ), and the upcoming X100VI. To make this Recipe compatible with some X-Trans IV models—specifically, the X-T4, X-S10, X-E4, and X-T30 II—I simply set Color Chrome FX Blue to Weak instead of Off, since X-Trans V cameras render blue more deeply on some film simulations. For those with the X-Pro3 or X100V, consider setting Shadow to 0 instead of 0.5. I do think that the original Kodak Portra 800 Recipe, as well as Kodak Portra 400 v2 , are not very far off from Peter’s pictures, and could be good alternatives. The Kodak Portra 800 v3 Film Simulation Recipe is great for both golden-hour and midday light. While it is intended for sunny daylight conditions, it does pretty well in shade, too. It’s alright for overcast days, depending on the specific cloud cover conditions. It’s great for natural-light indoors, and surprisingly decent for nighttime photography, but I’d avoid it for artificial light scenarios with warm bulbs. This Recipe is fairly versatile, despite it’s warm Kodak-like colors. In the right light, it can look pretty darn close to some of the Kodak Portra 800 scans that Peter McKinnon has been sharing on his social media channels. Interestingly, there’s also similarities to some of the Kodak Portra 400 images in Kyle McDougall’s An American Mile series . I have a feeling that this will quickly become a favorite option for many of you—personally, I really love this one! Example photographs, all camera-made JPEGs captured using this Kodak Portra 800 v3 Film Simulation Recipe on my Fujifilm X-E4: Example photographs, all camera-made JPEGs captured using this Kodak Portra 800 v3 Film Simulation Recipe on my Fujifilm X-T5: This post contains affiliate links, and if you make a purchase using my links I’ll be compensated a small amount for it. Fujifilm X-T5 in black: Amazon B&H Moment Fujifilm X-T5 in silver: Amazon B&H Moment",5956
fujifilm-x-trans-iv-film-simulation-recipe-kodak-gold-v2,Kodak Gold v2,Classic Chrome,1,Classic Chrome#1,"This new film simulation recipe comes from Anders Lindborg ( Instagram ). Anders is the one who created the Kodak Tri-X 400 recipe , Ilford Pan F Plus 50 recipe , seven Fujicolor Pro 160NS recipes , seven Fujicolor Pro 400H recipes , and made an important D-Range Priority discovery . So I know that you’ll love this one, too! He was kind enough to share it with me and allow me to share it with all of you—thank you, Anders! Anders began by looking at some old prints he has, which were captured on Kodak Gold 200 film. He noticed that these prints looked a little different than my Kodak Gold 200 recipe , but one film can have many different looks depending on how it was shot, developed, printed and/or scanned, or even which generation of the emulsion you’re viewing. This recipe mimics the aesthetic of his prints, but he noticed that it also matches many examples of Gold 200 that he found online. This recipe is compatible with the Fujifilm X-Pro3, X100V, X-T4, X-S10, X-E4, and X-T30 II cameras. To make this recipe work on the X-T3 and X-T30, Anders suggests using Grain Strong, White Balance 5900K (with the same shift), and ignoring Clarity—I suggest that you consider using a weak diffusion filter, such as 1/8 Black Pro Mist or 5% CineBloom, in leu of Clarity. In addition, for X-Trans III, ignore Color Chrome Effect . The results will be slightly different, but nearly the same. Anders suggests trying this recipe with a 3200K white balance for night photography. Classic Chrome Dynamic Range: DR200 Highlight: 0 Shadow: -1 Color: -1 Noise Reduction: -4 Sharpness: -1 Clarity: -2 Grain Effect: Strong, Large Color Chrome Effect: Weak Color Chrome Effect Blue: Off White Balance: 5800K, +2 Red & +4 Blue ISO: Auto, up to ISO 6400 Exposure Compensation: 0 to +2/3 (typically) Example photographs, all camera-made JPEGs using this new Kodak Gold v2 film simulation recipe on my Fujifilm X100V :",1907
fujifilm-x100v-film-simulation-recipe-kodak-ultramax-400,Kodak Ultramax 400,Classic Chrome,1,Classic Chrome#1,"Empty Outdoor Seating – Farmington, UT – Fujifilm X100V – “Kodak Ultramax 400” Ultramax 400 is Kodak’s consumer grade ISO 400 color negative film. Kodak has sold Ultramax 400 under many different names, beginning in 1987 with Kodacolor VR-G 400, rebranded Gold 400 one year later, called simply GC at one point, and finally, in 1997, Kodak settled on Ultramax 400. Kodak still sells Ultramax 400, although it’s not the same film as Kodacolor VR-G 400. This film has been tweaked and updated at least nine times over the years; however, the overall aesthetic is still substantially similar between all variations. This recipe is a happy accident. I was actually working on a different Kodak film simulation recipe, and this was a failed attempt. But I liked how this one looked, so I made a minor adjustment, and created this recipe, which I determined looked a heck-of-a-lot like Ultramax 400. I didn’t intentionally create an Ultramax 400 recipe, but nonetheless here it is! Sometimes it’s better to be lucky than good. Colorful Store Decor – Layton, UT – Fujifilm X100V – “Kodak Ultramax 400” For some of you this new recipe will be an instant favorite. I really love how it looks and plan to use it frequently. This one might be right up there with Kodachrome 64 and Portra 400 for favorite Kodak presets. A word of caution: it does require Clarity , which slows down the camera considerably. This film simulation recipe (as of this writing) is only compatible with the Fujifilm X100V, X-Pro3 and X-T4 cameras. Classic Chrome Dynamic Range: DR-Auto Highlight: +1 Shadow: +1 Color: +4 Noise Reduction: -4 Sharpening: 0 Clarity: +3 Grain Effect: Strong, Large Color Chrome Effect: Weak Color Chrome Effect Blue: Weak White Balance: Auto, +1 Red & -5 Blue ISO: Auto, up to ISO 6400 Exposure Compensation: +1/3 to +1 (typically) Example photographs, all camera-made JPEGs using this new Kodak Ultramax 400 film simulation recipe on my Fujifilm X100V: Road Construction – Clearfield, UT – Fujifilm X100V Store Closing – Farmington, UT – Fujifilm X100V Urban Roses – Farmington, UT – Fujifilm X100V Summer Fruit Tree – Farmington, UT – Fujifilm X100V Ripening Peaches – Farmington, UT – Fujifilm X100V Wood Barrel – Layton, UT – Fujifilm X100V Table & Chair – Farmington, UT – Fujifilm X100V Library Lights – Farmington, UT – Fujifilm X100V Contemplation – Farmington, UT – Fujifilm X100V Blackberry Boy – Farmington, UT – Fujifilm X100V End Table Succulent – Farmington, UT – Fujifilm X100V Math Books on a Table – Farmington, UT – Fujifilm X100V Kitchen Tools – Farmington, UT – Fujifilm X100V Quality Goods – Layton, UT – Fujifilm X100V 75 – Layton, UT – Fujifilm X100V Table Bloom – Layton, UT – Fujifilm X100V Fake Tulips – Layton, UT – Fujifilm X100V Fake Flowers in Window Light – Farmington, UT – Fujifilm X100V See also: Film Simulation Recipes This post contains affiliate links, and if you make a purchase using my links I’ll be compensated a small amount for it. Fujifilm X100V Black Amazon B&H Fujifilm X100V Silver Amazon B&H Nobody pays me to write the content found on fujixweekly.com. There's a real cost to operating and maintaining this site, not to mention all the time that I pour into it. If you appreciated this article, please consider making a one-time gift contribution. Thank you!",3304
fujifilm-x-e4-x-trans-iv-film-simulation-recipe-kodak-max-800,Kodak Max 800,Classic Negative,2,Classic Negative#2,"This Film Simulation Recipe is modeled after some prints I found in a box that I thought looked interesting. I didn’t initially know what film had been used, but after locating the negatives I discovered it was something called Kodak GT 800-3, and I had no idea what that was. After much sleuthing, I found out it was Kodak Max Zoom 800, also known as Max 800. The film was shot in 2006 (I believe by my wife), and it was the third and final iteration of the emulsion (this version was introduced in 2000). Max Zoom 800 was replaced in 2006 by the similar Max Versatility Plus 800 (which was around for five or six years before its discontinuation). Kodak made Max 800 film for point-and-shoot and disposable cameras—specifically, they marketed it for point-and-shot cameras with a zoom lens, which exaggerated camera shake. It was a cheap high-ISO consumer color negative film intended for the novice. It had a large latitude for underexposure and (especially) overexposure, but color reproduction was a little different (some have said “bland” or “weird”) when compared to other Kodak films. Kodak intended the film to be printed on Ektacolor Edge paper, but my samples were printed on Fujicolor Crystal Archive paper (which certainly affects the aesthetic)—this recipe is modeled after my samples. This Kodak Max 800 recipe is compatible with the Fujifilm X-Pro3, X100V, X-T4, X-S10, X-E4, and X-T30 II cameras. Because it uses the Classic Negative film simulation and Clarity , it is not compatible with the X-T3 and X-T30, unfortunately. For those with the X-H2s, it’s my understanding that this recipe is completely compatible and renders near identically, but I have not tested it to know for certain. Those with newer GFX cameras can use it, too, although it will render a little differently. Classic Negative Dynamic Range: DR400 Highlight: -2 Shadow: +1 Color: -1 Noise Reduction: -4 Sharpness: -2 Clarity: -4 Grain Effect: Strong, Small Color Chrome Effect: Strong Color Chrome Effect Blue: Off White Balance: 7300K, -5 Red & -2 Blue ISO: Auto, up to ISO 6400 Exposure Compensation: 0 to +2/3 (typically) Example photographs, all camera-made JPEGs captured using this “Kodak Max 800” Film Simulation Recipe on my Fujifilm X-E4 :",2239
kodak-royal-gold-400-fujifilm-x-trans-iv-x-trans-v-film-simulation-recipe,Kodak Royal Gold 400,Classic Negative,0,Classic Negative#0,"This Film Simulation Recipe began as an attempt to achieve a “memory color” aesthetic of photographic prints from the 1990’s and early 2000’s; when creating this recipe I wasn’t concerned about the specific films or processes. After shooting with this recipe and reviewing the results, I was reminded of Kodak Royal Gold 400 film… sometimes . Of course, one film can produce many different aesthetics, depending on (among other things) how it was shot, developed, scanned and/or printed. Royal Gold 400 didn’t always or even usually look like this, but sometimes it did, and I found some examples in a photo-box and online that were quite similar—I’m not sure why, but my suspicion is that the film was mishandled, either from being stored improperly (possibly exposed to too much heat), waiting too long to develop after exposing, or maybe even improper storage. Film can be finicky, but that serendipity is something that makes it special. Royal Gold 400 was introduced by Kodak in 1994 as a replacement to the original Kodak Ektar 400 film. The Royal Gold line, which also came in ISO 100 and 200 versions, was marketed as a “step up” from Kodak Gold, with finer grain and more vibrant colors. It was more-or-less an updated Ektar emulsion that was renamed for marketing reasons (Gold sold a lot more than Ektar). In the early 2000’s Royal Gold was replaced by the High Definition/Royal Supra line. This Kodak Royal Gold 400 Film Simulation Recipe is a “happy accident” facsimile of one possible aesthetics from the film.",1524
fujifilm-x100v-film-simulation-recipe-kodak-ektar-100,Kodak Ektar 100,Classic Chrome,0,Classic Chrome#0,"Dock Light – Flathead Lake, MT – Fujifilm X100V – “Kodak Ektar 100” I already have a Kodak Ektar film simulation recipe that I published a little over two years ago, but I’ve been wanting to revisit it for awhile. In the article that I published for that recipe, I wrote, “I’m actually a little hesitant to call this film simulation recipe Kodak Ektar 100 because it’s not quite right. It’s close, but a little off. The color palette is slightly askew.” That’s a true statement. My original Ektar recipe is close but no cigar. Since that time Fujifilm has added more JPEG options to their cameras, so would it be possible to get closer to real Ektar on my X100V? Kodak introduced Ektar in 1989. It has been made in ISO 25, 100, 125, 400 and 1000 versions at one time or another. Kodak discontinued Ektar in 1997, but they brought it back in 2008 with an updated emulsion. I’ve shot the old Ektar but never the new Ektar. It’s my understanding that they’re similar but not exactly the same. This new film simulation recipe will be controversial. To achieve a more correct color palette, this recipe is based off of Classic Chrome instead of Astia. The reason that I used Astia in the original recipe is because “Classic Chrome isn’t vibrant enough, even with Color set to +4.” That’s still true, although Color Chrome Effect does help a little. Honestly, if +6 was an option, that’s what I’d set Color to. Unfortunately that’s not an option, so we have a slightly undersaturated recipe. Another issue is that Ektar can have several different looks, depending on how it’s shot, developed, and printed or scanned, just like any film; however, with Ektar, even a 1/3 stop over or under exposure can noticeably effect the aesthetics of the picture. Peach Sun – Farmington, UT – Fujifilm X100V – “Kodak Ektar 100” Fuji X Weekly reader Thomas Schwab helped me immensely with this recipe. He’s had a hand in several recipes, and even created one from scratch that’s quite popular: Urban Vintage Chrome . Thomas captured a bunch of pictures with actual Ektar film, and made several similar exposures with his X-Trans IV cameras. He showed me examples of both, applying my original Ektar recipe to the pictures captured with his Fujifilm cameras. Then we began to create a new Kodak Ektar 100 film simulation recipe based on his Ektar pictures, hoping to achieve something closer to the film than the original recipe. We discovered very quickly that Ektar is impossible to faithfully recreate on Fujifilm cameras, because only Classic Chrome has the correct color palette, and it’s not vibrant enough. We tried Astia, Provia, Velvia, and PRO Neg. Hi, and of those Astia was the closest, but none of them were right. We settled on Classic Chrome despite it not being vibrant enough. We went back-and-forth on different settings, but especially the white balance. There were several times that we said, “This is it,” only to modify something the next day. A problem we encountered is that Ektar can have several different looks, even from the same roll of film. There was a discussion about creating as many as three different recipes, depending on the exact aesthetic we wanted to recreate, but decided to go with just one recipe, modeled after our favorite pictures from Thomas’ Ektar film. After even more back-and-forth we finished with this recipe here. We feel confident that it is as close as we could get to actual Ektar film, acknowledging that it’s very close but not exactly right. Boat in the Bay – Flathead Lake, MT – Fujifilm X100V – “Kodak Ektar 100” The original Ektar recipe isn’t an exact match to the film, and I believe that this new recipe is closer. The two recipes each produce a different look, and perhaps they both have a place, depending on what exact aesthetic you are after. This new recipe was a collaborative effort, and I want to give a special “thank you” to Thomas Schwab for all of the time and effort he put into making this a reality. It’s much appreciated! This Kodak Ektar 100 film simulation recipe is intended for and only compatible with (as of this writing) the Fujifilm X100V, X-Pro3 and X-T4. It uses Clarity , which slows down the camera considerably. I just allow the pause to slow myself down. Another option, which is what Fujifilm recommends, is to add Clarity later by reprocessing the RAW file in-camera or with X RAW Studio. Classic Chrome Dynamic Range: DR-Auto Highlight: +1 Shadow: -2 Color: +4 Noise Reduction: -4 Sharpening: 0 Clarity: +3 Grain Effect: Off Color Chrome Effect: Strong Color Chrome Effect Blue: Weak White Balance: 6050K, +3 Red & 0 Blue ISO: Auto, up to ISO 6400 Exposure Compensation: 0 to +2/3 (typically) Example photographs, all camera-made JPEGs using this new Kodak Ektar 100 film simulation recipe on my Fujifilm X100V: Daisies by the Dock – Flathead Lake, MT – Fujifilm X100V Henry’s Fork – Island Park, ID – Fujifilm X100V Johnny Sack Cabin – Island Park, ID – Fujifilm X100V North Shore of Island – Wild Horse Island State Park, MT – Fujifilm X100V Butters – Roy, UT – Fujifilm X100V Mustang Evening – Farmington, UT – Fujifilm X100V Roofline Sky – Farmington, UT – Fujifilm X100V Finding Clues – Farmington, UT – Fujifilm X100V Golden Boy – Farmington, UT – Fujifilm X100V Rocket Launching – Farmington, UT – Fujifilm X100V Yellow Lady – Layton, UT – Fujifilm X100V Light Too Bright – Farmington, UT – Fujifilm X100V Lawnmower Handle & Shadow – Farmington, UT – Fujifilm X100V Air Pump – Farmington, UT – Fujifilm X100V Blossom Red – Farmington, UT – Fujifilm X100V Flower Garden Blossom – Farmington, UT – Fujifilm X100V Bug Hiding on a Flower – Farmington, UT – Fujifilm X100V Rose Fence – Farmington, UT – Fujifilm X100V Marsh Reeds – Farmington, UT – Fujifilm X100V See also: Film Simulation Recipes This post contains affiliate links, and if you make a purchase using my links I’ll be compensated a small amount for it. Fujifilm X100V Black Amazon B&H Fujifilm X100V Silver Amazon B&H Nobody pays me to write the content found on fujixweekly.com. There's a real cost to operating and maintaining this site, not to mention all the time that I pour into it. If you appreciated this article, please consider making a one-time gift contribution. Thank you!",6231
fujifilm-x-trans-iv-film-simulation-recipe-elite-chrome-200,Elite Chrome 200,Classic Chrome,1,Classic Chrome#1,"Elite Chrome 200 was a “high-ISO” color transparency film made by Kodak during the 1990’s and into the mid-2000’s. It was one of those films you could find at most corner drug stores, and you typically would chose it if you ran out of film while out-and-about and needed something. Elite Chrome was a low-budget Ektachrome film. A rumor that I remember about Elite Chrome 200 is that it was actually Ektachrome E200 that didn’t pass the quality control inspection, but I have no idea if that was true or not. Interestingly, Kodak claimed that Elite Chrome 200 was the lowest-contrast ISO 200 reversal film on the market. Because of how it responded to C-41 chemistry, it was a popular option for cross-processing. I shot several rolls of Elite Chrome 200 film back in the day. Unfortunately, Ektachrome had a tendency to fade over time—it’s not an especially great archival film. I actually made a recipe mimicking faded Elite Chrome 200 . This recipe is more like if the film wasn’t faded. I wasn’t intentionally intending to recreate Elite Chrome—in fact, I stumbled into this recipe when I used Classic Chrome instead of Classic Negative with my Fujicolor Superia 800 recipe . I was pretty shocked by just how good it looked! Sometimes changing the film simulation can produce good results, and sometimes (like when Omar Gonzalez used Classic Chrome instead of Classic Negative with my Agfa Vista recipe ) it doesn’t produce good results. Fortunately for you, this is an example of when it works, and it just so happens by chance to resemble Elite Chrome 200 film. This film simulation recipe is compatible with all X-Trans IV cameras, except for the X-T3 and X-T30. If you have an X-Pro3, X100V, X-T4, X-S10, X-E4, or X-T30 II, this recipe is completely compatible with your camera. If you do have an X-T3 or X-T30 and want to use this recipe, you’ll have to ignore Grain Size (set it to Strong), ignore Color Chrome FX Blue , and ignore Clarity . In lieu of Clarity, use a diffusion filter , such as a 10% CineBloom or 1/4 Black Pro Mist. Classic Chrome Dynamic Range: DR400 Highlight: -1 Shadow: +1 Color: -1 Noise Reduction: -4 Sharpening: -1 Clarity: -4 Grain Effect: Strong, Large Color Chrome Effect: Strong Color Chrome Effect Blue: Weak White Balance: Daylight, -1 Red & -3 Blue ISO: Auto, up to ISO 6400 Exposure Compensation: +1/3 to +2/3 (typically) Example photographs, all camera-made JPEGs using this Elite Chrome 200 film simulation recipe on my Fujifilm X-E4 & Fujifilm X100V :",2497
fujifilm-x-e4-x-trans-iv-film-simulation-recipe-kodak-high-definition-plus-200,Kodak High Definition Plus 200,Classic Chrome,2,Classic Chrome#2,"This Kodak High Definition Plus 200 film simulation recipe was a fun one to make. My wife, Amanda, was looking through an old box of pictures when she came across a group of prints that she thought looked interesting, so she showed them to me. The images were captured in the Sierra Nevada mountains, largely in the Sequoia National Forest, in 2006. I had no idea what film I used, but after locating the negatives, I discovered it was Kodak High Definition Plus 200. The pictures were printed on Fujicolor Crystal Archive paper. Not surprisingly, Fujifilm paper produces a different aesthetic than Kodak paper, so if this film had been printed on Kodak paper the pictures would look a little different. Back then, the rule of thumb for best results was that Kodak negatives should be printed on Kodak paper, Fujifilm negatives should be printed on Fujifilm paper, etc., but obviously I broke that “rule” with these travel pictures. Kodak High Definition Plus 200 was a color negative film that was also sold under the name Kodak Royal Supra 200. At the time, Kodak claimed that it was the sharpest and finest-grained ISO 200 color negative film on the market. Originally there were ISO 100, 200, 400 and 800 varieties, but since this film line was introduced right at the beginning of the decline of film, it didn’t take Kodak long to discontinue all but the ISO 200 and 400 versions, and even those didn’t last all that long. I shot a few rolls of the film, and after digging through that photo box, I found two sets of negatives, both exposed around that same timeframe. I honestly don’t remember all that much from the experience, but it was fun to rediscover these long-forgotten pictures and recreate the aesthetic on my Fujifilm X-E4 camera. For ISO 200 color negative film, Kodak High Definition Plus 200 was indeed pretty sharp and fine-grained. It was moderately vibrant (just a little above “true to life”) and contrasty but not overly contrasty. From what I can tell, it didn’t have as large of an exposure latitude as some of Kodak’s other color negative films. It was warm, but seemed to lean more towards green than red when printed on Fujicolor paper. Obviously, how the film is shot, developed, printed and/or scanned will affect how it looks (I apologize for my poor quality scan above, which doesn’t do the picture justice whatsoever, but I wanted to share it anyway). This recipe mimics how I shot the film in 2006, printed on Fujicolor paper. It is compatible with the Fujifilm X-Pro3, X100V, X-T4, X-S10, X-E4, and X-T30 II cameras. Classic Chrome Dynamic Range: DR400 Highlight: 0 Shadow: +1 Color: +2 Noise Reduction: -4 Sharpening: 0 Clarity: -3 Grain Effect: Weak, Small Color Chrome Effect: Weak Color Chrome Effect Blue: Weak White Balance: 4800K, -2 Red & -7 Blue ISO: Auto, up to ISO 6400 Exposure Compensation: +1/3 to +2/3 (typically) Example photographs, all camera-made JPEGs using this Kodak High Definition Plus 200 film simulation recipe on my Fujifilm X-E4 & Fujifilm X100V :",3013
kodak-emulsion-a-fujifilm-recipe-for-x-trans-iv-cameras,Kodak Emulsion,Classic Chrome,1,Classic Chrome#1,"I love this Kodak Emulsion Film Simulation Recipe, even though it was a happy accident. I was trying to replicate the aesthetic of some Kodak ColorPlus 200 film scans that someone shared with me, but I was unsuccessful; however, in the process of failing, I discovered these settings, which are absolutely great! Even though this Recipe doesn’t accurately mimic any specific emulsion (as far as I’m aware), it still looks very analog-like, and highly reminiscent of a few different Kodak negative stocks. I bet you could convince some people that you actually shot with film, and not a modern digital camera. While I used my Fujifilm X100V to capture these pictures, if I were to choose an interchangeable-lens model paired with vintage glass, I’m certain it would be even more convincing.",789
fujifilm-x-e4-film-simulation-recipe-old-kodak,Old Kodak,Classic Chrome,0,Classic Chrome#0,"I was inspired to create this film simulation recipe after viewing some old pictures captured on various Kodak films. These pictures reminded me of the Vintage Kodachrome and Kodachrome 1 film simulation recipes, but they weren’t exactly the same. I thought if I tweaked those recipes I could get closer to mimicking the aesthetic of the old Kodak pictures that I was looking at (which is why I call this recipe Old Kodak ). If you like the Vintage Kodachrome and Kodachrome 1 recipes, you’ll really appreciate this one, too!",525
fujifilm-x-pro3-x-trans-iv-film-simulation-recipe-old-ektachrome,Old Ektachrome,Classic Chrome,1,Classic Chrome#1,"I was asked to recreate the aesthetic from a frame of a classic movie. I don’t know which movie, but only that it was shot on “Eastmancolor” film, which is a brandname for many different motion picture films and processes going back to the 1950’s. In fact, Eastmancolor Negative, better known as ECN, is still the development process used for today’s motion picture film. It’s unknown which film was used for the frame I was shown, but I did my best to recreate it on a Fujifilm X-Pro3. After using these settings for several days, I decided that it really reminds me of old Ektachrome color reversal film, perhaps from the 1970’s. Ektachrome was known for fading rather quickly, with some color shifts if not stored well. Aside from some faded slides from my grandparents, most of the Ektachrome I’ve seen from this era have been in classic photography magazines. I don’t know how faithfully this recipe mimics old Ektachrome film, but it definitely has the right “memory color” for me. I hope that you like it, too. This “Old Ektachrome” film simulation recipe is compatible with the Fujifilm X-Pro3, X100V , X-T4, X-S10, X-E4 , and X-T30 II cameras. This recipe isn’t compatible with the X-T3 or X-T30 , but if you disregard Color Chrome FX Blue , disregard Grain size, and use a diffusion filter in lieu of Clarity, you’ll get similar results. Classic Chrome Dynamic Range: DR400 Highlight: +2 Shadow: +1 Color: +3 Noise Reduction: -4 Sharpness: 0 Clarity: -4 Grain Effect: Strong, Large Color Chrome Effect: Strong Color Chrome Effect Blue: Weak White Balance: Daylight, +3 Red & +2 Blue ISO: Auto, up to ISO 6400 Exposure Compensation: 0 to +2/3 (typically) Example photographs, all camera-made JPEGs using this “Old Ektachrome” film simulation recipe on a Fujifilm X-Pro3:",1779
four-fujifilm-x-trans-iv-film-simulation-recipes-kodaneg-vc-nc,KodaNeg VC & NC,Provia,-1,,"I’m asked pretty regularly if I can create a Film Simulation Recipe that mimics a certain look—usually a particular film stock, but occasionally the aesthetic of a certain photographer. These recipes began as an attempt to recreate the look of a certain photographer. Unfortunately, despite much effort, I wasn’t successful. When I say “much effort” I mean that I went as far as having conversations with this photographer (which is pretty cool, because he’s well known and respected) to try and find out what he does to get his signature aesthetic. I tried some pretty unconventional tactics to get his look straight out of camera, but in the end I determined that it’s not possible with Fujifilm’s current JPEG options. Still, I really liked one of the recipes that I created while trying (and failing) to mimic the look, so I began using it. Right around this same time someone asked if I could create a recipe that better mimics the Kodak Ektar 100 aesthetic from a particular photographer (as one film can produce many different looks depending on a host of factors). When I saw the images, my first thought is that it looked a lot like this new recipe, except with the color turned way up. So I turned Color up from -4 to +4, and the results were surprisingly similar to Ektar. An exact match? No, but definitely in the ballpark, and certainly close enough that if one is looking for an alternative Kodak Ektar 100 recipe, this is one to consider. I stated that I did something unconventional to create this recipe: I used a 1/4 Black Pro Mist diffusion filter, and I did so because it has a slight reddish-brown color cast. Normally I prefer CineBloom filters because they don’t have a color cast, but for this recipe it was necessary. If you have a 10% CineBloom you can use that instead; however, it will be slightly less warm. If Fujifilm allowed .5 adjustments to White Balance Shift , you could move a half-point towards red and achieve basically the same thing, but they don’t. I find that +7 Red is too strong when not using a Black Pro Mist, so I would definitely stick with +6, even though it is less warm. After creating the Black Pro Mist version, I set out to make an alternate version that does not use a diffusion filter, yet produces a similar look (albeit slightly less warm due to the lack of Black Pro Mist filter). So there are four Film Simulation Recipes in total here: two low-saturation options (with a without a Black Pro Mist filter), and two high-saturation options (also with and without a Black Pro Mist filter). When Kodak introduced Portra, it initially came in two varieties: VC (“vivid color”) and NC (“neutral color”). The VC emulsion was more optimized for landscape photography and the NC emulsion was more optimized for portrait photography. These recipes aren’t intended to mimic Kodak Portra, but I decided to barrow the VC and NC abbreviations anyway—the two VC recipes are optimized for landscapes, while the two NC recipes are optimized for portraits. You can clearly see this in the two sets of images below. I named these recipes “KodaNeg” because they have warm Kodak-like colors… maybe like Kodak color negative film paired with an 81A or 81B warming filter—color correction filters were fairly commonly used back in the film days, and 81A was probably the most popular among landscape photographers. Which Kodak color negative film? I didn’t model these after any specific film, so they don’t closely resemble any; however, the NC recipes are slightly Portra-like, and the VC recipes are slightly Ektar-like, but are not exact match to either. If you have a 1/4 Black Pro Mist diffusion filter, I invite you to try the two KodaNeg recipes below that are intended for use with a diffusion filter. If you don’t have a Black Pro Mist—no worries—use the two recipes that are intended to be used without a diffusion filter. Unfortunately, because these require Clarity and Color Chrome Effect , they’re not compatible with the X-T30 and X-T3. Those with X-Trans V cameras should be able to use these recipes, but I do not have any personal experience to know for certain. KodaNeg VC (with Diffusion Filter) X-Pro3, X100V, X-T4, X-S10, X-E4, & X-T30 II Use this recipe in conjunction with a 1/4 Black Pro Mist Filter. Alternatively, you can use this with a 10% CineBloom, but the results will be slightly different. Provia Dynamic Range: DR400 Highlight: -1 Shadow: +1 Color: +4 Noise Reduction: -4 Sharpness: 0 Clarity: +3 Grain Effect: Weak, Small Color Chrome Effect: Strong Color Chrome Effect Blue: Off White Balance: Auto, +6 Red & -6 Blue ISO: Auto, up to ISO 6400 Exposure Compensation: +1/3 to +1 (typically) Example photographs, all camera-made JPEGs captured using this “KodaNeg VC” recipe with my Fujifilm X100V : KodaNeg NC (with Diffusion Filter) X-Pro3, X100V, X-T4, X-S10, X-E4, & X-T30 II Use this recipe in conjunction with a 1/4 Black Pro Mist Filter. Alternatively, you can use this with a 10% CineBloom, but the results will be slightly different. Provia Dynamic Range: DR400 Highlight: -1 Shadow: +1 Color: -4 Noise Reduction: -4 Sharpness: 0 Clarity: +3 Grain Effect: Weak, Small Color Chrome Effect: Strong Color Chrome Effect Blue: Off White Balance: Auto, +6 Red & -6 Blue ISO: Auto, up to ISO 6400 Exposure Compensation: +1/3 to +1 (typically) Example photographs, all camera-made JPEGs captured using this “KodaNeg NC” recipe with my Fujifilm X100V : X-T4, X-S10, X-E4, & X-T30 II) This recipe is intended to be used without a diffusion filter. Because it requires +0.5 Shadow, this recipe isn’t directly compatible with the Fujifilm X100V or X-Pro3, but if you want to use it anyway, you’ll have to decide if you prefer Shadow set to 0 or +1—the results will be slightly different, either with a little more or less contrast. Provia Dynamic Range: DR400 Highlight: -1 Shadow: +0.5 Color: +4 Noise Reduction: -4 Sharpness: 0 Clarity: -3 Grain Effect: Weak, Small Color Chrome Effect: Strong Color Chrome Effect Blue: Off White Balance: Auto, +6 Red & -6 Blue ISO: Auto, up to ISO 6400 Exposure Compensation: +1/3 to +1 (typically) Example photographs, all camera-made JPEGs captured using this “KodaNeg VC” recipe with my Fujifilm X-E4 : X-T4, X-S10, X-E4, & X-T30 II) This recipe is intended to be used without a diffusion filter. Because it requires +0.5 Shadow, this recipe isn’t directly compatible with the Fujifilm X100V or X-Pro3, but if you want to use it anyway, you’ll have to decide if you prefer Shadow set to 0 or +1—the results will be slightly different, either with a little more or less contrast. Provia Dynamic Range: DR400 Highlight: -1 Shadow: +0.5 Color: -4 Noise Reduction: -4 Sharpness: 0 Clarity: -3 Grain Effect: Weak, Small Color Chrome Effect: Strong Color Chrome Effect Blue: Off White Balance: Auto, +6 Red & -6 Blue ISO: Auto, up to ISO 6400 Exposure Compensation: +1/3 to +1 (typically) Example photographs, all camera-made JPEGs captured using this “KodaNeg NC” recipe with my Fujifilm X-E4 : Find these Film Simulation Recipes and over 250 more on the Fuji X Weekly — Film Recipes App ! Nobody pays me to write the content found on fujixweekly.com. There’s a real cost to operating and maintaining this site, not to mention all the time that I pour into it. If you appreciated this article, please consider making a one-time gift contribution. Thank you!",7362
fujifilm-x-trans-iv-film-simulation-recipe-kodak-brilliance,Kodak Brilliance,Classic Chrome,0,Classic Chrome#0,"Thomas Schwab sent me modification of the Kodachrome I Film Simulation Recipe —he calls this new version Kodak Brilliance . You might recall that Thomas and I worked together on the Kodachrome I recipe, which was an update to the Vintage Kodachrome recipe . Those two recipes (Vintage Kodachrome and Kodachrome I) were modeled after the first era of Kodachrome film . My Old Kodak recipe is also a similar option. This new version of the recipe isn’t intended to more accurately replicate the film, but instead offer a nice-looking alternative that still retains a vintage Kodak essence. It has a “memory color” that is reminiscent of classic Kodak slide film. I especially like how this recipe renders blues. Because the Kodak Brilliance recipe uses Clarity and Color Chrome FX Blue , it’s only compatible with the Fujifilm X-Pro3 , X100V, X-T4, X-S10, X-E4, and X-T30 II cameras. I believe that you could also use it on newer GFX cameras, although I have not personally tested it. For the X-T3 and X-T30, feel free to try it, ignoring Clarity, Color Chrome FX Blue, and Grain size—it won’t look exactly the same, but will be pretty similar. Classic Chrome Dynamic Range: DR200 Highlight: +4 Shadow: -2 Color: +4 Noise Reduction: -4 Sharpness: -1 Clarity: +2 Grain Effect: Weak, Small Color Chrome Effect: Strong Color Chrome Effect Blue: Weak White Balance: Daylight, +2 Red & -1 Blue ISO: Auto, up to ISO 6400 Exposure Compensation: -1 to 0 (typically) Example photographs, all camera-made JPEGs using this “Kodak Brilliance” Film Simulation Recipe on my Fujifilm X100V and Fujifilm X-E4 :",1592
classic-color-fujifilm-x-t5-x-trans-v-and-x-e4-x-trans-iv-film-simulation-recipe,Classic Color,Classic Chrome,0,Classic Chrome#0,"This Film Simulation Recipe has a fascinating story behind it… but I can’t get into all of the details of it yet. When the time is right, I will explaining everything to you. What I can say in the meantime is that I was hired to capture some photos, and to use a Film Simulation Recipe for those images, but the Recipe name shouldn’t include a brand name. Ideally for this project, because of the subject matter and light, I would have chosen my Kodak Portra 400 v2 Film Simulation Recipe , but I couldn’t because of the name of the Recipe. Instead, I created a very similar look, with an attempt to fine-tune it slightly for this specific project. The aesthetic of this Classic Color Film Simulation Recipe is bright and warm, with a Kodak-like color negative film rendering. It could be thought of as Kodak Portra 400 v3, as it has a strong Portra 400 resemblance, perhaps more similar to the old Portra 400 VC that was discontinued in 2010. This Recipe is best for sunny daylight situations, but it can sometimes produce good results in other light scenarios, too. This Classic Color Film Simulation Recipe is compatible with all fifth-generation X-Trans cameras, which (as of this writing) are the X-H2s, X-H2, X-T5, X-S20, and X100VI, as well as “newer” fourth-generation X-Trans models: X-T4, X-S10, X-E4, and X-T30 II. Just make sure that you are using the correct Color Chrome FX Blue setting for your camera. I’m sure it can also be used on newer GFX cameras, too, but I have not personally tried, and I’m certain that it will render slightly different (but try it anyway). Example photographs, all camera-made JPEGs captured using this Classic Color Film Simulation Recipe on my Fujifilm X-E4: Example photographs, all camera-made JPEGs captured using this Classic Color Film Simulation Recipe on my Fujifilm X-T5 & X100VI: This post contains affiliate links, and if you make a purchase using my links I’ll be compensated a small amount for it. Fujifilm X-T5 in black: Amazon , B&H , Moment , Wex , Nuzira Fujifilm X-T5 in silver: Amazon , B&H , Moment , Wex , Nuzira Fujifilm X100VI in black: Amazon , B&H , Moment , Wex , Nuzira Fujifilm X100VI in silver: Amazon , B&H , Moment , Wex , Nuzira",2204
using-ai-to-create-film-simulation-recipes-urban-dreams-x100v-x-trans-iv-film-simulation-recipe,Urban Dreams,Classic Chrome,1,Classic Chrome#1,"Can you use Artificial Intelligence to create Film Simulation Recipes for Fujifilm cameras ? Does AI even know what that is? If so, would those Recipes be any good? Those questions and more have been rattling around inside my head for the last few months. Back in January I asked Open AI ‘s Chat GPT what a Film Simulation Recipe was and it didn’t know—it couldn’t differentiate a Film Simulation Recipe from a Film Simulation, but only went so far as to acknowledge that Film Sims could be customized. It also didn’t know much about Fuji X Weekly . It didn’t take long for things to change. Last week Open AI announced the new-and-improved GPT-4, and so I put it through the same test. To my surprise, it not only knew what a Film Simulation Recipe is, but could even create one! The AI also provided the reasons why it chose the settings it did, and they seemed logical. However, I noticed that some required parameters were missing, so I asked it to add those settings to the Recipe, and it did. I also asked Chat GPT to give the Recipe a name. The AI created Recipe turned out to be pretty good, and I used it for some photography in southern Arizona, but I’m getting ahead of myself. We’ll get back to this in a moment, but let’s talk about some other things first. I wanted to find out how Chat GPT knew how to create a Film Simulation Recipe. Obviously the software has never used a camera, so where was it getting its information? I asked, and the software deflected, telling me where I could find further information on Fujifilm cameras and Film Simulation Recipes. To my surprise, Fuji X Weekly was listed as a potential resource. I wasn’t satisfied with the answer, so I kept asking, rewording the question, until the software admitted that it gathers information from (among other things) websites, such as Fuji X Weekly, One Camera One Lens , Dan Bailey , and Ted Forbes . I was a little surprised on the last two, especially Ted who I’m pretty certain doesn’t use Recipes or out-of-camera JPEGs. Maybe it just threw out some names associated with Fujifilm gear. My conclusion is that the software searches the web for resources and attempts to make sense of what it finds, and it borrows heavily from the work of others (but, thankfully, doesn’t outright copy). I had Chat GPT make a total of seven Film Simulation Recipes for the Fujifilm X100V . Not once did it provide me with all the necessary parameters on the first try, and I had to ask it to add the missing fields. It always chose Auto White Balance (once it did not provide a WB, so I had to ask it to do so), and only provided a White Balance Shift once on the first try; for the other six Recipes, when I asked it to provide me with a WB Shift, it never ventured beyond +/- 2 for Red and Blue. In fact, only once did the software suggest that any setting go beyond +/- 2, so I think it takes a conservative approach, perhaps not understanding why anyone would want to go wild with the JPEG options. On the first try I was provided with Color Chrome Effect and Color Chrome FX Blue settings: Off on both. For the next five attempts Chat GPT didn’t list either option, so I had to ask, and it chose Off each time. With the final Recipe attempt, it listed Color Chrome Effect set to Strong, but didn’t list Color Chrome FX Blue; when I asked it to give me a Color Chrome FX Blue setting, it (surprisingly) stated that Color Chrome FX Blue isn’t an option on the Fujifilm X100V. I think the software struggles to understand what these settings do and why someone would choose them, and also struggles to understand what specific settings are available on each Fujifilm model. Two settings that the software never provided on the first try are Grain size and Clarity . It would list Grain strength (Off, Weak, or Strong) but never size (Small or Large). When asked about size, it suggested Large four times, Small twice, and Standard once (there is no Standard option). With Clarity, it typically suggested a positive number, and only gave me a negative number once, zero once, and Off (which I suppose is the same as zero) once. As with the other settings, it never ventured beyond +/- 2. I asked it to mimic the look of a certain film stock, and Chat GPT provided a Film Simulation Recipe that (in my opinion) wasn’t a great match. I then asked it to mimic the look of a different film that just so happens to be the same exact emulsion just sold under a different brand name (to see if it would provide similar or identical settings), and the second Recipe was much different than the first. It’s clear that the AI isn’t analyzing pictures from film to create its Recipes, but instead finds descriptions of the stocks and suggests which Fujifilm settings could logically match the descriptions. “Vibrant” means Velvia and “soft” means PRO Neg. Std, which makes sense to a point; even though one film can produce many different aesthetics based on how it was shot, developed, printed and/or scanned (among other things), I believe you’d be hard pressed to find a single emulsion that could be emulated by both Velvia and PRO Neg. Std, but that’s what the software did. I also asked Chat GPT to create a Recipe that I already have a Film Simulation Recipe for. I wanted to see if it would just copy my Recipe, but thankfully it didn’t. It was actually significantly different. For now, at least, the software isn’t outright plagiarizing anyone (that I’m aware of), and I hope it stays that way. Finally, using a different account, I asked Chat GPT to create a Recipe with an identical request to one of the seven, just to see if it would give me the same answer, and it didn’t. I repeated this test once more, and it once again provided a different result. While it tries to come across as “intelligence” it appears to be more like a roll of the dice. Based on this test, I believe that AI is about 60% of the way there to being a useful tool for creating Film Simulation Recipes. It struggles to know which parameters to provide. It doesn’t understand the nuances between camera models. It seems to take a rather predictable and conservative approach to creating Recipes. While I think it tries to be logical with its choices, it is basically just taking a guess and giving random settings, which might produce good results sometimes and might not other times. The amazing thing, though, is that just a couple months ago the AI didn’t even know what a Film Simulation Recipe was, so it has made significant strides in a short period. I think eventually—and it might not even be that far out—the software will be able to analyze an image and provide settings for your Fujifilm camera that will be a reasonably close match to that image. For now, though, AI isn’t a particularly good way to get a Recipe. I promised that I would get back to the first Film Simulation Recipe that I asked Chat GPT to create for me to use on my Fujifilm X100V. I asked the software to create a Recipe that would be good for an urban environment at night. It provided me with everything except for Grain size, White Balance Shift, and Clarity, so I asked it to give me those settings, too. Then I asked it to name the Recipe—it gave me five choices, and I went with the first: Urban Dreams. I found Urban Dreams to be a pretty decent and versatile Recipe. I didn’t get a chance to use it much in an urban environment at night, but the results were good in the few opportunities that I did have. It seems to do well in sunny daylight, dreary overcast, nighttime, indoors, outdoors, landscapes, street, still-life, portraits, etc., so this could be one’s go-to Recipe for everyday photography. It reminds me a little of Kodachrome 200, a high-ISO slide film introduced by Kodak in the mid-1970’s and discontinued in 2006. It’s not completely “right” for Kodachrome 200, but can be surprisingly close sometimes, and this Recipe is probably the closest to it that I’ve seen. This Urban Dreams Film Simulation Recipe is compatible with most X-Trans IV cameras: the X-Pro3 , X100V, X-T4, X-S10, X-E4 , and X-T30 II. For X-Trans V and newer GFX, you can use this Recipe, but it will render slightly different (try it anyway). For the X-T3, X-T30, X-Trans III, and older GFX, simply ignore Clarity and consider Sharpness set to 0; the results will be very similar (only slightly different). Classic Chrome Dynamic Range: DR400 Highlight: -1 Shadow: +1 Color: +2 Noise Reduction: -2 Sharpness: -1 Clarity: +2 Grain Effect: Strong, Large Color Chrome Effect: Off Color Chrome Effect Blue: Off White Balance: Auto, 0 Red & +2 Blue ISO: Auto, up to ISO 6400 Exposure Compensation: +1/3 to +1 (typically) Example photographs, all camera-made JPEGs using this Urban Dreams Film Simulation Recipe on a Fujifilm X100V: This post contains affiliate links, and if you make a purchase using my links I’ll be compensated a small amount for it. Fujifilm X100V in black: Amazon B&H Moment Fujifilm X100V in silver: Amazon B&H Moment",8961
fujifilm-x-e4-x-trans-iv-film-simulation-recipe-pure-negative,Pure Negative,PRO Neg,4,PRO Neg#4,"This “Pure Negative” Film Simulation Recipe was created by Thomas Schwab , who has made several recipes published on this website, including Superia Xtra 400 , Fujicolor NPS 160 Pulled , Urban Vintage Chrome , Kodachrome II , Kodak Portra 800 v2 , Kodak Brilliance , Classic Monochrome , B&W Superia , and Monochrome Kodachrome . Thomas has also collaborated on other recipes, playing an important role in getting them right, including Kodak Portra 800 , Kodak Ektar 100 , Kodachrome 1 , Kodak Portra 400 , and Kodak T-Max 400 . I’m sure I’ve missed a few, and for that I apologize. Thomas told me that this “Pure Negative” recipe is basically a modification of his X-Trans I Kodachrome II recipe for use on X-Trans IV cameras. Because X-Trans I doesn’t have Classic Chrome, Thomas used the PRO Neg. Std film simulation to emulate a Kodachrome aesthetic as best as possible, and his recipe does a good job of that for the X-Pro1 and X-E1 cameras. There are already several excellent Kodachrome options for X-Trans IV; this recipe isn’t intended to replicate Kodachrome, but instead produce good natural-looking results—perhaps there is a little unintentional Kodachrome 25 resemblance, too. Thank you, Thomas, for creating this recipe and allowing me to share it on Fuji X Weekly! This Film Simulation Recipe is a great general-purpose option. It’s very versatile, delivering excellent results in a variety of situations. The only modification that I made to Thomas’ recipe is Dynamic Range: he prefers DR-Auto, but I set it to DR200. That’s not a big change, as DR-Auto chooses DR200 whenever there is bright highlights in the frame. Select whichever you prefer—either DR-Auto or DR200 is fine. For the Fujifilm X-T3 and X-T30 cameras, ignore Grain size and use a 5% CineBloom in lieu of Clarity (or just ignore Clarity)—the results will be similar. For X-Trans III, you’ll additionally have to ignore Color Chrome Effect , since your camera doesn’t have it. This recipe should be fully compatible with the new X-H2s, although I have not tested it to know for certain. PRO Neg. Std Dynamic Range: DR200 Highlight: +1 Shadow: +2 Color: -4 Noise Reduction: -4 Sharpness: +1 Clarity: -2 Grain Effect: Weak, Small Color Chrome Effect: Weak Color Chrome Effect Blue: Off White Balance: Auto, +1 Red & -2 Blue ISO: Auto, up to ISO 6400 Exposure Compensation: 0 to +1/3 (typically) Example photographs, all camera-made JPEGs using this “Pure Negative” Film Simulation Recipe on a Fujifilm X-E4 : This post contains affiliate links, and if you make a purchase using my links I’ll be compensated a small amount for it. Fujifilm X-E4 Black Amazon B&H Fujifilm X-E4 Silver Amazon B&H",2673
fujifilm-x-e4-x-trans-iv-film-simulation-recipe-chrome-slide,Chrome Slide,Classic Negative,1,Classic Negative#1,"This Film Simulation Recipe is a bit of a mystery to me. I recently found it in my C1-C7 custom presets on my Fujifilm X-E4, simply named Exp . After shooting with it, I quickly remembered that I had created it back in July, and then for some unknown reason stopped using it. In the weeks and months that passed, I somehow completely forgot all about it. Here’s what I do know: while I was traveling over the summer, someone had asked me to create a certain look, which I believe was of a particular photographer and not a specific film stock (although I am not fully certain of that), and so I did, but now I have no idea who asked (because I get many requests) or who the photographer was that I was attempting to mimic. I’m not sure if I was close to successful or not, as I don’t really remember a whole lot of anything about it. I did find on an SD card the pictures that I had captured with the recipe over the summer. I began using it again just recently, and I really appreciate the results—I think many of you might, too. In fact, it could be a new favorite recipe for some of you! While I don’t believe that this recipe was modeled after any specific film stock, it does remind me a little of Ektachrome. Over the years there have been around 40 different emulsions that Kodak has given the brand name Ektachrome to, not to mention that one film may have had numerous updates and revisions (Ektachorme E100, for example), so it can be tough to know exactly which “Ektachrome” this might most closely resemble. Maybe E100 or E200 or even Elite Chrome? I’m certain that it’s not an exact match to any, but to me it has a general Ektachrome “memory color” (as Fujifilm puts it). Since I’m not sure what it most closely resembles, I’m simply calling it Chrome Slide . This Film Simulation Recipe is compatible with the Fujifilm X-Pro3, X100V, X-T4, X-S10, X-E4, and X-T30 II cameras. I believe that it is also compatible with X-Trans V models, such as X-H2, X-H2S, and the upcoming X-T5. Those with newer GFX cameras should be able to use it, too, although it will render slightly differently. Unfortunately, it is not compatible with the X-T3 or X-T30. Classic Negative Dynamic Range: DR400 Highlight: +1 Shadow: +1 Color: +4 Noise Reduction: -4 Sharpness: 0 Clarity: +3 Grain Effect: Weak, Small Color Chrome Effect: Strong Color Chrome Effect Blue: Strong White Balance: Daylight, -3 Red & +1 Blue ISO: Auto, up to ISO 6400 Exposure Compensation: 0 to +2/3 (typically) Example photographs, all camera-made JPEGs using this “Chrome Slide” Film Simulation Recipe on a Fujifilm X-E4 :",2590
fujifilm-x-e4-x-trans-iv-film-simulation-recipe-positive-film,Positive Film,Classic Negative,0,Classic Negative#0,,0
fujifilm-x-e4-x-trans-iv-film-simulation-recipe-september-summer,September Summer,Classic Negative,2,Classic Negative#2,"I get asked frequently to create Film Simulation Recipes that mimic various films, and occasionally the aesthetic of specific photographers. In the case of this recipe, someone wanted me to recreate the look of photographer Brian Chorski . While Brian’s images seem to have a cohesive style at first glance, upon closer inspection one can spot several subtle variations. After much research, I discovered that he primarily shoots film—both 35mm and medium-format—and he prefers Kodak emulsions, especially Portra 160, Portra 400, Portra 800, and Ektar 100. I believe that he uses a warming filter at least some of the time, perhaps most of the time. I think he tends to overexpose (a common color negative film technique), and (obviously) his scanning and post-editing play a role in the final outcome. Also, he shoots primarily in the warm summer months. I believe that several already existing Film Simulation Recipes at times come close to Brian’s look (some more than others), including Kodak Portra 160 , Kodak Portra 400 v2 ( this one, too ), Kodak Portra 400 Warm , Kodak Portra 800 v2 , Kodak Ultramax 400 , Kodak Max 800 , Kodak Ektar 100 , Vintage Vibes , Pacific Blues , Bright Summer , and Bright Kodak . I’m sure there are others, too. Still, some of Brian’s pictures don’t seem to match any of those recipes, so I came up with a new one. This recipe, which I’m calling September Summer , is intended to replicate the aesthetic of some of Brian Chorski’s photographs. It seems best suited for sunny conditions, producing warm images that will remind you of seemingly endless summer days (which are now waning). This “September Summer” Film Simulation Recipe is compatible with the Fujifilm X-Pro3 , X100V , X-T4, X-S10, X-E4, and X-T30 II cameras, but not the X-T3 and X-T30, unfortunately. I believe it is also fully compatible with the X-H2 and X-H2s, but I have not tried it to know for sure. Those with newer GFX cameras can use it, too, but it will render slightly different. I don’t think this is a recipe that most will use regularly, but I believe some of you will really appreciate it in the right conditions. Classic Negative Dynamic Range: DR400 Highlight: -1 Shadow: -1 Color: +1 Noise Reduction: -4 Sharpness: 0 Clarity: -4 Grain Effect: Weak, Small Color Chrome Effect: Off Color Chrome Effect Blue: Weak White Balance: 5500K, +3 Red & -7 Blue ISO: Auto, up to ISO 6400 Exposure Compensation: 0 to +1 (typically) Example photographs, all camera-made JPEGs using this “September Summer” Film Simulation Recipe on a Fujifilm X-E4 :",2556
fujifilm-x-e4-x-trans-iv-film-simulation-recipe-pacific-blues,Pacific Blues,Classic Negative,0,Classic Negative#0,"Sometimes—like “ Arizona Analog “— Film Simulation Recipes come together quickly, and sometimes—like this recipe—they don’t. This particular recipe has been in the works for over a year! I’ve made several attempts, and I finally feel satisfied that it is right—or at least as “right” as I’m going to get it. But what is it? I’ve had a few requests to mimic the aesthetic of Lucy Laucht ‘s Spirit of Summer series, particularly the Positano Blues photographs. Lucy is most known for shooting with Leica cameras—both film and digital—but she also uses others, and I wasn’t sure what she employed for this project. Recently I discovered that Positano Blues was shot on film, but (as far as I’ve found) she doesn’t discuss which film. I did find a reference (not related to this specific project) that mentioned she has used Kodak Gold and Kodak Portra, and that she digitally edits the film scans to some degree. She mentions using VSCO with her digital images, and I wonder if she also utilizes it with her film, too. When I first saw the pictures in this series, I thought it had a Classic Negative vibe—a film simulation that emulates Fujicolor Superia film. Lucy’s pictures are warmer than Superia typically is, but so much depends on how a film is shot, developed, scanned, etc., on how exactly it looks, and she certainly could have used warming filter. No matter the film and process used by Lucy, there’s a certain “look” to the Positano Blues photographs that is recognizable and beautiful—no wonder why people want to emulate it! While Lucy Laucht’s pictures have a recognizable aesthetic, there are subtle differences between the images. Once you study them closely, you realize that some are warmer and some are cooler. Colors are rendered slightly different in some pictures. In past attempts, I felt like I’d get it “right” for one picture but “wrong” for others; however, with this final attempt, I feel like it’s possible to get close to the “look” of most of the Positano Blues photos. I’m very satisfied with how this one turned out, and I know that many of you will appreciate it, too. Obviously it is intended for a summer day at the beach, but it will do well in many different daylight situations. This “Pacific Blues” Film Simulation Recipe is compatible with the Fujifilm X-Pro3, X100V, X-T4, X-S10, X-E4, and X-T30 II cameras. I assume that it will also work on the X-H2s and newer GFX cameras, but I haven’t tried it to know for sure. Classic Negative Dynamic Range: DR400 Highlight: -2 Shadow: +3 Color: +4 Noise Reduction: -4 Sharpness: -2 Clarity: -3 Grain Effect: Strong, Large Color Chrome Effect: Strong Color Chrome Effect Blue: Strong White Balance: 5800K, +1 Red & -3 Blue ISO: Auto, up to ISO 6400 Exposure Compensation: +2/3 to +1 (typically) Example photographs, all camera-made JPEGs using this “Pacific Blues” Film Simulation Recipe on a Fujifilm X-E4 :",2890
fujifilm-x-trans-iv-film-simulation-recipe-nostalgia-color,Nostalgia Color,Classic Negative,0,Classic Negative#0,"While on a road trip to Oregon, I was inspired to create a new Film Simulation Recipe . I wanted it to have nostalgic colors, reminiscent of photographs from my childhood. I didn’t have access to these pictures to examine, so I relied on my memory to create an aesthetic that looked “right” to me. This is what Fujifilm refers to as “memory color”—it seems correct when you see it, but perhaps wouldn’t hold up to a side-by-side comparison because our memories don’t always remember things accurately or precisely. This recipe reminds me of the look of those old photographs as I remember them, but is likely technically inaccurate in reality. I used Classic Negative as the base. The pictures in my mind were likely captured on both Kodak and Fujifilm emulsions, and some were likely printed on Kodak paper and some on Fujifilm paper. All of that (and much more) affects the look, so no one recipe could possibly mimic all of that, and perhaps this even skews my “memory color” of the pictures. I tried not to overthink it, and go more on feeling and instinct than intellect. I really like how this recipe turned out. I know some of you will appreciate it, and “Nostalgia Color” will become an instant favorite. Because this “Nostalgia Color” Film Simulation Recipe uses the Classic Negative film simulation, Color Chrome FX Blue , and Clarity , this is only compatible with the Fujifilm X-Pro3, X100V, X-T4, X-S10, X-E4, and X-T30 II cameras. If you have a newer GFX camera you can likely use this recipe, too, although I have not personally tried, and it will likely render the pictures slightly differently. Classic Negative Dynamic Range: DR400 Highlight: -1 Shadow: +3 Color: -2 Noise Reduction: -4 Sharpening: -2 Clarity: -4 Grain Effect: Strong, Large Color Chrome Effect: Strong Color Chrome Effect Blue: Weak White Balance: 6700K, -4 Red & -1 Blue ISO: Auto, up to ISO 6400 Exposure Compensation: +1/3 to +1 (typically) Example photographs, all camera-made JPEGs using this “Nostalgia Color” Film Simulation Recipe on my Fujifilm X-E4 & Fujifilm X100V :",2063
fujifilm-x-e4-x-trans-iv-film-simulation-recipe-nostalgic-print,Nostalgic Print,PRO Neg,2,PRO Neg#2,"My wife, Amanda, visited her mom, and when she returned home she had a 4″ x 6″ print. “I thought you’d find this interesting,” she said as she handed it to me. I looked at it carefully—front and back—then set out to recreate the look on my Fujifilm X-E4 . I have no idea what film was used to capture the picture (other than it was a color negative film), but it was about 20-years-old (based on the subject), definitely from a cheap point-and-shoot of some sort (possibly a disposable camera), it was printed on Fujicolor paper at a one-hour lab, and was likely faded from improper storage. I only had one picture to go off of, but I feel I nailed the aesthetic of it pretty darn closely. Perhaps more importantly, I really like the look of this recipe. It is the most nostalgic-analog-like results that I’ve ever achieved from the PRO Neg. Std film simulation. It reminds me a little of the Kodak High Definition Plus 200 recipe , but with less contrast and less saturation. I’ve enjoyed shooting with this one—it’s definitely not for everyone or every situation; however, some of you will really appreciate it in the “right” situations. This “Nostalgic Print” Film Simulation Recipe is compatible with the Fujifilm X-Pro3, X100V, X-T4, X-S10, X-E4, and X-T30 II cameras. Those with newer GFX cameras can likely use it, too. For those with the X-T3 and X-T30 (or older GFX cameras), if you ignore Color Chrome FX Blue and Grain size (since your camera doesn’t have those), and replace Clarity with a diffusion filter (such as a 10% CineBloom), you can get pretty close to this look; for X-Trans III, you’ll have to additionally ignore Color Chrome Effect (since you don’t have it)—the results will be slightly more different, but still pretty similar overall. PRO Neg. Std Dynamic Range: DR400 Highlight: -2 Shadow: 0 Color: -4 Noise Reduction: -4 Sharpness: -2 Clarity: -3 Grain Effect: Strong, Small Color Chrome Effect: Weak Color Chrome Effect Blue: Weak White Balance: 4700K, -3 Red & -4 Blue ISO: Auto, up to ISO 6400 Exposure Compensation: +2/3 to +1 (typically) Example photographs, all camera-made JPEGs using this “Nostalgic Print” Film Simulation Recipe on a Fujifilm X-E4:",2186
new-nostalgic-negative-film-simulation-x-trans-iv-nostalgic-negative-recipe,Nostalgic Negative,Classic Chrome,1,Classic Chrome#1,"The upcoming Fujifilm GFX100S has a brand new film simulation called Nostalgic Negative. Even though this camera hasn’t even been released yet, I’ve had many requests to create a film simulation recipe for it. That’s a tough challenge because there’s so little about Nostalgic Negative that’s known and very few sample pictures floating around the internet. Back when Eterna was new—before I had a chance to try it myself— I made a faux “Eterna” recipe , and it turned out to be not particularly close. Even though it didn’t faithfully mimic Eterna, it’s one of the more popular recipes on this website. When Classic Negative first came out, I made a faux “Classic Negative” recipe , and even though it also turned out to be not particularly close, I’ve had several people tell me that it’s their favorite recipe. There’s two important points to this: 1) this “Nostalgic Negative” recipe will likely turn out to be an inaccurate facsimile to the real Nostalgic Negative film simulation and 2) there are people who love it anyway. With that disclaimer out of the way, let’s get into what Nostalgic Negative is and how you can achieve a similar aesthetic on your Fujifilm X camera. Fujifilm stated that the Nostalgic Negative film simulation is based on “American New Color” photography of the 1970’s. They studied photographs by William Eggleston, Stephen Shore, Joel Sternfeld and Richard Misrach in order to create it. Eggleston and Sternfeld largely shot on Kodachrome—II and X in the early 1970’s, 25 and 64 in the late ’70’s—while Shore shot mostly Kodacolor, and Misrach shot a lot of Vericolor. All of those are Kodak films, but with different aesthetics. These four photographers had different styles and different darkroom processes, and they each had a unique look; the commonality that Fujifilm found was an “overall atmosphere based on amber.” That’s a basic explanation of what Nostalgic Negative is. I didn’t count, but I’d estimate that I found about 20 examples of the Nostalgic Negative film simulation on the internet. I noticed that there were some large discrepancies between the pictures, as some looked much different than others. I wondered if the default settings were used on some images and not others, and if some of them weren’t straight-out-of-camera but had received some level of post-processing. I also wondered if Nostalgic Negative behaves similarly to Classic Negative in that the aesthetic changes a little depending on the exposure. There’s a lot of uncertainty to what exactly the new film simulation looks like. Overall, I think you can expect something along the lines of Eterna gradation, the Classic Chrome color palette (however, with a warm shift), and vibrancy a little beyond Astia. Low-contrast, high-saturation and warm is a quick synopsis of Nostalgic Negative.",2809
fujifilm-x-trans-iv-film-simulation-recipe-vintage-negative,Vintage Negative,Classic Negative,0,Classic Negative#0,,0
fujifilm-x100v-x-trans-iv-film-simulation-recipe-vintage-color,Vintage Color,Eterna,1,Eterna#1,"This particular Film Simulation Recipe is one that I’m especially proud of. I was tasked to create some settings that mimic the aesthetic of Lisa Sorgini’s Behind Glass project, and I believe I got pretty close. I have no idea if Lisa shoots digital or film, and, if film, what film and process, but my suspicion is that it’s digital post-processed to have a vintage analog look. This recipe captures that aesthetic quite well. I call it Vintage Color . What I like most about this “Vintage Color” recipe, and it was a great surprise when I discovered it, is that it’s pretty close to the aesthetic of famed Hudson River School painter Albert Bierstadt , particularly his Yosemite paintings. It may not mimic any specific film, but, no doubt about it, this is an artist’s recipe! I know that many of you will absolutely love it, and it will quickly become a fan favorite. It’s a personal favorite of mine.",905
fujifilm-x-pro3-x-trans-iv-film-simulation-recipe-vintage-color-v2,Vintage Color v2,Classic Negative,0,Classic Negative#0,"This “Vintage Color v2” recipe is a modification of the original Vintage Color Film Simulation Recipe . In the comments, Thomas Schumacher suggested using Classic Negative instead of Eterna. Sometimes when you try a different film simulation than what the recipe calls for, you discover interesting results . Well, I gave it a try and loved the results; however, I made a couple more modifications. Because Classic Negative has a lot more contrast built into it than Eterna, I chose DR400 (instead of DR200) to help prevent clipped highlights. Classic Negative also has more saturation than Eterna, so I set Color to -1 (instead of +1). I also changed Clarity to -3 (instead of -2) just to soften it a tad. The results produced by this “Vintage Color v2” recipe can be absolutely fantastic! This recipe has almost two different looks, depending on the exposure. You can reduce exposure a little—go almost low-key—and get a wonderfully moody feel. You can also increase exposure a little—go almost high-key—and achieve something somewhat similar to overexposed Fujicolor Pro 400H. You can get beautiful pictures either way. Or split the difference and still get excellent results. This “Vintage Color v2” recipe is compatible with the Fujifilm X-Pro3, X100V , X-T4, X-S10, X-E4 , and X-T30 II cameras. As a reminder, Clarity causes the camera to pause for a moment after each shot. I use the pause to slow myself down, but if you need to be quick, and if you shoot RAW+JPEG, you can always set Clarity to 0, and add it later by reprocessing the RAW file in-camera. Classic Negative Dynamic Range: DR400 Highlight: +2 Shadow: +3 Color: -1 Noise Reduction: -4 Sharpness: -2 Clarity: -3 Grain Effect: Strong, Large Color Chrome Effect: Strong Color Chrome Effect Blue: Strong White Balance: 7350K, -1 Red & -4 Blue ISO: Auto, up to ISO 6400 Exposure Compensation: 0 to +1 (typically) Example photographs captured using this “Vintage Color v2” film simulation recipe on a Fujifilm X-Pro3:",1983
fujifilm-x-e4-x-trans-iv-film-simulation-recipe-vintage-analog,Vintage Analog,Classic Negative,3,Classic Negative#3,"This Film Simulation Recipe was suggested to me by someone… and I’m sorry to say that I don’t remember who (if it was you, let me know in the comments!). This recipe is basically my Vintage Kodacolor recipe , but with a couple modifications: Classic Negative instead of Classic Chrome, plus Color Chrome FX Blue and Clarity . Sometimes when you use a different film simulation than what a recipe calls for, the results can be interesting. I programmed this recipe into my Fujifilm X-E4 , noticed that it produced good results, and then I kind of forgot about it for awhile. I recently “rediscovered” it in my C1-C7, and used it for several days, enjoying the warm vintage-like images that this recipe produces. Most of these pictures were captured through vintage glass, as I adapted some old lenses to my X-E4. The main one was a Helios 44-2, but a couple Asahi Takumars were used, too. Using old manual lenses is something that I enjoy doing, and this recipe pairs really well with them. I also used a 10% CineBloom filter on some of the pictures; diffusion filters help to take the “digital edge” off of images, and produce a more analog-esque aesthetic—I don’t use them all of the time, and I think subtlety is key. Because this “Vintage Analog” Film Simulation Recipe use Classic Negative, Color Chrome FX Blue , and Clarity , it is compatible with the Fujifilm X-Pro3, X100V, X-T4, X-S10, X-E4, and X-T30 II cameras, but not the X-T3 or X-T30. Those with the X-H2s (and soon-to-be X-H2) can likely use it, too, but I haven’t tested it myself to know for sure. Why does this recipe use Color Chrome FX Blue and Clarity when the Vintage Kodacolor recipe that it is derived from doesn’t? I don’t know (and if I was told I don’t remember). But it looks good, so what can I say? I hope you enjoy it! Classic Negative Dynamic Range: DR200 Highlight: +2 Shadow: 0 Color: -4 Noise Reduction: -4 Sharpness: -1 Clarity: -2 Grain Effect: Strong, Small Color Chrome Effect: Off Color Chrome Effect Blue: Weak White Balance: 9100K, -4 Red & +4 Blue ISO: Auto, up to ISO 6400 Exposure Compensation: -1/3 to +1/3 (typically) Example photographs, all camera-made JPEGs using this “Vintage Analog” Film Simulation Recipe on a Fujifilm X-E4:",2229
vintage-print-fujifilm-x-e4-x-trans-iv-film-simulation-recipe,Vintage Print,Classic Negative,0,Classic Negative#0,"This Film Simulation Recipe began when my wife suggested that I should try to emulate a certain look that she had found. I wasn’t successful, but in my efforts I discovered these settings, which I thought looked interesting nonetheless. They remind me of vintage color prints—not from any specific film or process, but just my “memory color” (as Fujifilm puts it) of some old prints that I’ve seen in the past. It has almost a classic magazine quality to it, or even a bit of a post-card resemblance. Whatever it may or may not look like, it definitely has a vintage-like aesthetic that some of you might really appreciate. Most of these pictures were captured using manual vintage lenses, including—actually, mainly —a Helios 44-2. I also used a 5% CineBloom or 10% CineBloom filter with about half of them. I did this to help achieve an analog aesthetic. The use of vintage glass and diffusion filters aren’t required for this recipe, but you are certainly welcome to do so if you want—I think they help a little to take the digital edge off of the pictures .",1061
fujifilm-x-trans-iv-film-simulation-recipe-vintage-vibes,Vintage Vibes,Classic Negative,0,Classic Negative#0,"Accidents happen. Sometimes they’re happy accidents that lead to great discoveries, and sometimes they’re not. An example of one that wasn’t happy is when Omar Gonzalez accidentally used Classic Chrome instead of Classic Negative with the Agfa Vista 100 film simulation recipe . When I saw it, I thought, “You know, I’m going to make this mistake work, and call it ‘Agfa Vista Baby’—I just need to figure out what situations it works well in.” But, try as I might, Agfa Vista using Classic Chrome instead of Classic Negative just doesn’t look good. Sorry, Omar. An example of a happy accident is this recipe—it was discovered by mistake, but I’m very glad to have made that mistake. You see, back in the fall I was shooting in Montana with what was at the time a brand-new yet-to-be-published recipe that’s now known as Kodak Portra 400 v2 . Somehow I managed to accidentally change the film simulation from Classic Chrome to Classic Negative, and I shot a number of frames with this before I realized my mistake. As I reviewed the pictures I realized that the results were pretty good, and that this mistake was actually good fortune. As Lefty Gomez coined, “I’d rather be lucky than good.” What does this film simulation recipe resemble? Of course, since it’s based on the Classic Negative film simulation, it has a Superia-like aesthetic, as that is what Classic Negative is modeled after. But to me it feels more vintage than Superia. I kept thinking that I’ve seen this look before. Not every picture makes me feel this way, but some— Autumn Aspen , Mill Creek , Blossoming Branch , etc.—seem to have this vintage vibe that I recognize from somewhere. But where? I was digging through some old issues of Arizona Highways Magazine , which, if you are unaware, is full of fantastic photography—Ansel Adams was a fairly regular contributor back in the day—and I found a very similar aesthetic on the pages of that magazine. From the mid-1960’s through the early-1980’s, there are images with this look, by numerous photographers. I did research in an attempt to discover what films were used for those pictures, but unfortunately that was largely a dead-end. I’m not sure if it’s a specific film that creates this look (and, if so, which one?), or if it’s a byproduct of the printing process that was used, or the fading ink, or a combination of all that, but this film simulation recipe, which I call “Vintage Vibes” for lack of a better name, can be, in the right situations, very similar. It’s also similar, in the right situations, to Fujicolor Superia. Whatever it looks like, it looks good, and I know that many of you will appreciate this recipe. I’ve been wanting to get this recipe out for awhile. Sometimes it takes time. Now it’s finally ready! This “Vintage Vibes” film simulation recipe is compatible with the Fujifilm X100V, X-Pro3, X-T4, X-S10 and X-E4 cameras. Classic Negative Dynamic Range: DR400 Highlight: 0 Shadow: -2 Color: +2 Noise Reduction: -4 Sharpening: -2 Clarity: -2 Grain Effect: Strong, Small Color Chrome Effect: Strong Color Chrome Effect Blue: Weak White Balance: 5200K, +1 Red & -6 Blue ISO: Auto, up to ISO 6400 Exposure Compensation: +1/3 to +1 (typically) Example photographs, all camera-made JPEGs using this “Vintage Vibes” film simulation recipe on my X100V and X-E4 :",3311
fujifilm-x100v-x-trans-iv-film-simulation-recipe-timeless-negative,Timeless Negative,Eterna,0,Eterna#0,"I purchased the Fujifilm X-T5 specifically to try the Nostalgic Neg. film simulation, then, after using it, I discovered Nostalgic Neg. has a lot in common with Eterna . I initially stated that the new film simulation is as if Classic Chrome and Eterna had a baby—it has some similarities to both—but it is more like Eterna than Classic Chrome. If a Nostalgic Neg. recipe calls for minus Color, it’s possible to fairly closely approximate it with Eterna. One difference is that Nostalgic Neg. has more warmth and vibrancy in the shadows, which is unique to the new film simulation, but otherwise you can get pretty close. This Film Simulation Recipe is a facsimile of Timeless Negative for X-Trans V cameras, using Eterna instead of the Nostalgic Neg., as only the latest cameras have the new film simulation. I think many of you are going to like it because it produces very lovely images in a variety of situations. It’s great for daylight, nighttime, golden hour, overcast, indoor, portraits, landscapes, etc., etc.. Once you program this one into your camera, you might not ever replace it, since it does so well in a lot of scenarios.",1139
eterna-summer-fujifilm-x-trans-iv-x-trans-v-film-simulation-recipe,Eterna Summer,Eterna,0,Eterna#0,"This new Eterna Summer Film Simulation Recipe wasn’t modeled after any specific film; instead I looked at Classic Chrome for inspiration. I wanted a picture aesthetic that could hold its own placed next to various Classic Chrome Recipes, such as Kodak Portra 400 v2 and Kodachrome 64 . I didn’t want to replicate a specific Recipe, but create a brand-new look that was just somewhat similar to those, and would seem consistent when placed in a photo series that also had some Classic Chrome pictures in it. You might ask why I did this—why not just use Classic Chrome? Eterna has a unique tonality—perhaps you could describe it as cinematic—that Classic Chrome doesn’t. The PRO Neg. Std and (especially) Nostalgic Neg. film sims can be adjusted to be similar, but they’re not exactly the same. Achieving generic Kodak-like colors paired with Eterna’s tonality was the goal, and this Eterna Summer Recipe does that well, producing a lovely analog-like rendered. This Eterna Summer Film Simulation Recipe is great for sunny daylight photography, delivering warm summertime vibes. It’s compatible with “newer” X-Trans IV models—Fujifilm X-T4, X-S10, X-E4 & X-T30 II—as well as fifth-generation cameras, which (as of this writing) are the X-H2s, X-H2, X-T5, X-S20 & X100VI. Just make sure to use the correct Color Chrome FX Blue setting for your model. I’m certain that you can use it on the newer GFX cameras, although it will likely render ever so slightly different (try it anyway). Example photographs, all camera-made JPEGs captured using this Eterna Summer Film Simulation Recipe on my Fujifilm X-E4: Example photographs, all camera-made JPEGs captured using this Eterna Summer Film Simulation Recipe on my Fujifilm X-T5: This post contains affiliate links, and if you make a purchase using my links I’ll be compensated a small amount for it. Fujifilm X-T5 in black: Amazon , B&H , Moment , Wex , Nuzira Fujifilm X-T5 in silver: Amazon , B&H , Moment , Wex , Nuzira",1967
fujifilm-x-trans-iv-film-simulation-recipe-eterna-v2,Eterna v2,Eterna,0,Eterna#0,"One of my favorite film simulations is Eterna. There’s a special quality to it that’s different than the other film simulations, with its low contrast and muted colors. Yes, you can get pretty close to Eterna using PRO Neg. Std , but you cannot completely match the lovely subtle tonality of it. I think the Eterna film simulation is a little underrated, as it’s a great base for crafting recipes, and I was eager to create a new look with it—so I did! Real Eterna is a motion picture film. Actually, there have been a number of different film stocks that Fujifilm has given the name Eterna to. The film simulation of the same name doesn’t exactly match any specific Eterna film, yet it has a great general Eterna cinematic feel. In my opinion, the Eterna film simulation is good for achieving an analog color negative film aesthetic. The first recipe that I created that uses the Eterna film simulation is simply called Eterna , and I really like how that one turned out. I wanted to make something similar, but not identical, using the additional JPEG options that Fujifilm has added to their newer X-Trans IV cameras. I wanted a warm vintage film look—something that could possibly be confused as being actual analog—without being based on any specific film. I think it looks pretty good, and I hope that you do, too. Because this film simulation recipe requires the new Auto White Priority white balance , it is only compatible with the X-T4, X-S10 and X-E4; however, for outdoor natural light photography, using Auto white balance will produce identical results, which means that you can use this Eterna v2 recipe with the X100V and X-Pro3! For indoor artificial light photography, using Auto white balance will produce overly warm images, so Auto White Priority works better, but right now only the three newest Fujifilm X cameras have that option. For the X-T3 and X-T30, in addition to using Auto white balance, you’ll have to disregard Color Chrome Effect Blue and Clarity , and consider setting Highlight to +2 and Shadow to +1 plus Sharpness to -2 to compensate, as well as disregard Grain size (simply use Strong). It won’t be identical, but it will be very similar—I tested it out on my X-T30 and it works. Eterna Dynamic Range: DR400 Highlight: +3 Shadow: +2 Color: +3 Noise Reduction: -4 Sharpness: 0 Clarity: -3 Grain Effect: Strong, Small Color Chrome Effect: Strong Color Chrome Effect Blue: Strong White Balance: Auto White Priority (X100V + X-Pro3: Auto ) , +4 Red & -7 Blue ISO: Auto, up to ISO 6400 Exposure Compensation: +1/3 to +2/3 (typically) Example photographs, all camera-made JPEGs using this “Eterna v2” film simulation recipe on my Fujifilm X-E4 :",2679
vintage-eterna-fujifilm-x-trans-v-x-trans-iv-x-h1-film-simulation-recipes,Vintage Eterna,Eterna,0,Eterna#0,"The premise of this Film Simulation Recipe was simple: what would my Vintage Kodachrome Recipe look like if I used Eterna instead of Classic Chrome? As it turns out, it looks alright; however, after I made a few more modifications, it looks much better! The Vintage Eterna Film Simulation Recipe is actually three Recipes: one for the X-H1, X-T3, and X-T30, another for the other X-Trans IV models (X-Pro3 and newer), and one for X-Trans V cameras. I initially created this on my Fujifilm X-E4 , but then I wanted a version for my X-H1, so I made a recipe compatible with that camera, and also used it on my X-T30. Later, I made a small modification for use on my X-T5, since X-Trans V cameras render blue more deeply on some film simulations. If you have an X-H1 or any X-Trans IV or V camera, you can use the Vintage Eterna Recipe—just find the version below that’s compatible with your model. While this Recipe wasn’t modeled after any specific emulsion, it definitely has a vintage film vibe. It’s vaguely reminiscent of color photographs from the 1950’s or ’60’s shot on Kodak film. It also has a bit of a cinematic quality to it. I don’t think this will be anyone’s favorite Recipe for everyday photography, but I suspect that some of you will love it for occasional use when retro results are desired. It pairs well with vintage glass or cheap third-party lenses with character.",1385
fujifilm-x-e4-x-trans-iv-film-simulation-recipe-arizona-analog,Arizona Analog,Eterna,0,Eterna#0,"Inspiration can come suddenly and unexpectedly, and it’s important to be open to it when it comes. I was at the grocery store the other day, waiting in line to checkout, standing right next to the magazine stand. My wife points out the latest issue of Arizona Highways , which I previously subscribed to, but (with my move from Utah) I let the renewal lapse. She says, “Wanna get it?” I shake my head no, then begin to load the groceries onto the belt. I didn’t want to get it because the subscription price for a year is the same price as four issues at the stand, and because I’m pretty busy right now (still unpacking boxes and such) and I might not read it anyway. “Do you mind getting me an iced coffee?” My wife asked a moment later. Then, pointing at the stuff on the belt, she stated, “I’ve got this.” There’s a Starbucks in the grocery store, and I was happy to jump out of the line and get a couple of coffees. A few minutes later, just as the barista was done with our order, my wife walks up with the basket of bagged groceries. Sitting right on top was the Arizona Highways magazine. When we got home, after unloading the car and putting everything away, I thumbed through the August issue. On page 10 was a photograph by Scott Baxter of a rancher wrangling cattle, which was in a small article called Sierra Bonita Ranch (the picture can be seen if you click the link—click on the picture to see the whole thing—I find it interesting how different it appears on my screen vs in the magazine). I grabbed my Fujifilm X-E4 and threw in some settings that I thought might be close. I snapped a few photos in the yard, then showed my wife. “Those look good,” she said. “This is where I got the inspiration,” I stated as I showed her Scott’s picture in the magazine. She viewed the picture, then gave me a puzzled look. “We’ve only been home 10 minutes. You made this recipe from that picture?” “Yes!” I replied with a smile. “Wow,” she said, “that’s really amazing!” This recipe isn’t a 100% accurate match to Scott’s picture—it’s pretty close, but not perfect. Not surprising, it’s closer to the printed aesthetic than the digital look, as I hadn’t yet seen it online when I created the recipe. I considered attempting to more closely replicate the aesthetic of the picture, but I really like the look of this recipe—accurate or not—so I decided not to change it. I have no idea what Scott used to capture his picture… apparently he shoots a mix of film and digital. Thanks to Scott Baxter, Arizona Highways , and my wife’s thoughtful gesture, the inspiration for this recipe came quickly. It was one of the fastest recipes that I’ve ever created. Certainly it’s not for every person or every situation, but I’m sure for some of you in the right situations, you’ll appreciate the aesthetic that this “Arizona Analog” Film Simulation Recipe delivers. It’s compatible with the Fujifilm X-Pro3, X100V, X-T4, X-S10, X-E4, and X-T30 II cameras—I assume the new X-H2s, too, but I haven’t yet tested it on X-Trans V. Eterna Dynamic Range: DR400 Highlight: -1 Shadow: +3 Color: -2 Noise Reduction: -4 Sharpness: -2 Clarity: -3 Grain Effect: Strong, Small Color Chrome Effect: Weak Color Chrome Effect Blue: Weak White Balance: Daylight, +6 Red & -3 Blue ISO: Auto, up to ISO 6400 Exposure Compensation: +1/3 to +1 (typically) Example photographs, all camera-made JPEGs using this “Arizona Analog” Film Simulation Recipe on a Fujifilm X-E4:",3441
1960-chrome-fujifilm-x-t5-x-trans-v-x-e4-x-trans-iv-film-simulation-recipe,1960 Chrome,Eterna Bleach Bypass,0,Eterna Bleach Bypass#0,"This Film Simulation Recipe was created at the same time as Classic Color , Nostalgic Americana , Eterna Summer , and Astia Azure . These five Recipes were intended to work well together—could all be used in a single series or project—however, 1960 Chrome is the largest outlier of the group. It uses the Eterna Bleach Bypass film simulation, which has high contrast and low saturation, with a slight reddish tint. The inspiration for 1960 Chrome came from several photographs in various vintage issues of Arizona Highways magazine from the 1960’s. While sometimes the publication provided detailed information on the photographs, sometimes they did not; from the instances where information was provided, the film used appears to be Ektachrome, perhaps from the 1950’s—likely E2 or E3 process. I’m sure the printing process and the age of the magazine play a significant role in the aesthetic as it appears today. In any event, this Recipe has a strong vintage color film aesthetic. This 1960 Chrome Film Simulation Recipe is compatible with all fifth-generation X-Trans cameras, which (as of this writing) are the Fujifilm X-H2s, X-H2, X-T5, X-S20, X100VI, and X-T50, as well as “newer” X-Trans IV models—specifically, the X-T4, X-S10, X-E4, and X-T30 II. I’m sure it can be used on several GFX cameras, but will likely render slightly different (try it anyway). For X-Trans V, set Color Chrome FX Blue to Off, and for X-Trans IV set Color Chrome FX Blue to Weak. Example photographs, all camera-made JPEGs captured by my son, Jonathan, using this 1960 Chrome Film Simulation Recipe on a Fujifilm X-E4: Example photographs, all camera-made JPEGs captured using this 1960 Chrome Film Simulation Recipe on my Fujifilm X-T5: This post contains affiliate links, and if you make a purchase using my links I’ll be compensated a small amount for it. Fujifilm X-T5 in black: Amazon , B&H , Moment , Wex , Nuzira Fujifilm X-T5 in silver: Amazon , B&H , Moment , Wex , Nuzira",1967
1981-kodak-fujifilm-x100v-x-trans-iv-film-simulation-recipe,1981 Kodak,Eterna,0,Eterna#0,"My wife, Amanda, ran across some old family pictures in her mom’s photo box. These prints were made in July of 1981—a date stamped on the back—and printed on Kodak paper. The other technical details are unknown, but most likely they were captured with a cheap point-and-shoot of some sort (possibly even a 110 camera) with Kodacolor II color negative film, which was the most popular amateur emulsion of that era. Due to age and improper storage, the prints are fading, with a pronounced orange (sometimes yellow, sometimes red) cast, and colors overall less vibrant than they once were. The set was mostly personal family pictures, and many of them were scratched and damaged, but I did scan two of the prints, which you’ll find below. I thought that the aesthetic was interesting, so I began to develop a Film Simulation Recipe inspired by these photographs. It took a couple of days—and a few compromises, as I was unable to match it exactly—but I was able to create a look that mimics the general feel of those old pictures made in 1981 and printed on Kodak paper, which is the reason why I call this Recipe 1981 Kodak . This 1981 Kodak Film Simulation Recipe is compatible with all Fujifilm X-Trans IV cameras except the X-T3 and X-T30, which is to say that you can use it on the X-Pro3, X100V, X-T4, X-S10, X-E4, and X-T30 II. For the Fujifilm X-T3 and X-T30, ignore Grain size and Color Chrome FX Blue, and use a diffusion filter (such as a 10% or 20% CineBloom) in lieu of Clarity. For X-Trans V, because some film sims render blue more deeply , it will look slightly different, but try it anyway. Example photographs, all camera-made JPEGs captured using this 1981 Kodak Film Simulation Recipe on my Fujifilm X100V :",1725
fujifilm-x100v-film-simulation-recipe-fujicolor-reala-100,Fujicolor Reala 100,Classic Negative,1,Classic Negative#1,"Amusement Poles – Farmington, UT – Fujifilm X100V – “Fujicolor Reala 100” Fujicolor Reala 100 was Fujifilm’s first Superia film, even though initially it did not have Superia in the name. Superia films shared Fuji’s “4th layer technology” and Reala was the first to have it, but Reala was marketed towards “pro” photographers while Superia was marketed towards “consumer” photographers. Eventually Fujifilm added Superia to Reala’s name. There were several different versions of Reala manufactured, including a high-ISO Tungsten one made for motion pictures, but Reala 100 was the most popular. The Classic Negative film simulation is “modeled after” Superia with “Superia-like” colors, so it’s the best starting point for a Reala recipe. Reala 100 was very similar to Superia 100, but Superia 100 was intended for “general purpose” photography while Reala 100 was intended for portrait photography (interestingly, my wedding photos were shot on Reala). Colors are rendered a little differently between the two films, especially blue, which is deeper and more saturated on Reala, despite Reala being overall slightly less saturated than Superia 100. You’ll find that this recipe and my Fujicolor Superia 100 recipe replicate these differences quite nicely. Reala film was discontinued in 2013. Tunnel & Fountain – Farmington, UT – Fujifilm X100V – “Fujicolor Reala 100” This Fujicolor Reala 100 film simulation recipe is a great all-around option. It looks good under many circumstances. The aesthetic of this recipe is very close to my Superia 100 recipe, and I’m not sure which one I like better. This one is better for stronger blues, and the other is better for stronger reds, but they’re not far apart from each other. Unfortunately, as of this writing, this Reala recipe is only compatible with the Fujifilm X100V, X-Pro3 and X-T4 cameras. Classic Negative Dynamic Range: DR400 Highlight: -1 Shadow: -1 Color: +0 Noise Reduction: -4 Sharpening: -2 Clarity: -3 Grain Effect: Weak, Small Color Chrome Effect: Strong Color Chrome Effect Blue: Strong White Balance: Daylight, 0 Red & 0 Blue ISO: Auto, up to ISO 6400 Exposure Compensation: 0 to +1 (typically) Example photographs, all camera-made JPEGs using this Fujicolor Reala 100 film simulation recipe on my Fujifilm X100V: Ferris Wheel – Farmington, UT – Fujifilm X100V Ferris Wheel Through The Trees – Farmington, UT – Fujifilm X100V Hands Raised – Farmington, UT – Fujifilm X100V Blue Coaster – Farmington, UT – Fujifilm X100V Waterless Waterslides – Farmington, UT – Fujifilm X100V Umbrella Ride – Farmington, UT – Fujifilm X100V Green Trees, Blue Sky – Farmington, UT – Fujifilm X100V Cat Statue – Farmington, UT – Fujifilm X100V Ride Operator – Farmington, UT – Fujifilm X100V Waiting to Fly – Farmington, UT – Fujifilm X100V Sunstar Tree – Farmington, UT – Fujifilm X100V Backlit Fountain – Farmington, UT – Fujifilm X100V Flowerbed – Farmington, UT – Fujifilm X100V Field of Wildflowers – Farmington, UT – Fujifilm X100V Potted Blooms – Farmington, UT – Fujifilm X100V Flowers in a Garden – Farmington, UT – Fujifilm X100V Blossoms Along a Fence – Farmington, UT – Fujifilm X100V Red Blossoms – Farmington, UT – Fujifilm X100V Covered Wagon – Farmington, UT – Fujifilm X100V Man Waiting – Farmington, UT – Fujifilm X100V Standing, Waiting – Farmington, UT – Fujifilm X100V Corner – Farmington, UT – Fujifilm X100V Puddle Reflections – Farmington, UT – Fujifilm X100V Stroller – Farmington, UT – Fujifilm X100V Almost – Farmington, UT – Fujifilm X100V Please Unload Children – Farmington, UT – Fujifilm X100V Lying on a Bench – Farmington, UT – Fujifilm X100V Pink Hair Bow – Farmington, UT – Fujifilm X100V Backpack – Farmington, UT – Fujifilm X100V Josh Riding Carousel – Farmington, UT – Fujifilm X100V Happy Jon – Farmington, UT – Fujifilm X100V Map on a Fence – Farmington, UT – Fujifilm X100V Woodford, Iowa – Farmington, UT – Fujifilm X100V Forest Trees – Fruit Heights, UT – Fujifilm X100V Windshield Rain – Fruit Heights, UT – Fujifilm X100V See also: Film Simulation Recipes This post contains affiliate links, and if you make a purchase using my links I’ll be compensated a small amount for it. Fujifilm X100V Black Amazon B&H Fujifilm X100V Silver Amazon B&H Nobody pays me to write the content found on fujixweekly.com. There's a real cost to operating and maintaining this site, not to mention all the time that I pour into it. If you appreciated this article, please consider making a one-time gift contribution. Thank you!",4502
fujifilm-x100v-film-simulation-recipe-fujicolor-superia-100,Fujicolor Superia 100,Classic Negative,1,Classic Negative#1,"Rose Garden – Farmington, UT – Fujifilm X100V – “Fujicolor Superia 100” The new Classic Negative film simulation that’s found on Fujifilm’s latest cameras is intended to mimic Fujicolor Superia. Fujifilm doesn’t state which version of the film it’s intended to resemble; Fujifilm simply says that it’s “modeled after” Superia with “Superia-like” colors. They did very well in creating it, as it is unmistakably Superia. To me, straight-out-of-the-box Classic Negative most closely resembles Superia 200, although it’s not an exact match (but pretty close). There were at least a dozen different versions of Superia made by Fujifilm beginning in 1998, and a couple are still available today. I believe that Classic Negative can be made to resemble many of these different films. I started with Fujicolor Superia 100. Superia 100 is a daylight balanced color negative film that Fujifilm produced between 1998 and 2009. It replaced Fujicolor Super G Plus 100, which, honestly, didn’t look all that much different. Superia 100 had improved grain, sharpness, and more accurate color under florescent light. Under normal conditions, and without a close inspection, the two films looked quite similar. Superia was a “consumer” film that was widely found in drug and convenient stores. It was regularly used for family snapshots, but was also popular among photojournalists, as well as portrait and wedding photographers. Superia 100 was marketed as a “general use” low-ISO color film. Like the film, this Fujicolor Superia 100 film simulation recipe serves as a general use option. Sunset Behind the Reeds – Farmington, UT – Fujifilm X100V – “Fujicolor Superia 100” I think many of you will really appreciate this film simulation recipe. It has fairly low contrast, but not too low, and produces very nice colors. It has a nostalgic quality to it, since the film that it’s based on was widely used for family snapshots in the 1990’s and 2000’s. You can use it for portraits or street photography or landscapes—really, it’s good for most situations. Unfortunately, as of this writing, this Fujicolor Superia 100 film simulation recipe is only compatible with the Fujifilm X-Pro3, X100V and X-T4 cameras. This recipe does use the new Clarity feature , and you should be aware that it slows down the camera considerably. Classic Negative Dynamic Range: DR-Auto Highlight: -1 Shadow: -2 Color: +1 Noise Reduction: -4 Sharpening: -2 Clarity: -2 Grain Effect: Weak, Small Color Chrome Effect: Strong Color Chrome Effect Blue: Weak White Balance: Daylight, 0 Red & -1 Blue ISO: Auto, up to ISO 6400 Exposure Compensation: +1/3 to +2/3 (typically) Example photographs, all camera-made JPEGs using this Fujicolor Superia 100 film simulation recipe on my Fujifilm X100V: Under the Green Canopy – Farmington, UT – Fujifilm X100V Light Through The Trees – Farmington, UT – Fujifilm X100V Red Tree – Farmington, UT – Fujifilm X100V Pagoda – Farmington, UT – Fujifilm X100V Pink Tree – Farmington, UT – Fujifilm X100V Nearly Empty Park – Farmington, UT – Fujifilm X100V Waiting Alone – Farmington, UT – Fujifilm X100V Fascinating – Farmington, UT – Fujifilm X100V Fanatic Family – Farmington, UT – Fujifilm X100V Grandmother & Grandson – Farmington, UT – Fujifilm X100V Thirsty Peacock – Farmington, UT – Fujifilm X100V Give it Back – Farmington, UT – Fujifilm X100V Red & Blue Benches – Farmington, UT – Fujifilm X100V Lagoon Railroad – Farmington, UT – Fujifilm X100V Patriotic Boy – Farmington, UT – Fujifilm X100V Ride is Closed – Farmington, UT – Fujifilm X100V Nervously Ready for Tea Cup Ride – Farmington, UT – Fujifilm X100V Do Not Enter – Farmington, UT – Fujifilm X100V Rocks by the Raging River – Farmington, UT – Fujifilm X100V Leaves Above Farmington Creek – Farmington, UT – Fujifilm X100V Storm Above – Farmington, UT – Fujifilm X100V Mine! – Farmington, UT – Fujifilm X100V Refreshment Station – Farmington, UT – Fujifilm X100V Evening Red – Farmington, UT – Fujifilm X100V Desk Near a Window – Farmington, UT – Fujifilm X100V Fake Blossoms – Farmington, UT – Fujifilm X100V Backyard Jo – Farmington, UT – Fujifilm X100V Jon, Laughing – Farmington, UT – Fujifilm X100V Sunlit Tree Leaves – Farmington, UT – Fujifilm X100V Evening Leaves – Farmington, UT – Fujifilm X100V See also: Film Simulation Recipes This post contains affiliate links, and if you make a purchase using my links I’ll be compensated a small amount for it. Fujifilm X100V Black Amazon B&H Fujifilm X100V Silver Amazon B&H Nobody pays me to write the content found on fujixweekly.com. There's a real cost to operating and maintaining this site, not to mention all the time that I pour into it. If you appreciated this article, please consider making a one-time gift contribution. Thank you!",4754
fujifilm-x100v-film-simulation-recipe-superia-xtra-400,Superia Xtra 400,Classic Negative,2,Classic Negative#2,"I’ve had a lot of requests for a Superia Xtra 400 film simulation recipe. Fujifilm introduced Superia Xtra 400, a consumer-grade color negative film, in 1998, replacing Super G Plus 400. This film has been updated a couple of times, first in 2003 and again in 2006. It’s been widely used, thanks to its low cost and versatility. I’ve shot several rolls of this film over the years. Thomas Schwab , who has invented a few film simulation recipes, and who I’ve collaborated with on a number of others, created this Superia Xtra 400 recipe. He did this by capturing a roll of actual Superia Xtra 400 film with a film camera while capturing identical exposures with his Fujifilm cameras, then, using X RAW Studio, worked on the settings until he found a match. As you can imagine, he put a lot of time and effort into creating this! He shared with me some of his side-by-side pictures—comparing the film with this recipe—and it was tough to figure out which was which, they looked so close! What I find interesting is that this recipe isn’t all that much different than Luis Costa’s Classic Negative recipe . I said of Luis’ recipe, “It reminds me a lot of Superia Xtra 400 with a warming filter, or maybe Superia 200 pushed one stop.” Turns out it was pretty darn close to Xtra 400. This recipe by Thomas is even closer! But, of course, with film, so much depends on how it’s shot, developed, and scanned or printed, and the aesthetic can vary significantly. So, really, both recipes mimic Xtra 400, but this one proudly carries the name, as it is a very close match to the film. Thank you, Thomas, for creating this recipe and sharing it! I know that many of you will love it. I love it! This Superia Xtra 400 film simulation recipe is compatible with the Fujifilm X100V , X-Pro3, X-T4, and X-S10. Classic Negative Dynamic Range: DR400 Highlight: 0 Shadow: -1 Color: +4 Noise Reduction: -4 Sharpening: -1 Clarity: -2 Grain Effect: Strong, Small Color Chrome Effect: Off Color Chrome Effect Blue: Strong White Balance: Auto, +3 Red & -5 Blue ISO: Auto, up to ISO 6400 Exposure Compensation: 0 to +1 (typically) Example photographs, all camera-made JPEGs using this Superia Xtra 400 film simulation recipe on my Fujifilm X100V: See also: X-Trans IV Film Simulation Recipes This post contains affiliate links, and if you make a purchase using my links I’ll be compensated a small amount for it. Fujifilm X100V Black Amazon B&H Fujifilm X100V Silver Amazon B&H Nobody pays me to write the content found on fujixweekly.com. There’s a real cost to operating and maintaining this site, not to mention all the time that I pour into it. If you appreciated this article, please consider making a one-time gift contribution. Thank you!",2722
fujifilm-x100v-film-simulation-recipe-superia-premium-400,Superia Premium 400,Classic Negative,0,Classic Negative#0,"After publishing film simulation recipes for Superia 100 , Superia Xtra 400 , Superia 800 and Superia 1600 film stocks, as well as Reala 100 and Luis Costa’s Classic Negative (which are both in the Superia realm), I’ve been asked a few times to create a Superia Premium 400 recipe. I’ve never shot actual Premium 400 film, and had to rely on the internet, which isn’t ideal, especially since there are limited examples for this particular film, but I think these settings are pretty good. Superia Premium 400 is a variant of Superia Xtra 400, sold only in Japan, intended to better replicate Japanese skin tones. It seems to have more of an orange color-cast. Premium 400 doesn’t have the “4th cyan color layer” that every other Superia film has, and that seems to be the biggest difference between it and Xtra 400. The way that this recipe came about is a Fuji X Weekly reader (sorry, I forgot who, and I can’t find the message) sent me his or her best guess of some settings to replicate Premium 400, and wanted advice on how to improve it. I took a look, made some changes, and sent it back, but it wasn’t right, so I kept working on it. After a couple weeks of experimenting, I settled on these settings, which I’m quite satisfied with. There are a whole bunch of options for achieving a Superia look with your Fujifilm camera. Even though this recipe is based on a more obscure variation, the results are quite interesting, and I think a lot of people are going to really appreciate it. It’s compatible with the Fujifilm X100V, X-Pro3, X-T4 and X-S10 cameras. Classic Negative Dynamic Range: DR200 Highlight: -2 Shadow: 0 Color: +4 Noise Reduction: -4 Sharpening: -1 Clarity: -2 Grain Effect: Strong, Small Color Chrome Effect: Strong Color Chrome Effect Blue: Weak White Balance: 4700K, +4 Red & -3 Blue ISO: Auto, up to ISO 6400 Exposure Compensation: +2/3 to +1 (typically) Example photographs, all camera-made JPEGs using this Superia Premium 400 film simulation recipe on my Fujifilm X100V: This post contains affiliate links, and if you make a purchase using my links I’ll be compensated a small amount for it. Fujifilm X100V Black Amazon B&H Fujifilm X100V Silver Amazon B&H Nobody pays me to write the content found on fujixweekly.com. There’s a real cost to operating and maintaining this site, not to mention all the time that I pour into it. If you appreciated this article, please consider making a one-time gift contribution. Thank you!",2454
fujifilm-x100v-film-simulation-recipe-fujicolor-superia-800,Fujicolor Superia 800,Classic Negative,0,Classic Negative#0,"Flags of IKEA – Draper, UT – Fujifilm X100V – “Fujicolor Superia 800” One of the earliest film simulation recipes I created that was intended to mimic a specific film was Fujicolor Superia 800 , which I made on a Fujifilm X100F about two-and-a-half years ago. This is a recipe that I’ve used often; I especially like it on overcast days . When I published the Superia 800 recipe, I stated, “It’s not a 100% match [to the film], but I feel like it’s convincing enough….” I think that’s a true statement, but with the new tools available on the X100V, could I create a closer match, one that might be even more convincing? Classic Negative needed to be the starting point for a new Fujicolor Superia 800 recipe since this new film simulation is “modeled after” Fujicolor Superia with “Superia-like” colors. I incorporated the new Clarity and Color Chrome Effect Blue features into this recipe. Unfortunately, Clarity slows down the camera considerably, so you’ll either have to accept the slow speed (which is what I do) or add Clarity later by reprocessing the RAW file. I think this new recipe is indeed a closer match to actual Superia 800—in fact, you could likely convince people that you shot film! Horse Boarding – Salt Lake City, UT – Fujifilm X100V I think this recipe might be my favorite of the Superia recipes that I’ve created thus far. If you like my Superia 100 , Reala 100 , and Superia 1600 recipes, you’ll certainly like this one, too! It has a great analog aesthetic. It’s pretty amazing that you can get this look straight out of camera. This Fujicolor Superia 800 recipe is (as of this writing) only compatible with the Fujifilm X100V, X-Pro3 and X-T4. Classic Negative Dynamic Range: DR400 Highlight: -1 Shadow: +1 Color: -1 Noise Reduction: -4 Sharpening: -1 Clarity: -4 Grain Effect: Strong, Large Color Chrome Effect: Strong Color Chrome Effect Blue: Weak White Balance: Daylight, -1 Red & -3 Blue ISO: Auto, up to ISO 6400 Exposure Compensation: +1/3 to +2/3 (typically) Example photographs, all camera-made JPEGs using this Fujicolor Superia 800 film simulation recipe on my Fujifilm X100V: Line Begins Here – Draper, UT – Fujifilm X100V Fire Suppression – Draper, UT – Fujifilm X100V Trash – Draper, UT – Fujifilm X100V Family Friendly Parking – Draper, UT – Fujifilm X100V Waiting for Hope? – Draper, UT – Fujifilm X100V Waiting to Enter – Draper, UT – Fujifilm X100V Waiting Reflection – Draper, UT – Fujifilm X100V Keeper of the Door – Draper, UT – Fujifilm X100V Entrance – Draper, UT – Fujifilm X100V Cloud Above Yellow Wall – Draper, UT – Fujifilm X100V Two Flag Poles – Draper, UT – Fujifilm X100V Home Furnishings – Draper, UT – Fujifilm X100V Upplaga – Draper, UT – Fujifilm X100V Track Closed – Salt Lake City, UT – Fujifilm X100V Artificial – Draper, UT – Fujifilm X100V Hanging Patio Lights – Draper, UT – Fujifilm X100V Two Step – Draper, UT – Fujifilm X100V Red Light – Draper, UT – Fujifilm X100V Rainbow Spirit – Farmington, UT – Fujifilm X100V Chair Back – Farmington, UT – Fujifilm X100V Joshua Eating – Farmington, UT – Fujifilm X100V Brother & Sister on the Couch – Farmington, UT – Fujifilm X100V Balcony Railing – Farmington, UT – Fujifilm X100V Umbrella Unopened – Farmington, UT – Fujifilm X100V Sunlight Sky & Green Leaves – Farmington, UT – Fujifilm X100V Ripening Soon – Farmington, UT – Fujifilm X100V Fallen Log in the Forest – Monte Cristo, UT – Fujifilm X100V See also: Film Simulation Recipes This post contains affiliate links, and if you make a purchase using my links I’ll be compensated a small amount for it. Fujifilm X100V Black Amazon B&H Fujifilm X100V Silver Amazon B&H Nobody pays me to write the content found on fujixweekly.com. There's a real cost to operating and maintaining this site, not to mention all the time that I pour into it. If you appreciated this article, please consider making a one-time gift contribution. Thank you!",3904
fujifilm-x100v-film-simulation-recipe-fujicolor-superia-1600,Fujicolor Superia 1600,Classic Negative,0,Classic Negative#0,"Red Rose – Farmington, UT – Fujifilm X100V – “Fujicolor Superia 1600” For some of you, this new Fujicolor Superia 1600 film simulation recipe will be your favorite! It is so good! It’s very analog-esque, and does a great job of mimicking the film in a number of circumstances. If you love my Fujicolor Superia 100 and my Fujicolor Reala 100 recipes, you’re bound to love this one, too! For high-ISO color photography, Superia 1600 film was your best bet if you needed to go faster than ISO 800. It has higher contrast and lower saturation than other Superia films, and is also more grainy, but with a very nice look. There are people who use Superia 1600 just for its aesthetic. Fujifilm discontinued Superia 1600 in 2016, but supposedly Fujicolor Natura 1600 and Press 1600 are the same film, just sold to different markets. Sephora – Farmington, UT – Fujifilm X100V – “Fujicolor Superia 1600” I didn’t include a “typical” exposure compensation with this recipe because you can get some very interesting looks by underexposing and (especially) overexposing—don’t be afraid to try -1 all the way to +2! This recipe is only compatible with the Fujifilm X100V, X-Pro3 and X-T4 (hopefully someday the X-T3 and X-T30, too—Fujifilm, please!). Classic Negative Dynamic Range: DR400 Highlight: 0 Shadow: +2 Color: -3 Noise Reduction: -4 Sharpening: -1 Clarity: -4 Grain Effect: Strong, Large Color Chrome Effect: Strong Color Chrome Effect Blue: Strong White Balance: Daylight, +3 Red & +1 Blue ISO: 1600 to 6400 Example photographs, all camera-made JPEGs using this Fujicolor Superia 1600 film simulation recipe on my Fujifilm X100V: Electric Sunset – Kaysville, UT – Fujifilm X100V Evening Overlook – Farmington, UT – Fujifilm X100V Sunlight Tree – Farmington, UT – Fujifilm X100V Country Fence – Kaysville, UT – Fujifilm X100V Rose Bush Shadow – Farmington, UT – Fujifilm X100V Red Rose Bush – Farmington, UT – Fujifilm X100V Yellow Flower – South Ogden, UT – Fujifilm X100V Not Yet Blackberries – Farmington, UT – Fujifilm X100V Backyard Girl – Farmington, UT – Fujifilm X100V Evening Light Tunnel – Farmington, UT – Fujifilm X100V Building in Evening Light – Farmington, UT – Fujifilm X100V Head On Illusion – Farmington, UT – Fujifilm X100V Walking Reflection – Farmington, UT – Fujifilm X100V Indoor/Outdoor Restaurant – Farmington, UT – Fujifilm X100V Carbonaro – Farmington, UT – Fujifilm X100V Vegetables – Farmington, UT – Fujifilm X100V Dessert – Farmington, UT – Fujifilm X100V Willards – Layton, UT – Fujifilm X100V Thank You For You Patronage – South Ogden, UT – Fujifilm X100V Wall Pipes – South Ogden, UT – Fujifilm X100V Closed Gas Station Store – South Ogden, UT – Fujifilm X100V Abandoned Drive Thru Window – South Ogden, UT – Fujifilm X100V Abandoned Gas Station Overhang – South Ogden, UT – Fujifilm X100V Light at the Top – Farmington, UT – Fujifilm X100V Blue in the Middle – Farmington, UT – Fujifilm X100V Moon Above – Farmington, UT – Fujifilm X100V Suburban Sunstar – Farmington, UT – Fujifilm X100V Bike 48 – Farmington, UT – Fujifilm X100V Sunstar in the City – Farmington, UT – Fujifilm X100V Strength and Endurance – Farmington, UT – Fujifilm X100V See also: Film Simulation Recipes This post contains affiliate links, and if you make a purchase using my links I’ll be compensated a small amount for it. Fujifilm X100V Black Amazon B&H Fujifilm X100V Silver Amazon B&H Nobody pays me to write the content found on fujixweekly.com. There's a real cost to operating and maintaining this site, not to mention all the time that I pour into it. If you appreciated this article, please consider making a one-time gift contribution. Thank you!",3661
fujifilm-x-e4-film-simulation-recipe-fujicolor-natura-1600,Fujicolor Natura 1600,Classic Negative,0,Classic Negative#0,"Fujifilm produced Fujicolor Natura 1600, a high-ISO color negative film, from 2003 through 2017. It was only sold in Japan, but it became renown worldwide as word got out about this wonderful film. A lot of speculation has surrounded it. Is it simply renamed Fujicolor Superia 1600? Many people think so. Is it slightly modified Superia 1600 for Japanese skin-tones? Some people think so. Is it slightly modified Superia 1600 made specifically for the Fujifilm Natura camera? Perhaps so. I haven’t found any definitive evidence to conclude if Natura 1600 is unmodified Supera 1600 or a slightly modified variant of it—if it isn’t identical, it’s very similar. I have a Fujicolor Superia 1600 Film Simulation Recipe already, and it’s a recipe that I personally quite like. I had no desire to remake it, but (you know) one film can have many different aesthetics, depending on a whole host of factors, including (but not limited to) how it was shot, developed, and scanned. With that in mind, I looked at Fujicolor Natura 1600 examples that I found online, and from scratch (not using the Superia 1600 recipe as a starting point) I made a whole new recipe to mimic Natura 1600—not surprisingly, the settings ended up being similar to the Superia 1600 recipe. Alternatively, this could be called Fujicolor Superia 1600 v2. A fun thing that I did for some of these pictures is set the ISO to 1600—I think the results are especially good at that particular ISO; however, it’s more practical to use a larger range of ISOs. So set the ISO to 1600 if you’d like, or set it to Auto (up to ISO 6400) if you’d prefer—I tried both, and found either to be acceptable. This particular recipe is only compatible with the Fujifilm X-T4, X-S10, X-E4, and X-T30 II cameras. If you have an X100V or X-Pro3 and want to use this recipe, I suggest setting Highlight to -1 and Shadow to +2. The results will be similar, but not identical. Classic Negative Dynamic Range: DR400 Highlight: -1.5 Shadow: +1.5 Color: -2 Noise Reduction: -4 Sharpness: -2 Clarity: -4 Grain Effect: Strong, Large Color Chrome Effect: Strong Color Chrome Effect Blue: Strong White Balance: 5500K, -1 Red & -2 Blue ISO: Auto, up to ISO 6400 Exposure Compensation: +1/3 to +1 (typically) Example photographs, all camera-made JPEGs using this “Fujicolor Natura 1600” Film Simulation Recipe on a Fujifilm X-E4 : Fujicolor Natura 1600 recipe compared to the Fujicolor Superia 1600 recipe:",2436
fujifilm-x-e4-x-trans-iv-film-simulation-recipe-scanned-superia,Scanned Superia,Classic Negative,1,Classic Negative#1,"After Anders Lindborg shared with me his interesting discovery that D-Range Priority (DR-P) is essentially the same thing as Hypertone on Fujifilm Frontier scanners , I immediately went to work creating a couple film simulation recipes that use D-Range Priority , since I didn’t have any. Like many of you, I thought that DR-P was a feature reserved only for extreme situations, and not for everyday use, but (as it turns out) it doesn’t have to be—DR-P can be utilized all of the time if you want. What is DR-P? It’s basically a tone curve intended to maximize dynamic range. There are four options: Off, Auto, Weak, and Strong. When DR-P is Off, the camera uses DR (DR100, DR200, DR400) instead, and when DR-P is On (Auto, Weak, or Strong), DR is disabled. When DR-P is On, Highlight and Shadow are “greyed out” so those can’t be adjusted—the curve is built into DR-P. You get what you get. DR-P Weak is similar to using DR400 with both Highlight and Shadow -2, but with a very subtle mid-tone boost. This recipe calls for DR-P Auto, and the camera will usually select DR-P Weak unless there is a bright light source (such as the sun) in the frame, such as the picture below. This recipe was inspired by pictures I found that were captured with Fujicolor Superia 100 film scanned with a Frontier SP-3000. Of course, how the film was shot, or even the scanner settings selected, can effect the exact aesthetic of an image. Even the same emulsion captured the same way and scanned on the same scanner can look a little different if the settings on the scanner are different (more on this in an upcoming article). I didn’t spend a lot of time trying to precisely match this recipe to those scans—it was more of a quick attempt, but I liked the results so I didn’t fine-tune it any further. It has a pretty good feel, I think, that produces pleasing results in many circumstances, although it isn’t the best for artificial light, and you might consider using Auto White Balance when not in natural light situations. This recipe is compatible with the Fujifilm X-Pro3, X100V , X-T4, X-S10, X-E4 , and X-T30 II cameras. Classic Negative Dynamic Range: D-Range Priority Auto Color: +3 Noise Reduction: -4 Sharpening: -3 Clarity: +3 Grain Effect: Weak, Small Color Chrome Effect: Weak Color Chrome Effect Blue: Weak White Balance: Daylight, -2 Red & +3 Blue ISO: Auto, up to ISO 6400 Exposure Compensation: -1/3 to +1/3 (typically) Example photographs, all camera-made JPEGs using this “Scanned Superia” film simulation recipe on my Fujifilm X-E4:",2541
fujifilm-x-e4-x-trans-iv-film-simulation-recipe-superia-summer,Superia Summer,Classic Negative,2,Classic Negative#2,"I almost always have several experimental Film Simulation Recipes programmed into each of my Fujifilm cameras. Sometimes these developmental settings become Recipes and sometimes they don’t (more don’t than do). Occasionally I forget the story behind an experimental Recipe—why the settings are the way they are, and what I was intending to mimic. It might have been a film photograph I saw, or a film stock someone requested I copy, or a certain photographer’s aesthetic—whatever it was, I just don’t remember. That’s the case with this Recipe: it was programmed into C5 on my Fujifilm X-E4 with the custom name “Exp 9/21” and no further details. I suppose I initially created it back on September 21, but I don’t remember why. The story of it is a complete mystery to me. Just recently I noticed this Recipe in my camera, and—not remembering what it was—I decided to shoot with it. And I was blown away. The results were stunning! Why didn’t I use it back in September? I don’t know. What I do know is that it produces beautiful analog-like pictures. It reminds me of Fujicolor Superia—maybe 200 or 400—overexposed by about a stop, and shot with a warming filter (such as an 81a or 81b) or maybe with a Takumar lens that has turned yellow due to the thorium coating—perhaps printed on Kodak paper, too, instead of Fujifilm Crystal Archive. It has a strong warm cast, but still retains that distinct Superia palette, so I’m calling it Superia Summer . I cannot overstate just how much I like it! This Superia Summer Film Simulation Recipe is compatible with the Fujifilm X-T4, X-S10, X-E4, and X-T30 II cameras. Because Blue is rendered more deeply on X-Trans V cameras , set Color Chrome FX Blue to Off in order to use it on the X-T5, X-H2, or X-H2s (or any other X-Trans V camera that is released after this writing). For the X100V and X-Pro3, I recommend using the Fujicolor 100 Gold Recipe or Superia Xtra 400 Recipe instead, which produce similar results, or simply set Highlight to -1 and Shadow to 0. For best results, use the Superia Summer Film Simulation Recipe in sunny daytime light; it does alright in cloudy conditions, too, as long as it’s not thick overcast. Classic Negative Dynamic Range: DR400 Highlight: -1.5 Shadow: -0.5 Color: +1 Noise Reduction: -4 Sharpness: -1 Clarity: -4 Grain Effect: Weak, Small Color Chrome Effect: Off Color Chrome Effect Blue: Weak White Balance: 5300K, +3 Red & -6 Blue ISO: Auto, up to ISO 6400 Exposure Compensation: +1/3 to +1 (typically) Example photographs, all camera-made JPEGs using this “Superia Summer” Film Simulation Recipe on my Fujifilm X-E4 : This post contains affiliate links, and if you make a purchase using my links I’ll be compensated a small amount for it. Fujifilm X-E4 in black: Amazon B&H Moment Fujifilm X-E4 in silver: Amazon B&H Moment Fujinon 27mm : Amazon B&H Moment Fujinon 90mm : Amazon B&H Moment",2879
fujifilm-x100v-x-trans-iv-film-simulation-recipe-pulled-fujicolor-superia,Pulled Fujicolor Superia,Classic Negative,1,Classic Negative#1,"After creating the Scanned Superia and Portra-Style film simulation recipes , which use D-Range Priority Auto, I wanted to create a recipe that utilized D-Range Priority Strong. You might recall that Anders Lindborg made an interesting discovery that D-Range Priority (DR-P) is essentially the same thing as Hypertone on Fujifilm Frontier scanners . In my own experiments, I’ve come to the conclusion that D-Range Priority Weak is more practical for everyday photography than D-Range Priority Strong, because, unless there is a bright light in the frame, DR-P Strong tends to be too flat, since it maximizes dynamic range. Undeterred, I set out to create a nice recipe that utilizes DR-P Strong. I call this recipe “Pulled Fujicolor Superia” because it is similar to Fujicolor Superia Xtra 400 film that’s been pulled one stop. Of course, how any emulsion is shot, developed, printed and/or scanned has an impact on its aesthetic, and one film can have many different looks. I didn’t set out to recreate the look of pulled Superia film, but, in fact, it does look surprisingly close to some examples I found. It’s better to be lucky than good, right? I wouldn’t say that this is 100% spot-on for pulled Superia 400 film, but it’s not far off at all. Because this recipe uses the Classic Negative film simulation, Clarity , and Color Chrome Effect Blue , it is compatible with the Fujifilm X-Pro3, X100V, X-T4, X-S10, X-E4, and X-T30 II cameras. I think it works best on sunny days, but I did use it with some success in overcast and indoor situations. Classic Negative Dynamic Range: D-Range Priority Strong Color: +3 Noise Reduction: -4 Sharpening: -2 Clarity: +2 Grain Effect: Weak, Small Color Chrome Effect: Strong Color Chrome Effect Blue: Strong White Balance: Daylight, -4 Red & -2 Blue ISO: Auto, up to ISO 6400 Exposure Compensation: 0 to +2/3 (typically) Example photographs, all camera-made JPEGs using this “Pulled Fujicolor Superia” film simulation recipe on my Fujifilm X100V :",1991
fujifilm-x-trans-iv-x-pro3-x100v-x-t4-x-s10-x-e4-film-simulation-recipe-fujicolor-nps-160-pulled,Fujicolor NPS 160 Pulled,Classic Negative,1,Classic Negative#1,"Fujifilm introduced Fujicolor NPS 160 sometime in the 1990’s. It was a low contrast, low saturation color negative film intended for portrait photography. Fujifilm replaced it in 2004 with Fujicolor Pro 160S (later renamed Fujicolor Pro 160NS). I actually shot a few rolls of NPS 160 back in the day, and a picture of my parents captured with this film hangs an a wall in their house. Pulling the film, which is a technique where you overexpose and reduce development time to compensate, further reduces the contrast and saturation. This recipe looks a lot like NPS 160 that’s been pulled. This Fujicolor NPS 160 Pulled recipe was created by Thomas Schwab , who has made several film simulation recipes published on this website, including Superia Xtra 400 , Urban Vintage Chrome , Kodachrome II , Kodak Portra 800 v2 , Classic Monochrome , B&W Superia , and Monochrome Kodachrome . Thomas has also collaborated on other recipes, playing an important role in getting them right, including Kodak Portra 800 , Kodak Ektar 100 , Kodachrome 1 , Kodak Portra 400 , and Kodak T-Max 400 . Some of Thomas Schwab’s pictures that he captured with this recipe can be found further down. What I especially love about this recipe is that it has a soft feel that’s just wonderful. It has a film-like quality to it that’s easy to appreciate. I really love shooting with this recipe! Because it required the Classic Negative film simulation, Color Chrome FX Blue and Clarity , it’s only compatible with the Fujifilm X-E4 , X100V , X-Pro3, X-T4, and X-S10 cameras. Classic Negative Dynamic Range: DR400 Highlight: -2 Shadow: -2 Color: -4 Noise Reduction: -4 Sharpeness: +1 Clarity: -2 Grain Effect: Weak, Small Color Chrome Effect: Weak Color Chrome Effect Blue: Strong White Balance: Auto, -1 Red & -4 Blue ISO: Auto, up to ISO 6400 Exposure Compensation: +2/3 to +1 1/3 (typically) Example photographs, all camera-made JPEGs using this Fujicolor NPS 160 Pulled film simulation recipe:",1969
fujifilm-x100v-x-trans-iv-film-simulation-recipe-fujicolor-100-gold,Fujicolor 100 Gold,Classic Negative,2,Classic Negative#2,"I get asked frequently to create Film Simulation Recipes that mimic the aesthetic of a certain film stock or the look of a particular photographer. In this case, it was the look of a specific photographer that I was asked to recreate. After viewing this person’s images, I thought that they had a lot of similarities with my Kodak Gold 200 recipe except with Superia greens and reds. So I programmed that recipe into my Fujifilm X100V , except with Classic Negative instead of Classic Chrome, plus I made a couple of small modifications. After testing it out, I felt that it produced pictures that were, in fact, quite similar to the photographer’s look. A few days went by, and by chance I stumbled upon some photographs captured with Fujicolor 100 film, and they looked pretty similar to this new recipe. After digging a little deeper, I found some more Fujicolor 100 pictures, and in the description of a few that seemed particularly similar, the photographer mentioned that they used an 81A warming filter. I’ve heard it said that Fujifilm has historically saved their “best” films for Japan. Indeed, there are Fuji emulsions that, for whatever reasons, aren’t sold outside their home country. Fujicolor 100 is a one of those. I don’t know a whole lot about it (or if it is even still manufactured), but it is a consumer-grade color negative film. I believe that it’s a little warmer than most Fujicolor stocks, but that could also be a result of a warming filter, lens used, how shot, how developed, and/or how scanned, so I’m not completely certain of it. I didn’t model this recipe after Fujicolor 100, but it does seem at times to resemble it surprisingly closely. Because this Fujicolor 100 Gold Film Simulation Recipe uses the Classic Negative film simulation, it’s not compatible with the Fujifilm X-T3 or X-T30, or any other camera without Classic Negative. It is intended for the Fujifilm X-Pro3, X100V, X-T4, X-S10, X-E4, and X-T30 II models. Because X-Trans V renders blue deeper , if you use it on an X-T5, X-H2, or X-H2S it will look slightly different, which you might like or dislike or be indifferent to—give it a try and see what you think. Classic Negative Dynamic Range: DR400 Highlight: -2 Shadow: +1 Color: +3 Noise Reduction: -4 Sharpness: -2 Clarity: -2 Grain Effect: Strong, Small Color Chrome Effect: Off Color Chrome Effect Blue: Off White Balance: Daylight, +4 Red & -5 Blue ISO: Auto, up to ISO 6400 Exposure Compensation: +2/3 to +1 1/3 (typically) Example photographs, all camera-made JPEGs using this “Fujicolor 100 Gold” Film Simulation Recipe on a Fujifilm X100V:",2600
magenta-negative-fujifilm-x-e4-x-trans-iv-film-simulation-recipe,Magenta Negative,Classic Negative,0,Classic Negative#0,"This Magenta Negative Film Simulation Recipe is intended to mimic the use of a Magenta Color Correction Filter, such as the Tiffen CC30M , which reduces the intensity of green, and is used to combat green color casts. Back in the film days, using Color Correction Filters was common, but it is much less so now, since you can dial in very precise white balance adjustments for whatever the light is; however, you can still use these filters if you want to . Instead of using a magenta filter, you can simply shoot with this Film Simulation Recipe. Because this recipe uses Classic Negative, it has a generic Fujicolor Superia aesthetic; however, it is not meant to precisely mimic any specific Superia emulsion. The inspiration actually came from a YouTube video by Cammackey , entitled Fujifilm X100V Recipes / Old Film Tricks . A couple of Fuji X Weekly readers requested a Recipe similar to his, but without the need for extra gear. While Magenta Negative is a little different than his, it is intended to produce similar results, just without the need of a Color Correction Filter, which his Recipe requires. I want be sure that credit is given where it is due: Cammackey was the original influence for Magenta Negative.",1224
fujifilm-x-trans-iv-film-simulation-recipe-fujicolor-c200,Fujicolor C200,Classic Negative,1,Classic Negative#1,"I’ve been asked at least a dozen times—probably more—to create a Fujicolor C200 film simulation recipe. I’ve tried a few different times, but I never felt that I got close enough. A couple of recipes came out of those experiments, but a C200 recipe remained elusive. The good news is that George Coady ( check out his Instagram ) figured it out! Yea! George has a lot of experience shooting actual Fujicolor C200 film, and he experimented using X RAW Studio until he got the recipe right. I had a very small hand in tweaking it, but really George did all the work. He gave me permission to publish his recipe here. Thanks, George! Fujifilm introduced Fujicolor C200 in 1990 as a low-budget, no frills color negative film. I’ve shot several rolls of it over the years, although it was never my go-to option. Fujifilm gave it a small refresh in 2017, and it’s still available today. Even though C200 is a cheap color film, it has a cult-like following, and many people enjoy its aesthetic and choose it over more expensive emulsions. This recipe looks great! In high-contrast situations DR400 does better to protect highlights than DR200, but in low-contrast situations DR200 produces better contrast. After awhile I decided to set my camera to DR400 and adjust it to DR200 when the situation calls for it. The pictures in this article are a mix of DR200 and DR400. The White Balance Shift can be set to -4 Blue, which can sometimes be more accurate to the film, or -2 Blue, which can sometimes be more accurate to the film, because one film can have many different looks depending on how it was shot, developed, and scanned or printed, but -3 Blue does well for all-around use. Because this recipe requires a half adjustment to Highlight & Shadow, it’s only compatible with the Fujifilm X-T4, X-S10 and X-E4, although if you use Highlight 0 and Shadow -1 it’s pretty close to the same, which opens it up for use on the X100V and X-Pro3. Classic Negative Dynamic Range: DR400 (DR200 in low contrast situations) Highlight: +0.5 Shadow: -0.5 Color: +2 Noise Reduction: -4 Sharpeness: -3 Clarity: -3 Grain Effect: Weak, Large Color Chrome Effect: Weak Color Chrome Effect Blue: Off White Balance: Daylight, 0 Red & -3 Blue ISO: Auto, up to ISO 6400 Exposure Compensation: 0 to +2/3 (typically) Example photographs, all camera-made JPEGs using this Fujicolor C200 film simulation recipe on my Fujifilm X-E4 :",2402
fujicolor-c200-v2-fujifilm-x100v-x-trans-iv-film-simulation-recipe,Fujicolor C200 v2,Classic Negative,1,Classic Negative#1,"The original Fujicolor C200 Film Simulation Recipe is great! This isn’t intended to replace that Recipe—there’s no need to replace it, since it’s excellent—but instead provide an alternative option for those looking for something slightly different. One film can produce many different looks, depending on a host of factors, including how it was shot, developed, and printed or scanned. In this case, a Fuji X Weekly reader wanted a Recipe that more closely matched his particular Fujicolor C200 scans. Oh, and it needed to be compatible with the Fujifilm X100V and X-Pro3, which the original version is not. Fujifilm introduced Fujicolor C200 in 1990 as a low-budget, consumer-grade color negative film. I’ve shot a few rolls of it over the years, although it was never my go-to option. Fujifilm gave it a small refresh in 2017. Sadly, in late 2021, Fujifilm began selling rebranded Kodak Gold 200 as Fujicolor C200. Even though C200 is a cheap color film, it has a cult-like following, and many people enjoy its aesthetic and choose it over more expensive emulsions. This Fujicolor C200 v2 Film Simulation Recipe was an App Patron Early-Access Recipe, but it is now available to everyone. With the exception of the X-T3 and X-T30, it is fully compatible with fourth-generation cameras: X-Pro3, X100V, X-T4, X-S10, X-E4, and X-T30 II. You can use it with the GFX100S, too. For fifth-generation models (plus the GFX100 II, GFX100S II, and GFX100RF), simply set Color Chrome FX Blue to Weak instead of Strong. Example photographs, all camera-made JPEGs using this Fujicolor C200 v2 Film Simulation Recipe on my Fujifilm X100V and Fujifilm X-E4 :",1644
fujifilm-x100v-x-trans-iv-film-simulation-recipe-fujicolor-pro-400h,Fujicolor Pro 400H,Classic Negative,0,Classic Negative#0,,0
fujifilm-x-trans-iv-film-simulation-recipe-fujicolor-nph,Fujicolor NPH,Provia,-1,,,0
fujifilm-x100v-x-trans-iv-film-simulation-recipe-fujicolor-negative,Fujicolor Negative,Classic Negative,2,Classic Negative#2,,0
fujifilm-x100v-x-trans-iv-film-simulation-recipe-fujicolor-analog,Fujicolor Analog,Classic Negative,1,Classic Negative#1,"I was asked to recreate the look of a certain photographer, and I noticed that a lot of their photographs had a Classic Negative aesthetic, so I thought it would be easy to mimic. It turns out that this person shoots a lot of film, including (but not limited to) Fujicolor C200 and various Superia emulsions, as well as digital (but not Fujifilm, as far as I can tell), using RNI and perhaps some other filters or presets. Nothing said what each picture had been captured with, so it became difficult to recreate. After a little frustration, I decided to select only pictures with a certain aesthetic to attempt to emulate—I believe they might have been captured on a Superia emulsion, but they might not have been—they might not even be film! I think I was able to create a pretty close facsimile to this person’s aesthetic… at least one of the many various (but still somewhat similar) looks that this photographer has.",921
fujifilm-x-trans-iv-film-simulation-recipe-fujicolor-super-hg-part-1-of-3,Fujicolor Super HG,Classic Negative,1,Classic Negative#1,"This Fujicolor Super HG recipe was created by Thomas Schwab , who has made several film simulation recipes published on this website, including Fujicolor NPS 160 Pulled , Superia Xtra 400 , Urban Vintage Chrome , Kodachrome II , Kodak Portra 800 v2 , Classic Monochrome , B&W Superia , and Monochrome Kodachrome . Thomas has also collaborated on other recipes, playing an important role in getting them right, including Kodak Portra 800 , Kodak Ektar 100 , Kodachrome 1 , Kodak Portra 400 , and Kodak T-Max 400 . Whenever Thomas sends me a new recipe idea, I’m always eager to try it out! Thomas was photographing using the Provia 400 film simulation recipe , which requires a Fluorescent 2 (also called “Warm White Fluorescent” or “Neon 2”) White Balance. He wanted to see how that not-often-used White Balance would look with some other film simulations, and, after several adjustments, came up with this recipe. He shared it with me, and I shot with it and really liked the results! We wondered if it closely resembled any particular film—it seemed to be in the general ballpark of several Fujifilm emulsions without matching any. After digging a little deeper, and after a chance encounter with a box of prints from 1992, it was determined that Fujicolor Super HG, which is a predecessor to the Superia line, was a surprisingly close match. This recipe wasn’t intended to resemble Fujicolor Super HG film, but fortunately it does! I thoroughly enjoyed shooting with this recipe, as it produces some great analogue-like results! Because it requires Classic Negative , Color Chrome FX Blue , and Clarity , it is only compatible with (as of this writing) the Fujifilm X-Pro3, X100V , X-T4, X-S10 and X-E4 cameras. I want to give a big “Thank you!” to Thomas Schwab for creating this great recipe and allowing me to share it with you—thanks, Thomas! Classic Negative Dynamic Range: DR400 Highlight: 0 Shadow: +1 Color: +2 Noise Reduction: -4 Sharpening: 0 Clarity: -3 Grain Effect: Weak, Large Color Chrome Effect: Weak Color Chrome Effect Blue: Strong White Balance: Fluorescent 2, -3 Red & -1 Blue ISO: Auto, up to ISO 6400 Exposure Compensation: +1/3 to +2/3 (typically) Example photographs, all camera-made JPEGs using this Fujicolor Super HG film simulation recipe on my Fujifilm X-E4 : Part 2 – Fujicolor Super HG v2 Part 3 – Super HG Astia Find these film simulation recipes and many more on the Fuji X Weekly — Film Recipes App ! Nobody pays me to write the content found on fujixweekly.com. There’s a real cost to operating and maintaining this site, not to mention all the time that I pour into it. If you appreciated this article, please consider making a one-time gift contribution. Thank you!",2705
fujifilm-x-trans-iv-film-simulation-recipe-fujicolor-super-hg-v2-part-2-of-3,Fujicolor Super HG v2,Classic Negative,1,Classic Negative#1,"When Thomas Schwab sent me his settings that would later be called Fujicolor Super HG , he asked me if there were any changes that I would make. I tried his recipe, and then created a couple of alternate versions. I concluded that I liked his recipe as-is with no changes; however, I thought that one variation I created was interesting, so I shot with it, too, and turned it into its own recipe. I call it Fujicolor Super HG v2. While it’s a collaboration between Thomas and I, he contributed the most to it. Fujifilm introduced the Super HG line in 1986, with versions in ISOs between 100 and 1600. It saw several iterations and improvements before being replaced by the Superia line is 1998. Thomas Schwab’s Fujicolor Super HG recipe and this Fujicolor Super HG v2 recipe are more similar to Super HG 100 or Super HG 200 film. One film can have many different looks depending on how it was shot, developed, printed or scanned. The differences between the Fujicolor Super HG and Fujicolor Super HG v2 recipes might be like the differences produced by using different film scanners. While both Super HG recipes look great, I prefer the Fujicolor Super HG recipe for natural light photography, and I prefer the Fujicolor Super HG v2 recipe for artificial light photography. I invite you to try both, and see which version you like better. You might find that you prefer one in a certain situation and the other in a different situation. Because this recipe uses the new Auto White Priority white balance, it’s only compatible (as of this writing) with the Fujifilm X-T4, X-S10 and X-E4 cameras (and maybe the GFX100S?). If you have the X-Pro3 or X100V, you can use Auto white balance instead, and in natural light you’ll get identical results, although in artificial light it won’t look quite the same. Classic Negative Dynamic Range: DR400 Highlight: -1 Shadow: +1 Color: +2 Noise Reduction: -4 Sharpening: 0 Clarity: +2 Grain Effect: Weak, Large Color Chrome Effect: Weak Color Chrome Effect Blue: Strong White Balance: Auto White Priority, -3 Red & -1 Blue ISO: Auto, up to ISO 6400 Exposure Compensation: +2/3 to +1 (typically) Example photographs, all camera-made JPEGs using this Fujicolor Super HG v2 film simulation recipe on my Fujifilm X-E4 : Part 1 – Fujicolor Super HG Film Simulation Recipe Part 3 – Super HG Astia Film Simulation Recipe Find these film simulation recipes and many more on the Fuji X Weekly — Film Recipes App ! Nobody pays me to write the content found on fujixweekly.com. There’s a real cost to operating and maintaining this site, not to mention all the time that I pour into it. If you appreciated this article, please consider making a one-time gift contribution. Thank you!",2709
fujifilm-x-trans-iv-film-simulation-recipe-super-hg-astia-part-3-of-3,Super HG Astia,Astia,-1,,"When Thomas Schwab shared with me his Fujicolor Super HG film simulation recipe , he also sent me an alternative recipe that uses Astia instead of Classic Negative. I gave it a try and thought that it worked quite well for landscape photography, particularly in sunny conditions. It can produce interesting results indoors or on cloudy days, but I think it really shines in sunshine. It’s called “Super HG Astia” because it is a modification of the Super HG recipe, but with Astia. This “Super HG Astia” recipe wasn’t intended to mimic any particular film; however, it does have some resemblance to Fujichrome Provia 100F. For whatever reason, Fujifilm programmed the Provia film simulation to look more like Astia film, and the Astia film simulation to look more like Provia film, although neither are an exact match. This recipe brings the Astia film simulation closer to resembling Provia film (albeit unintentionally). It’s definitely not a perfect facsimile, but it does nonetheless produce a very nice Fuji color-reversal film aesthetic. This recipe is compatible with the Fujifilm X-Pro3, X100V , X-T4, X-S10, and X-E4 cameras. I accidentally used Large grain for some of my pictures, and the results were fine, but Small grain is better in my opinion—feel free to use whichever Grain size you’d prefer. For the X-T3 and X-T30 , you can use this recipe by ignoring Grain size, Clarity and Color Chrome FX Blue —the results will be slightly different, but pretty close. For X-Trans III cameras, you’ll have to additionally ignore Color Chrome Effect; again, the results will be a little different but still very similar. If you’ve got an X-Trans III or newer camera, I invite you to try this recipe. I want to give a special “Thank you!” to Thomas for creating and sharing this recipe! Astia Dynamic Range: DR400 Highlight: +2 Shadow: +1 Color: +2 Noise Reduction: -4 Sharpening: -1 Clarity: +2 Grain Effect: Weak, Small Color Chrome Effect: Weak Color Chrome Effect Blue: Weak White Balance: Fluorescent 2, -3 Red & -1 Blue ISO: Auto, up to ISO 6400 Exposure Compensation: +2/3 to +1 (typically) Example photographs, all camera-made JPEGs using this Super HG Astia film simulation recipe on my Fujifilm X-E4 : Part 1 – Fujicolor Super HG Film Simulation Recipe Part 2 -Fujicolor Super HG v2 Film Simulation Recipe Find these film simulation recipes and many more on the Fuji X Weekly — Film Recipes App ! Nobody pays me to write the content found on fujixweekly.com. There’s a real cost to operating and maintaining this site, not to mention all the time that I pour into it. If you appreciated this article, please consider making a one-time gift contribution. Thank you!",2679
fujifilm-x-pro3-x-trans-iv-film-simulation-recipe-standard-provia,Standard Provia,Provia,-1,,"This Film Simulation Recipe is the first in what will be a series, which will encompass several Fujifilm generations (not just X-Trans IV). I’m not exactly sure how many recipes will be in this series, but the intention is at least one for each film simulation offered by Fujifilm. This first recipe is compatible with X-Trans IV because Fujifilm sent me an X-Pro3 to try, and I have to return it soon, so I’m using it as much as practical so that I can write a review. The intention of this series is to customize each film simulation to optimization the aesthetic that Fujifilm intended. In other words, make a nice-looking recipe that is similar to yet better than the stock look of a film simulation. This first recipe, which I’ve titled simply Standard Provia , is my optimization of the Provia film simulation. The Provia film simulation is not a facsimile of Provia slide film. I think Fujifilm just wanted to use the brandname for their “standard” colors, but there’s quite a divergence between the film simulation and the film. This recipe isn’t intended to mimic the film, but simply produce good results with the Provia film simulation (without modifying the overall aesthetic too much). The Provia film simulation is one of my least utilized, but I do believe this recipe makes good use of it. Because this recipe uses Clarity and Color Chrome FX Blue , it is only compatible with the Fujifilm X-Pro3, X100V , X-T4, X-S10, X-E4 , and X-T30 II cameras. If you have an X-T3 or X-T30 , you could replace Clarity with a diffusion filter and ignore Color Chrome FX Blue and Grain size, and get similar results that will be just a little different. Provia Dynamic Range: DR400 Highlight: +2 Shadow: +1 Color: +2 Noise Reduction: -4 Sharpening: 0 Clarity: -3 Grain Effect: Weak, Small Color Chrome Effect: Strong Color Chrome Effect Blue: Weak White Balance: Daylight, -3 Red & 0 Blue ISO: Auto, up to ISO 6400 Exposure Compensation: +1/3 to +2/3 (typically) Example photographs, all camera-made JPEGs using this “Standard Provia” film simulation recipe on a Fujifilm X-Pro3: This post contains affiliate links, and if you make a purchase using my links I’ll be compensated a small amount for it. Fujifilm X-Pro3 Amazon B&H Fujifilm X100V Amazon B&H Fujifilm X-T4 Amazon B&H Fujifilm X-S10 Amazon B&H Fujifilm X-E4 Amazon B&H Fujifilm X-T30 II Amazon B&H",2359
fujifilm-x100v-x-trans-iv-film-simulation-recipe-fujichrome-provia-100f,Fujichrome Provia 100F,Classic Chrome,2,Classic Chrome#2,"This Film Simulation Recipe is called “Fujichrome Provia 100F” after the film that it is intended to mimic. Fujifilm introduced Provia 100, a color reversal film, in 1994, and replaced it with the much improved Provia 100F in 2001. I’ve only shot a couple of rolls of Provia 100F. I remember that it had a cool color cast (especially when compared to Kodak films), it had a fair amount of contrast, moderate saturation, and tended to render blues strongly. This recipe has been in the works for awhile, with a lot of failed attempts. I think it does pretty well at reproducing the aesthetic of the film, but there are definitely a few compromises—more of the “memory color” that Fujifilm talks about than perhaps a 100% accurate rendition. Still, I believe that it turned out pretty well overall. You might be surprised that this recipe doesn’t use the Provia film simulation as its base, but instead uses Classic Chrome. The Provia film simulation doesn’t actually resemble very well the film that it was named after—Fujifilm used it more as a marketing name on the X series than anything else. Velvia was the Fuji slide film that I most often shot with, but Provia was probably their most popular because it wasn’t nearly as wild as Velvia, and produced more true-to-life (yet still fairly vibrant) colors.",1308
fujifilm-x100v-film-simulation-recipe-color-negative-400,Color Negative 400,Classic Negative,1,Classic Negative#1,"I ran across a picture in an article about coffee, and that picture reminded me a lot of the Classic Negative film simulation. I don’t think the picture was captured with Classic Negative; perhaps a VSCO (or some other brand) preset was used that was intended to look something like Superia film. So, with one picture as my guide, I set out to recreate the look with my Fujifilm X100V . Ideally you want more than one sample picture to study, but that’s all I had. These settings look pretty darn close to that picture, but it’s difficult to know if it’s truly accurate because I only had one sample to work with, and I don’t know how it should look in various situations. Still, I’m happy with how it turned out. Initially I was going to name this recipe “Fujicolor Negative” because it has a Fujicolor Superia-like look, but then I stumbled across some Kodak ColorPlus 400 photographs, and they looked quite similar to these pictures. Even though the resemblance to ColorPlus 400 is completely accidental, I thought that calling it “Color Negative 400” was more appropriate because it is in the general ballpark of a film that’s not Fujicolor. Or, more accurately, it is similar to both a Kodak stock and a Fujifilm stock, and not exactly like either. I do think, no matter how close it may or may not be to an actual film, it has a nice film-like aesthetic to it that many will appreciate. This recipe is dark and contrasty, and can be used to create a certain moody look. I think it works best in low-contrast scenes, and does well both indoors and outdoors. This recipe is only compatible (as of this writing) with the Fujifilm X100V, X-Pro3, X-T4 and X-S10 cameras. Classic Negative Dynamic Range: DR400 Highlight: 0 Shadow: +4 Color: +4 Noise Reduction: -4 Sharpening: 0 Clarity: -5 Grain Effect: Weak, Large Color Chrome Effect: Weak Color Chrome Effect Blue: Weak White Balance: Auto, -2 Red & -4 Blue ISO: Auto, up to ISO 6400 Exposure Compensation: +1/3 to +1 (typically) Example photographs, all camera-made JPEGs using this Color Negative 400 film simulation recipe on my Fujifilm X100V: See also: Film Simulation Recipes This post contains affiliate links, and if you make a purchase using my links I’ll be compensated a small amount for it. Fujifilm X100V Black Amazon B&H Fujifilm X100V Silver Amazon B&H Nobody pays me to write the content found on fujixweekly.com. There’s a real cost to operating and maintaining this site, not to mention all the time that I pour into it. If you appreciated this article, please consider making a one-time gift contribution. Thank you!",2588
pro-negative-160c-film-simulation-recipe-for-fujifilm-x-trans-iv-x-trans-v,PRO Negative 160C,PRO Neg,0,PRO Neg#0,"After discovering that the new Reala Ace film simulation is a version of PRO Neg. , and is similar to both PRO Neg. Hi and PRO Neg. Std , I decided that I wanted to replicate as closely as possible my first Reala Ace-based Film Simulation Recipe— PRO Negative 160C —for those camera that don’t have the new film simulation. Right now Reala Ace is only available on the Fujifilm X100VI (and GFX100 II), but Fujifilm has stated that they will be bringing it to the other fifth-generation models (X-H2s, X-H2, X-T5, and X-S20) sometimes this summer. For whatever reason, PRO Neg. Std seems to work easier for replicating the Reala Ace film sim than PRO Neg. Hi, but they are both in the general neighborhood. Obviously Fujifilm didn’t make Reala Ace identical to either, and it is its own unique profile. With that said, it’s possible to get fairly close to it using either PRO Neg. Hi or especially PRO Neg. Std; however, the PRO Negative 160 Film Simulation Recipe has Color set to +4, which meant that only PRO Neg. Hi could be used, as Std doesn’t have enough vibrancy. This PRO Negative 160C Film Simulation Recipe, which uses PRO Neg. Hi, is not a perfect match to the original version that uses Reala Ace, but is probably 90-95% similar. I like the Reala Ace one just a little more, but if your camera doesn’t have that as an option, this is a good alternative. This new version is compatible with (as of this writing) the Fujifilm X-T4, X-S10, X-E4, X-T30 II, X-H2s, X-H2, X-T5, X-S20, and X100VI. For the X100VI, I recommend using the Reala Ace version and not this one, but you can choose whichever you personally prefer. Example photographs, all camera-made JPEGs captured using this PRO Negative 160C Film Simulation Recipe on my Fujifilm X-E4 & Fujifilm X-T5: This post contains affiliate links, and if you make a purchase using my links I’ll be compensated a small amount for it. Fujifilm X-T5 in black: Amazon , B&H , Moment , Wex , Nuzira Fujifilm X-T5 in silver: Amazon , B&H , Moment , Wex , Nuzira",2013
fujifilm-x-trans-iv-film-simulation-recipe-agfachrome-rs-100,AgfaChrome RS 100,Classic Negative,1,Classic Negative#1,"I was asked to create a film simulation recipe for AgfaChrome RS 100 color transparency film. Agfa made this slide film from 1984 through 1995, with an “improved emulsion” released in 1992. I never used AgfaChrome RS 100, so I have zero experience with the film. It was difficult to find examples of, and old issues of Popular Photography and Photographic magazines were my best resource. Despite the challenges, I was able to create a film simulation recipe that I’m very happy with. This AgfaChrome RS 100 recipe renders pictures beautifully! It has a great vintage analog feel to it. People might think that the images are old film pictures that you scanned, and they certainly won’t suspect that they’re straight-out-of-camera JPEGs! I’m confident that this recipe will be an instant favorite for many of you. Because this X-Trans IV recipe requires Classic Negative , Clarity , and Color Chrome FX Blue , it’s only compatible with the Fujifilm X-Pro3, X100V, X-T4, X-S10 and X-E4 cameras—unfortunately it’s not compatible with the X-T3 and X-T30. I believe that it is compatible with the GFX100S, although results will likely be slightly different. If you have a compatible camera, be sure to give this AgfaChrome RS 100 recipe a try! Classic Negative Dynamic Range: DR400 Highlight: +1 Shadow: -1 Color: +2 Noise Reduction: -4 Sharpening: -2 Clarity: -3 Grain Effect: Strong, Small Color Chrome Effect: Strong Color Chrome Effect Blue: Strong White Balance: Daylight, -3 Red & +5 Blue ISO: Auto, up to ISO 6400 Exposure Compensation: -1/3 to +1/3 (typically) Example photographs, all camera-made JPEGs using this “AgfaChrome RS 100” film simulation recipe on my X100V and X-E4 : Find these film simulation recipes and many more on the Fuji X Weekly — Film Recipes App ! Nobody pays me to write the content found on fujixweekly.com. There’s a real cost to operating and maintaining this site, not to mention all the time that I pour into it. If you appreciated this article, please consider making a one-time gift contribution. Thank you!",2043
fujifilm-x-pro3-x-trans-iv-film-simulation-recipe-agfa-ultra-100,Agfa Ultra 100,Classic Negative,1,Classic Negative#1,"Agfa Ultra 100 was a short lived film—introduced in 2003 and discontinued in 2005, although it was still available for a few years after—and was Agfa’s most vibrant color negative film. I’ve been attempting to mimic this film for a little while now (ever since I published the AgfaChrome RS 100 recipe last summer), but I couldn’t get it right. This Agfa Ultra 100 recipe actually has some similarities to the AgfaChrome RS 100 recipe, and (for this particular attempt) I used that recipe as the starting point. I never used this film, so I relied on online references and a couple pictures I found in an old magazine article as samples. I’m actually not fully satisfied with this recipe. I think sometimes it’s pretty spot-on, and I think other times it is significantly off. Of course, one film can have several different aesthetics depending on how it was shot, developed, scanned and/or printed, and viewed, so perhaps that accounts for some of it. I think an argument can be made that Color should be +3 or even +4, but I also feel that sometimes that’s too much and +2 is just right. I think green is the least correct color, and if you do have a lot of green in the shot, you might consider increasing Color to +3 or +4 for a more accurate facsimile, although you might find reds and blues are rendered too strong if you do that. Because this recipe uses Classic Negative, Clarity , and Color Chrome FX Blue , this Agfa Ultra 100 film simulation recipe is compatible with the Fujifilm X-Pro3, X100V , X-T4, X-S10, X-E4 , and X-T30 II cameras. Classic Negative Dynamic Range: DR400 Highlight: +2 Shadow: -2 Color: +2 Noise Reduction: -4 Sharpness: -1 Clarity: -3 Grain Effect: Weak, Large Color Chrome Effect: Strong Color Chrome Effect Blue: Strong White Balance: Daylight, -2 Red & +3 Blue ISO: Auto, up to ISO 6400 Exposure Compensation: 0 to +1 (typically) Example photographs captured using this “Agfa Ultra 100” film simulation recipe on a Fujifilm X-Pro3: This post contains affiliate links, and if you make a purchase using my links I’ll be compensated a small amount for it. Fujifilm X-Pro3 Amazon B&H Fujifilm X100V Amazon B&H Fujifilm X-T4 Amazon B&H Fujifilm X-S10 Amazon B&H Fujifilm X-E4 Amazon B&H Fujifilm X-T30 II Amazon B&H",2247
fujifilm-x100v-film-simulation-recipe-agfa-vista-100,Agfa Vista 100,Classic Negative,1,Classic Negative#1,"In the film era, Agfa was not as big as Fujifilm or especially Kodak, but they were popular nonetheless, particularly in Europe. Vista 100 was a general purpose color negative film made by Agfa between 2001 and 2005. It was preceded by Agfacolor HDC+ 100, which produced similar (but not identical) results. There were two films, AgfaPhoto Vista 100 and AgfaPhoto Vista Plus 100, that were manufactured for a time, neither of which are the same emulsion as Agfa Vista 100. Similar names, different films. This Agfa Vista 100 film simulation recipe came about after someone asked for settings similar to an Agfa Vista 100 Lightroom preset. It was sample pictures from that preset that I most consulted for this recipe, but I did look at examples of the film that I found online. This recipe produces results similar to the film, but is closer to the preset than the film. This might be more similar to Agfa Vista 200, which had a bit more saturation, contrast and grain; really, it’s in the ballpark of both the ISO 100 and 200 versions of the film, as they’re both pretty close to each other. Because this requires the Classic Negative film simulation, as well as Clarity (which will slow your camera down, unfortunately) and Color Chrome Effect Blue , this film simulation recipe is only compatible (as of this writing) with the Fujifilm X100V, X-T4 and X-Pro3. I think many of you are going to really appreciate this recipe and it will be an instant favorite for some of you. Classic Negative Dynamic Range: DR200 Highlight: +1 Shadow: -2 Color: +2 Noise Reduction: -4 Sharpening: -0 Clarity: +3 Grain Effect: Strong, Small Color Chrome Effect: Weak Color Chrome Effect Blue: Weak White Balance: 5600K, -4 Red & -5 Blue ISO: Auto, up to ISO 6400 Exposure Compensation: 0 to +2/3 (typically) Example photographs, all camera-made JPEGs using this Agfa Vista 100 film simulation recipe on my Fujifilm X100V : See also: Film Simulation Recipes This post contains affiliate links, and if you make a purchase using my links I’ll be compensated a small amount for it. Fujifilm X100V Black Amazon B&H Fujifilm X100V Silver Amazon B&H Nobody pays me to write the content found on fujixweekly.com. There's a real cost to operating and maintaining this site, not to mention all the time that I pour into it. If you appreciated this article, please consider making a one-time gift contribution. Thank you!",2395
not-my-fujifilm-x100v-classic-negative-film-simulation-recipe,Classic Negative,Classic Negative,1,Classic Negative#1,"Boy with a Bubble Gun – Farmington, UT – Fujifilm X100V When the Fujifilm X-Pro3 came out late last year, which was the first camera with the new Classic Negative film simulation, I began to see some wonderful pictures that looked like they were captured using Superia film. Classic Negative is supposed to resemble Fujicolor Superia, most likely Superia 200, although Fujifilm doesn’t say. I believe there were more than 10 variants of Superia film made by Fujifilm, so it’s hard to know which version the film simulation was mostly modeled after. Whichever version of the film it’s intended to be, Classic Negative does a great job of mimicking it, because it definitely looks like Superia. The Classic Negative look that was most intriguing to me was by Luis Costa , and I couldn’t wait for the day that I’d be able to try it for myself. Luis’ Classic Negative film simulation recipe, which can be found on his website , is nothing short of wonderful! It’s especially great for sunny days. It’s every bit as good as Luis made it look in his photographs. It’s programmed into the C1 slot on my Fujifilm X100V, and I doubt that it will move. It reminds me a lot of Superia X-Tra 400 with a warming filter, or maybe Superia 200 pushed one stop. Either way, it just looks good. Warm Light on Reeds – Farmington Bay, UT – Fujifilm X100V I did modify Luis Costa’s recipe slightly. Nothing big, but I added Color Chrome Effect and Clarity , and set Grain to Weak instead of Strong. It doesn’t change the look much at all. Feel free to turn off Color Chrome Effect and Clarity and set Grain to Strong if you’d like, which is Luis’ exact recipe. I want to thank Luis Costa for making and sharing his great Classic Negative recipe, and for allowing me to post it here. I encourage you to visit his website . Because the Classic Negative film simulation changes look depending on how it’s exposed, you can get a couple different aesthetics with this recipe. I encourage you to increase exposure on some shots and decrease it on others (over and under exposing slightly), and see how it renders the picture. You might find that you prefer one look over the other, or that you prefer one in some situations and one in another. It’s fun to experiment with, and I invite you to do just that. Classic Negative Dynamic Range: DR200 Highlight: +1 Shadow: 0 Color: +3 Noise Reduction: -4 Sharpening: 0 Clarity: +2 Grain Effect: Weak, Large Color Chrome Effect: Weak Color Chrome Effect Blue: Weak White Balance: Auto, +4 Red & -4 Blue ISO: Auto, up to ISO 6400 Exposure Compensation: +1/3 to +2/3 (typically) Example photographs, all camera-made JPEGs using this Classic Negative film simulation recipe on my Fujifilm X100V: Red Rose Bush – Farmington, UT – Fujifilm X100V Flowers by the Fence – Farmington, UT – Fujifilm X100V Suburban Blooms – Farmington, UT – Fujifilm X100V Dragonfly – Farmington, UT – Fujifilm X100V Spring Leaves – Farmington, UT – Fujifilm X100V Girl in Evening Light – Farmington, UT – Fujifilm X100V Upside Down Wheelbarrow – Farmington, UT – Fujifilm X100V Neighborhood Bubbles – Farmington, UT – Fujifilm X100V Suburbs Illuminated – Farmington, UT – Fujifilm X100V Boy in the Window Light – Farmington, UT – Fujifilm X100V Little Yellow Ball in the Sky – Farmington, UT – Fujifilm X100V Lake Reeds – Farmington Bay, UT – Fujifilm X100V This post contains affiliate links, and if you make a purchase using my links I’ll be compensated a small amount for it. Fujifilm X100V Black Amazon B&H Fujifilm X100V Silver Amazon B&H",3533
snow-fun-with-fujifilm-x-t4-fujinon-90mm-new-film-simulation-recipe-amandas-classic-negative,Amanda’s Classic Negative,Classic Negative,1,Classic Negative#1,"My wife, Amanda, has a Fujifilm X-T4. She uses it for both stills and video. Amanda pretty much runs the video side of Fuji X Weekly , as that’s something she’s good at, but she also does some occasional portrait and product photography. A few days ago she borrowed my Fujinon 90mm lens, attached it to her X-T4, and on a snowy morning captured some pictures of our kids sledding at a local park (I was shooting with a GFX-50S, you can see some of those pictures here ). Amanda showed me the photographs that she had captured, and I liked the picture aesthetic, so I asked her what settings she used. She told me she just picked some that she thought might look nice, and went with that. She made her own recipe! It’s based on Classic Negative, which is such a great film simulation. I asked her if I could share her pictures and recipe here, and she agreed. Thanks, Amanda! This film simulation recipe is only compatible with the Fujifilm X-T4 and X-S10 (most likely the X-E4, too, when that comes out next month). If you like this recipe or these pictures, be sure to let Amanda know by leaving her a comment. Classic Negative Dynamic Range: DR200 Highlight: +1 Shadow: +1.5 Color: +3 Noise Reduction: -4 Sharpening: +1 Clarity: 0 Grain Effect: Weak, Small Color Chrome Effect: Strong Color Chrome Effect Blue: Weak White Balance: Auto, 0 Red & 0 Blue ISO: Auto, up to ISO 6400 Exposure Compensation: +1/3 to +1 All of the pictures in this article are camera-made JPEGs captured by Amanda Roesch using this Classic Negative film simulation recipe on her Fujifilm X-T4. This post contains affiliate links, and if you make a purchase using my links I’ll be compensated a small amount for it. Fujifilm X-T4 Amazon B&H Fujinon 90mm Amazon B&H Nobody pays me to write the content found on fujixweekly.com. There’s a real cost to operating and maintaining this site, not to mention all the time that I pour into it. If you appreciated this article, please consider making a one-time gift contribution. Thank you!",2008
fujifilm-x-trans-iv-film-simulation-recipe-retro-gold,Retro Gold,Classic Chrome,0,Classic Chrome#0,"This film simulation recipe began as an attempt to mimc the aesthetic of the Retro Effect on Ricoh GR cameras . There are several reasons why this recipe isn’t a good facsimile to that, but, even so, I really like what I came up with. It has a retro look to it that is somewhat reminiscent of slide film that’s been left in a hot car a little too long (or, perhaps, simply wasn’t stored correctly), and somewhat reminiscent of push-processed negative film, maybe something like Kodak Gold. It’s not intended to mimic any specific film, so any similarities to an analog aesthetic is a happy accident. Because of its retro-golden look, I’ve named this recipe “Retro Gold.” It’s outstanding in evening light, and pretty good at other times, too. In some ways it reminds me of my Golden Negative recipe , and in some ways it reminds me of my Expired Slide recipe , but it’s not really like either. While you can use it anytime, this is a film simulation recipe that I recommend you try during your next “golden hour” photographic outing. Because this “Retro Gold” film simulation recipe uses Clarity and Color Chrome FX Blue , it’s compatible with the Fujifilm X-Pro3, X100V, X-T4, X-S10, X-E4, and X-T30 II cameras. It might also be compatible with the newer GFX cameras, too, although I’m not certain of that. Unfortunately, it’s not compatible with the X-T3 and X-T30. If you don’t want to use Clarity because it slows down the camera, an alternative might be to use a diffusion filter, like the 1/8 Black Pro Mist or 5% CineBloom. Another option for this recipe that you are welcome to try is a stronger grain effect. I went with Weak and Small because I wasn’t attempting a particular film look, but it would likely look nice with as much as Strong and Large. Classic Chrome Dynamic Range: DR400 Highlight: +4 Shadow: +2 Color: +4 Noise Reduction: -4 Sharpening: 0 Clarity: -2 Grain Effect: Weak, Small Color Chrome Effect: Strong Color Chrome Effect Blue: Strong White Balance: Fluorescent 3 (“Cool White Fluorescent”), +4 Red & -6 Blue ISO: Auto, up to ISO 6400 Exposure Compensation: 0 to -2/3 (typically) Example photographs, all camera-made JPEGs using this “Retro Gold” film simulation recipe on my Fujifilm X-E4 & Fujifilm X100V :",2238
fujifilm-x-trans-iv-film-simulation-recipe-retro-gold-low-contrast,Retro Gold Low Contrast,Classic Chrome,0,Classic Chrome#0,"Two days ago I published my new Retro Gold film simulation recipe , which is great for “golden hour” photography. That recipe has a lot of contrast in it—I stated in the article that it was similar to slide film or maybe push-processed negative film. A high-contrast recipe works great in situations that are low-contrast. Sometimes when the sun is low, the scenes you encounter aren’t low-contrast, but high contrast. In those cases, the Retro Gold recipe may not be the best choice. Thomas Schwab suggested that I should create a low-contrast version that’s better suited for high-contrast situations—that’s how this recipe, which I call Retro Gold Low Contrast , came to be. This recipe has more of a color negative film look (Kodak Gold, maybe?). The color cast is perhaps similar to using an enhancing filter (and maybe a polarizer, too). Like the other recipe, this one isn’t intended to mimic any specific film, but it definitely has an analog aesthetic to it. Because this “Retro Gold Low Contrast” film simulation recipe uses Clarity and Color Chrome FX Blue , it’s compatible with the Fujifilm X-Pro3, X100V, X-T4, X-S10, X-E4, and X-T30 II cameras. It might also be compatible with the newer GFX cameras, too, although I’m not certain of that. Unfortunately, it’s not compatible with the X-T3 and X-T30. Classic Chrome Dynamic Range: DR400 Highlight: 0 Shadow: -2 Color: +4 Noise Reduction: -4 Sharpening: 0 Clarity: -3 Grain Effect: Weak, Small Color Chrome Effect: Strong Color Chrome Effect Blue: Strong White Balance: Fluorescent 3 (“Cool White Fluorescent”), +4 Red & -6 Blue ISO: Auto, up to ISO 6400 Exposure Compensation: 0 to -2/3 (typically) Example photographs, all camera-made JPEGs using this “Retro Gold Low Contrast” film simulation recipe on my Fujifilm X-E4 :",1787
fujifilm-x-e4-x-trans-iv-film-simulation-recipe-santacolor,SantaColor,Eterna,0,Eterna#0,"There’s a brand-new color negative film stock called SantaColor 100, which is actually repurposed Kodak AeroColor 125, an emulsion intended for areal photography. I don’t believe that AeroColor is still produced (although it can still be found if you look hard enough); SantaColor 100 could be an old batch that’s been stored for awhile and is now surplus. This film has a reddish-orange color cast, which (depending on how it was shot, developed, and scanned) can be somewhat subtle or quite pronounced. This Film Simulation Recipe is an attempt to mimic that film; however, I’m not 100% satisfied with how closely it does (or doesn’t) replicate it—I think it can be really close sometimes, and other times not so much. Still, I like how this recipe looks, so I thought I’d share it with you in case some of you like it, too. Why are special films used for aerial mapping? I tried to find an answer to this, but couldn’t. My suspicion is that atmosphere/haze can obscure “regular” film, and aerial films are made to be less susceptible to that. Another thought is that the temperature at high altitude is cold, so maybe the film has to work well in cold temperatures. Still, another idea is that the angle of the sun is different, so the film needs to be adjusted for that. It could be one, all, or none of those things—if you know the answer, please enlighten me by commenting below! This “SantaColor” Film Simulation Recipe is compatible with the Fujifilm X-Pro3, X100V, X-T4, X-S10, X-E4, and X-T30 II cameras. For those with an X-T3 and X-T30, you will need to ignore Grain size (since your camera doesn’t have that), and use a diffusion filter (such as 10% CineBloom) in lieu of Clarity . For those with an X-H1, you will need to additionally ignore Color Chrome Effect (the results will be just a little different). Eterna Dynamic Range: DR200 Highlight: -2 Shadow: +4 Color: +4 Noise Reduction: -4 Sharpness: -2 Clarity: -3 Grain Effect: Weak, Small Color Chrome Effect: Strong Color Chrome Effect Blue: Off White Balance: 5100K, +5 Red & -3 Blue ISO: Auto, up to ISO 6400 Exposure Compensation: +2/3 to +1 (typically) Example photographs, all camera-made JPEGs using this “SantaColor” Film Simulation Recipe on a Fujifilm X-E4 :",2237
fujifilm-x-trans-iv-film-simulation-recipe-creamy-color,Creamy Color,Classic Negative,3,Classic Negative#3,"There are some film simulation recipes that just have a special look—the “it factor”—and this “Creamy Color” recipe is definitely one of those! I didn’t make it; this one was created by Immanuel Sander, who also created the Nature Neon recipe . Immanuel was kind enough to allow me to publish his recipe on the Fuji X Weekly blog , and he also gave me permission to include some of his wonderful photographs in this article. Thank you, Immanuel, for creating and sharing this recipe! I encourage you to follow him Instagram . Immanuel created a great YouTube video for this recipe that you should watch. It’s very inspirational—well done! “It’s a rather emotional recipe for me,” Immanuel explained. “The recipe works very well in bad weather and dreary colors. Foggy weather or rainy days are perfect for such silent pictures.” I think it also works well around sunset and on partly-cloudy days. The results from this Creamy Color film simulation recipe can be fantastic! Because this recipe requires Classic Negative, Clarity and Color Chrome FX Blue , it’s only compatible with the Fujifilm X100V , X-Pro3, X-T4, X-S10 and the upcoming X-E4 . Classic Negative Dynamic Range: DR400 Highlight: +4 Shadow: +4 Color: -4 Noise Reduction: -4 Sharpening: -4 Clarity: -5 Grain Effect: Strong, Large Color Chrome Effect: Strong Color Chrome Effect Blue: Strong White Balance: 8700K, +4 Red & +6 Blue ISO: up to ISO 5000 Exposure Compensation: +1/3 (typically) Example photographs, all camera-made JPEGs captured with this Creamy Color film simulation recipe:",1552
fujifilm-x100v-film-simulation-recipe-nature-neon,Nature Neon,Classic Chrome,2,Classic Chrome#2,"This film simulation recipe isn’t mine. It was created by Fuji X Weekly reader Immanuel Sander , who has actually posted several different recipes on his Instagram account ( @captn.look ). Thomas Schwab was the one who tipped me off to this. There are several really nice recipes that Immanuel has shared, but this one is my personal favorite. I asked him if I could share it with you on this website, and he graciously agreed. Immanuel calls this recipe Captn Look Nature Neon. I’m not sure what film this might most closely resemble. It’s kind of similar to my Golden Negative recipe (although not exactly), which is kind of similar to FPP Retrochrome (expired high-speed Ektachrome). It’s also almost redscale-ish, a little more subtly than my Redscale recipe . Cross processed film can sometimes have a red/orange color cast, particularly (non-Velvia) Fujifilm transparencies, but I don’t think these settings are especially close to that. Even if this recipe doesn’t look exactly like any particular film, it nonetheless produce very interesting results. It’s called “Nature Neon” in part because it uses the Fluorescent 1 white balance, which is also called Daylight Fluorescent or Neon Light. It gives a look as if a red neon light is illuminating the scene. The change that I made to Immanuel’s recipe is that I set Sharpness to -2; he had it set to -4. Thomas prefers it set to 0. Really, whatever Sharpness you prefer to use from -4 to 0 is acceptable. This film simulation recipe is compatible with the Fujifilm X100V , X-Pro3 and X-T4. This article is a bit unusual in that it features example photographs from three photographers: Immanuel Sanders, Thomas Schwab, and myself. You can see how three different photographers used these settings. I want to give a big thank-you to Immanuel for creating and sharing this recipe, and to Thomas for showing it to me. Thank you, guys! I encourage you to check out their Instagram pages to see more of their pictures. Classic Chrome Dynamic Range: DR400 Highlight: 0 Shadow: +2 Color: +3 Noise Reduction: -4 Sharpness: -2 Clarity: -4 Grain Effect: Weak, Small Color Chrome Effect: Weak Color Chrome Effect Blue: Weak White Balance: Fluorescent 1, +2 Red & -5 Blue ISO: Auto, up to ISO 6400 Exposure Compensation: +1/3 to +1 (typically) Example photographs, all camera-made JPEGs using this Nature Neon film simulation recipe: This post contains affiliate links, and if you make a purchase using my links I’ll be compensated a small amount for it. Fujifilm X100V Black Amazon B&H Fujifilm X100V Silver Amazon B&H",2565
fujifilm-x-e4-x-trans-iv-film-simulation-recipe-grizzly-ride,Grizzly Ride,Eterna Bleach Bypass,0,Eterna Bleach Bypass#0,"Have you ever been to an amusement park and gone on one of those log flume water rides where you get thrilled and soaked simultaneously? That’s this film simulation recipe, which is appropriately called Grizzly Ride . Immanuel Sander (a.k.a. Captn Look), who created the Nature Neon and Creamy Color recipes, also invented this one (find him on Instagram and YouTube ). I’m not exactly sure why he named it Grizzly Ride, but, when you look at the pictures captured with this recipe, it makes perfect sense. I want to thank Immanuel for creating this recipe, allowing me to share it here, and allowing me to publish his pictures—it’s much appreciated! Be sure to leave him a “thank you” in the comments. This film simulation recipe reminds me of sepia , except with color images instead of black-and-white. It’s got a great vintage feel to it, reminding me of some old color pictures from my grandparents’ photo album. It’s one of my favorite recipes for natural-light indoor photography, but it also looks good in many other situations, too. Because this recipe uses Eterna Bleach Bypass and some other JPEG options that are only found on the newest models, it’s only compatible (as of this writing) with the Fujifilm X-E4 , X-T4 and X-S10 cameras. As a reminder, using Clarity causes the camera to pause briefly after the exposure, which will slow you down a little. Eterna Bleach Bypass Dynamic Range: DR200 Highlight: 0 Shadow: +2.5 Color: -2 Noise Reduction: -4 Sharpness: -4 Clarity: -5 Grain Effect: Strong, Large Color Chrome Effect: Strong Color Chrome Effect Blue: Strong White Balance: 6990K, +3 Red & -7 Blue ISO: Auto, up to ISO 6400 Exposure Compensation: 0 to +2/3 (typically) Example photographs, all camera-made JPEGs using this “Grizzly Ride” film simulation recipe:",1783
fujifilm-x-e4-film-simulation-recipe-analog-gold,Analog Gold,Eterna Bleach Bypass,0,Eterna Bleach Bypass#0,"This Film Simulation Recipe is called Analog Gold because it has a vintage film-like aesthetic with a golden color cast. It produces a warm, somewhat-muted look, and does well in both sunny and overcast conditions. While it’s not modeled after any specific film or process, it does convey an analog quality that’s easy to appreciate. I know that some of you will love this one!",377
getting-a-wes-anderson-look-from-your-fujifilm-camera-4-new-film-simulation-recipes,Indoor Angouleme,Classic Chrome,0,Classic Chrome#0,"Everyone is after a Wes Anderson look right now! When I first watched the trailer for the upcoming Wes Anderson movie Asteroid City , I thought perhaps it might be possible to mimic the aesthetic on my Fujifilm X-T5; however, I quickly realized that it’s not possible straight-out-of-camera . The movie has an orange and teal look, and I’ve tried unsuccessfully for years to achieve that on Fujifilm. In order to get orange and teal, the White Balance Shift requires plus red for orange and minus red for teal; it’s not possible to do both, so you must decide which one you want: orange or teal? After a few hours of unsuccessfully trying to get the settings right, I gave up. Then I saw your pictures on Instagram. Specifically, there were photos captured using the Bright Summer , Bright Kodak , Kodak Portra 400 Warm , and Pacific Blues Film Simulation Recipes that had some Wes Anderson vibes to them, which convinced me to try again. I directly compared those four Recipes to Asteroid City screenshots, and decided that Bright Summer and Bright Kodak were the closest; however, none of them were quite right. So I set out to get a little closer—as close as I could—knowing that I wouldn’t be able to achieve a perfect match, but I hoped it would be similar enough that at a cursory glance it would pass for Asteroid City . Knowing that most of you don’t have an X-Trans V camera, I made a version for X-Trans IV models, too, since the majority of those who shoot with Recipes do so on X-Trans IV cameras. Also, I figured that some of you won’t be satisfied with the results, and are after an even closer facsimile of Asteroid City , so I have some advice for that, too, a little further down, but it does require a small amount of post-editing with Capture One. While attempting to mimic Asteroid City , I was inspired by another Wes Anderson film: The French Dispatch , specifically, the indoor scenes of the newspaper office, so I made Film Simulation Recipes for that, too—one for X-Trans V and another for X-Trans IV. I don’t know what the light situation was exactly in those scenes, so I don’t know if it would render similarly under identical light, but it does produce convincing results in certain artificial and mixed light scenarios. If you are after a Wes Anderson look, check out the four Film Simulation Recipes below! The Vibrant Arizona Film Simulation Recipe can be characterized as bright, colorful, and warm, yet still classic-analog-like, with some similarities to overexposed Kodak negative film. While not an exact match, I’m confident that it is as close as you’re going to get to an Asteroid City aesthetic straight-out-of-camera. The movie takes place in a fictional northern-Arizona town (although it was filmed in Spain, apparently), so that is why I’m calling it Vibrant Arizona. An important note is that this Recipe uses D-Range Priority (a.k.a. DR-P), which takes the place of Dynamic Range and the Tone Curve (Highlight and Shadow). I don’t have a lot of Film Simulation Recipes which utilize D-Range Priority , but there are a few, including Pulled Fujicolor Superia , Scanned Superia , and Portra-Style , the last of which has some similarities to Vibrant Arizona. This particular Recipe is for X-Trans V cameras, which (as of this writing) are the Fujifilm X-T5, X-H2, and X-H2s. For best results, use in sunny daylight. I shot in both the 3:2 and 16:9 aspect ratios, and preferred the latter for a more cinematic feel. Example photographs, all camera-made JPEGs using this Vibrant Arizona Film Simulation Recipe on my Fujifilm X-T5: Because X-Trans V cameras render blue more deeply on some film simulations , the X-Trans IV version of this Recipe calls for Color Chrome FX Blue to be set to Strong instead of Weak, and is otherwise identical. This Vibrant Arizona Film Simulation Recipe is compatible with the Fujifilm X-Pro3, X100V, X-T4, X-S10, X-E4, and X-T30 II cameras. For the X-T3 and X-T30, you can ignore Grain size and Color Chrome FX Blue (since your camera doesn’t have those options), and use a 1/4 Black Pro Mist or 10% CineBloom diffusion filter in lieu of Clarity; however, it will look slightly different. For newer GFX models… I’m not sure if you should use this version or the X-Trans V version, but one of the two should work well on your camera—try them both, and see which you prefer. Example photographs, all camera-made JPEGs using this Vibrant Arizona Film Simulation Recipe on my Fujifilm X-E4: If you aren’t satisfied with how well the Vibrant Arizona Film Simulation Recipe matches Asteroid City , there is a quick and easy Capture One edit that will make your pictures even closer to the aesthetic of the motion picture film. Simply import your straight-out-of-camera JPEGs (not the RAW!) into Capture One, find the Basic Color Editor, and make these adjustments: Those are the adjustments that I made to the picture above plus the five images below. You might have to stray from the above settings and modify the exact parameters, just depending on the photographs, but for these six, I followed them precisely and made no other changes. With this edit, the pictures are pretty convincing, and there’s no doubt that we’re mimicking Wes Anderson’s Asteroid City . Even though this will get you closer to the movie aesthetic, I personally prefer the unedited versions. There was a moment while creating the above Recipes that I became particularly frustrated with the process, so I took a break, and instead worked on a different Wes Anderson look. I was inspired by the indoor scenes inside the newspaper office in the movie The French Dispatch , so I began working on a Film Simulation Recipe to mimic that aesthetic. The look is warm when shot in warm light, with somewhat muted colors and low contrast. This is a much different aesthetic than Asteroid City , but it is another Wes Anderson film that’s popular right now. While the movie takes place in a fictional French town, it was filmed in the real town of Angouleme, which apparently (and appropriately) is known as the City of the Image . While these Recipes look quite interesting in outdoor daylight situations, they are intended for artificial and mixed indoor lighting, which is where they really shine. That’s why I’ve named the two Film Simulation Recipes below Indoor Angouleme. Although none of the movie was filmed in the 16:9 aspect ratio, I used it for these Recipes, but feel free to use whichever aspect ratio you prefer. This version of the Indoor Angouleme Film Simulation Recipe uses the new Nostalgic Neg. film simulation. It also utilizes the Auto Ambience Priority White Balance , which I’ve only used once before (on the Ektachrome 320T Recipe). Indoor Angouleme is compatible with X-Trans V cameras, which (as of this writing) are the Fujifilm X-T5, X-H2, and X-H2s. Those with newer GFX cameras can use it, too; however, it will likely render slightly differently. Example photographs, all camera-made JPEGs using this Indoor Angouleme Film Simulation Recipe on my Fujifilm X-T5: The Nostalgic Neg. film sim is somewhat similar to Eterna , and can sometimes be closely mimicked with it. Since X-Trans IV models don’t have Nostalgic Neg., I used Eterna instead. While this version isn’t 100% identical to the X-Trans V Recipe, it is pretty close overall, and retains the same feel. This version of Indoor Angouleme is compatible with the Fujifilm X-Pro3, X100V, X-T4, X-S10, X-E4, and X-T30 II cameras. To use it on the X-T3 and X-T30, ignore Color Chrome FX Blue and Grain size (since your camera doesn’t have those options), select regular AWB (since your camera doesn’t have the Ambience option), and use a 1/4 Black Pro Mist or 10% CineBloom diffusion filter in lieu of Clarity; however, it will look slightly different. Example photographs, all camera-made JPEGs using this Indoor Angouleme Film Simulation Recipe on my Fujifilm X-E4: Find these Film Simulation Recipes and nearly 300 more on the Fuji X Weekly — Film Recipes App ! This post contains affiliate links, and if you make a purchase using my links I’ll be compensated a small amount for it. Fujifilm X-T5 in black: Amazon B&H Moment Fujifilm X-T5 in silver: Amazon B&H Moment Fujifilm X-E4 in black: Amazon B&H Moment Fujifilm X-E4 in silver: Amazon B&H Moment Nobody pays me to write the content found on fujixweekly.com. There’s a real cost to operating and maintaining this site, not to mention all the time that I pour into it. If you appreciated this article, please consider making a one-time gift contribution. Thank you!",8546
fujifilm-x-e4-x-trans-iv-film-simulation-recipe-gaf-500,GAF 500,Eterna,0,Eterna#0,"Hold onto your hats, because, for this Film Simulation Recipe , we’re going to dive deep into the obscure and practically forgotten history of a unique film called GAF 500. We’re going to explore the intriguing history of GAF, discover what made this film unique, and discuss how this new GAF 500 Film Simulation Recipe came to be. You are in for a treat today! GAF actually began in 1886 as the Standard Paint Company of New Jersey. After acquiring a holding company in 1928 that had (among other things) majority ownership of AGFA, the company changed its name to General Aniline & Film—GAF for short. Also in 1928, AGFA merged with Ansco, so in addition to acquiring AGFA, GAF also got ownership of Ansco, which was founded in 1842. Originally named E. Anthony & Co., after merging with Scovill Manufacturing in 1901 it was renamed Ansco (“An” from Anthony and “sco” from Scovill). Ansco was headquartered in New York, and was Kodak’s biggest competitor for many decades. The merger with AGFA was intended to bring Ansco’s photography products to a global market, which would allow them to better compete against Kodak. Then World War II happened, and in 1941 the U.S. government seized and took ownership of GAF and Ansco (separating it from AGFA, which was a German-owned business), and officially merged Ansco into GAF. The U.S. government retained ownership of GAF until 1965, when it sold all of its shares. In 1967 GAF introduced a revolutionary new film: GAF 500. It was a high-ISO 35mm color transparency (slide) film—the highest ISO color film during its time; the second-highest color ISO film (another GAF emulsion) was rated at ISO 200, so it was more than twice as “fast” (as they called it back then) as the second fastest. 30 years prior to the introduction of GAF 500, the highest ISO color film was rated at ISO 8, so having an ISO 500 option was unthinkable back then, and a lot of people wondered why anyone would need such a high-ISO film. While it was mostly sold under the brand name GAF, it was sometimes sold as Anscochrome 500. Was GAF/Anscochrome 500 any good? From all accounts, you either loved GAF 500 or hated it. The grain was extremely pronounced. Colors were “good” yet muted (a.k.a. “neutral” or “natural”) and generally considered to be not as “nice” as Kodak’s. It didn’t push-process nearly as well as, it wasn’t quite as sharp as, and it didn’t pair with color correction filters as well as Kodachrome or Ektachrome. It was inferior to all other color emulsions except for one fact: it was fast! You could use it when other films wouldn’t work due to low light. If it was dark and you wanted to shoot color, GAF 500 was your best bet. GAF 500 had a warm color cast—some described it as orange, some said red-orange, and others stated that it was red—not as warm as some Kodak emulsions, but warm nonetheless. The shadows tended to lean blue. If you pushed the film, it had a purple cast across the frame. Some people liked how it looked when shooting under fluorescent lights or stage lights, and was a popular choice for concert photography. What people seemed to like most about GAF 500 is that it was gritty yet soft. It was grainy, like a high-ISO black-and-white film, and it was contrasty with a very narrow exposure latitude—it was easy to blow out the whites or block up the blacks; however, it also had low color saturation (or was “more neutral” as some put it) , and the gradations were gentle. It was like a biker ballerina, if you will. Some people loved the aesthetic of GAF 500, and would use it even in bright-light situations just for the look that it produced. Many photographers steered clear of it just because there were “better” options, such as push-processing lower ISO films. There was a time in the 1970’s that GAF was everywhere. It was the official film of Disneyland, and, for a time, was the only brand of film that you could purchase inside the park. Sears sold GAF cameras and film. Henry Fonda was the spokesman. Despite that, GAF struggled to be profitable competing against Kodak, Fujifilm, and other brands. GAF made a few minor “improvements” to their ISO 500 film over the years, and (from what I read) it seemed to get “better” towards the mid-1970’s. In 1977, due to sluggish sales, GAF decided to get out of the photography business altogether. GAF/Anscochrome 500 was discontinued, along with all of the other GAF films. The Ansco brand name was licensed out to other companies for years to come, although it was largely used for rebranded films and not original emulsions. GAF 500 was gone forever. Perhaps thanks to Alien Skin Exposure software, there’s been a renewed interest in GAF 500. Alien Skin has a GAF 500 preset that is supposed to allow you to mimic the aesthetic of the film with your digital images. I’ve used it before, and that’s the closest I’ve come to shooting GAF 500. It’s been awhile since I’ve used Exposure software, so I don’t recall too much about the preset (other than it was grainy). So, for this Film Simulation Recipe, I spent significant time studying whatever I could find on the film. There’s a lot of written information out there, but photographs were hard to come by. Still, I found some, and did my best to emulate the look with my Fujifilm X-E4 . Recreating GAF 500 on my Fujifilm camera was tricky for several reasons. First, I wouldn’t have considered Eterna as the best base (just because it lacks the necessary contrast to emulate a contrasty slide film), but after trying Classic Chrome, PRO Neg. Low, and Eterna Bleach Bypass, I decided to give Eterna a go. Bingo! This one had the right tonality (those “gentle gradations”); however, I do wish that Shadow could be set to +5 to get deeper blacks, but that’s not an option. Another tricky aspect was achieving the warm, reddish/orangish color cast that could still produce a hint of blue in the shadows. Fujifilm cameras aren’t capable of split-toning, so I did my best to approximate this with the white balance; I do wish the shadows were just a little more blue, but it’s not possible without sacrificing the overall warmth. Another challenge was replicating the grain. Fujifilm’s option of Grain Strong Large wasn’t nearly as pronounced as it needed to be, so I set out to supplement it with digital noise using high-ISO. But how high? ISO 1600 wasn’t nearly enough. ISO 3200 wasn’t enough, either. ISO 6400… much closer, but not quite there, either. Should I dare try ISO 12800? Yes, that’s it! More importantly, it looks good, which I had my doubts about. With slide film, depending on the emulsion, you had to nail the exposure exactly, as the dynamic range was extraordinarily narrow. You didn’t know what you had until you got the film back from the lab (or developed it yourself at home); some frames would be underexposed, some frames would be overexposed, and some frames (hopefully) would be correctly exposed—I found examples of all three when searching for GAF 500 photographs. You can achieve similar aesthetics with this recipe if you want, by either dropping the exposure a little or increasing it a little—the exact look of this recipe will vary some depending on the exposure. While I couldn’t replicate every potential GAF 500 aesthetic with this one recipe, and no recipe will ever be 100% spot-on accurate (because of the limited tools available on the camera, and because the results of one film can vary significantly depending an a whole host of factors), I do believe that this recipe is pretty close to replicating the look and feel of GAF 500 film—at least from the perspective of someone who was born after the film was discontinued, so I never had a chance to use it myself. Because this “GAF 500” recipe uses Clarity and Color Chrome FX Blue , it is compatible with the Fujifilm X-Pro3 , X100V , X-T4, X-S10, X-E4, and X-T30 II cameras, and is not compatible with the X-T3 or X-T30. Those with X-Trans V cameras can also use it, and it should render identically, although I have no first-hand experience to verify that. Those with newer GFX cameras can use it, too, although it will render differently. Because of the ultra high-ISO that’s required, I recommend using your electronic shutter and a small aperture (like f/8, f/11, or even f/16) when shooting in bright light outdoors. Eterna Dynamic Range: DR100 Highlight: +2 Shadow: +4 Color: 0 Noise Reduction: -4 Sharpness: -3 Clarity: -2 Grain Effect: Strong, Large Color Chrome Effect: Off Color Chrome Effect Blue: Strong White Balance: 2900K, +9 Red & -9 Blue ISO: 12800 Exposure Compensation: -2/3 to +2/3 (typically) Example photographs, all camera-made JPEGs captured using this “GAF 500” Film Simulation Recipe on my Fujifilm X-E4 :",8704
fujifilm-x-trans-iv-film-simulation-recipe-low-key,Low Key,Classic Negative,1,Classic Negative#1,"Fujifilm cameras have a feature in Advanced Filter Settings called “Low Key” that I recently discovered is based on the Provia film simulation , and can be mimicked. While this “Low Key” setting can produce nice-looking images, I felt that it could be better, so I set out to create a Film Simulation Recipe to serve as an alternative to it, with an aesthetic that I appreciate a little more. Specifically, I wanted a recipe based on the Classic Negative film simulation instead of Provia because I like Classic Negative better. My “Bright Kodak” recipe is an alternative to the “High Key” feature found in the Advanced Filter Settings. Low Key photography is purposefully underexposing for a darker image . It works well when the subject is brightly lit, and the rest of the frame isn’t, so the image is predominately dark, and the brightly lit subject stands out in the otherwise dim frame. I hope this explanation makes sense. This “Low Key” Film Simulation Recipe and the Low Key feature in the Advanced Filter Settings work similarly, and produce nice results when used in the correct situations. While not for everyday use, some of you will certainly appreciate this recipe for when the light is right. I did not model this recipe after any specific emulsion. This “Low Key” Film Simulation Recipe is fully compatible with newer X-Trans IV cameras: Fujifilm X-Pro3, X100V, X-T4, X-S10, X-E4, & X-T30 II. Because it uses Classic Negative, Color Chrome FX Blue , and Clarity , it is not compatible with the X-T3 and X-T30. Those with newer GFX cameras can likely use it, too, although results will be slightly different. Classic Negative Dynamic Range: DR200 Highlight: +1 Shadow: +2 Color: +4 Noise Reduction: -4 Sharpness: -1 Clarity: -2 Grain Effect: Weak, Small Color Chrome Effect: Strong Color Chrome Effect Blue: Weak White Balance: Daylight, -2 Red & -4 Blue ISO: Auto, up to ISO 6400 Exposure Compensation: -2/3 to -1 1/3 (typically) Example photographs, all camera-made JPEGs using this “Low Key” Film Simulation Recipe on my Fujifilm X-E4 : Low Key Film Simulation Recipe vs. Low Key Advanced Filter Setting This post contains affiliate links, and if you make a purchase using my links I’ll be compensated a small amount for it. Fujifilm X-E4 Black Amazon B&H Fujifilm X-E4 Silver Amazon B&H",2306
fujifilm-x100v-film-simulation-recipe-the-rockwell-velvia,The Rockwell,Velvia,-1,,"Abandoned Dream – Red Rock Lakes NWR, MT – Fujifilm X100V – “The Rockwell” Ken Rockwell likes to say that Fujifilm cameras aren’t good for landscape photography because the JPEG colors aren’t “wild” enough for him. Even on his review of the X100V , he says, “The as-shot JPG color palette and contrasts are quite sedate,” and, “the X100V won’t amp-up colors if they aren’t strong to begin with.” He adds, “The Velvia film simulation modes don’t look any better; certainly not like real Velvia.” He’s entitled to his opinion, but I think he just hasn’t used the “right” recipe, and he might change his mind if he did. This recipe is one that Ken Rockwell might approve of, as it’s inspired by him, and that’s why I call it The Rockwell . Ken mentions that the Velvia film simulation isn’t like real Velvia, and he means Velvia 50. There are, in fact, a few different films that share the Velvia name. Straight out of the box, the film simulation differs a little from the film. My X-T30 Velvia recipe is intended to get the film simulation closer to actual Velvia 50 film. “The Rockwell” recipe is also in the ballpark of Velvia 50 film, although it might actually exceed it. I’ve heard it said that Fujifilm’s short lived Fortia film (which Color Chrome Effect and Color Chrome Effect Blue are inspired by), which is like Velvia 50 on steroids, was a mistake. Supposedly it (or at least the original Fortia 50) was a botched Velvia run, but instead of trashing it Fujifilm sold it as a new film. This recipe isn’t as crazy as Fortia, but it’s every bit as crazy as Velvia 50 and perhaps slightly more. Another film that is in the general vicinity of this aesthetic is Kodak’s Ektachrome 100VS, which was essentially Kodak’s closest film to Velvia, but this recipe is a little off from that film. No, “The Rockwell” isn’t an exact match to any film, it’s just a recipe that Ken might use on his X100V if he ever read this article. Gibbon Falls – Yellowstone NP, WY – Fujifilm X100V – “The Rockwell” This film simulation recipe is definitely not for everyone. Just like the person it was named after, it’s bold yet sometimes over-the-top. Many of you will find it to be much too much for your photography. But some of you are going to love it. In the right situations, this recipe is stunning! It uses Clarity , which slows down the camera considerably, but this is a recipe that you might want to work slow with anyway, so it should be alright. This recipe is only compatible (as if this writing) with the X100V, X-Pro3 and X-T4. Velvia Dynamic Range: DR200 Highlight: -1 Shadow: -1 Color: +4 Noise Reduction: -4 Sharpening: +4 Clarity: +5 Grain Effect: Weak, Small Color Chrome Effect: Strong Color Chrome Effect Blue: Strong White Balance: Auto, +1 Red & -1 Blue ISO: Auto, up to ISO 6400 Exposure Compensation: +1/3 to +2/3 (typically) Example photographs, all camera-made JPEGs using this “The Rockwell” film simulation recipe on my Fujifilm X100V: Lake McDonald Shore Trees – Glacier National Park, MT – Fujifilm X100V Driftwood Shore – Glacier National Park, MT – Fujifilm X100V McDonald Lake & Rocks – Glacier National Park, MT – Fujifilm X100V Lake McDonald – Glacier National Park, MT – Fujifilm X100V Flathead Lake – Flathead Lake, MT – Fujifilm X100V Clear Blue Water – Glacier National Park, MT – Fujifilm X100V Tree & Snake River – Idaho Falls, ID – Fujifilm X100V McDonald Creek Behind Pines – Glacier National Park, MT – Fujifilm X100V Trees Obscuring the River – Glacier National Park, MT – Fujifilm X100V McDonald Creek – Glacier National Park, MT – Fujifilm X100V Green Trees – Glacier National Park, MT – Fujifilm X100V Forest Flowers – Glacier National Park, MT – Fujifilm X100V Lake Daisies – Flathead Lake, MT – Fujifilm X100V Blossomed Bush by the Lake – Flathead Lake, MT – Fujifilm X100V Upper Red Rock Lake – Red Rock Lakes NWR, MT – Fujifilm X100V Red Lake Light – Flathead Lake, MT – Fujifilm X100V Morning Rays – Canyon Ferry Lake, MT – Fujifilm X100V Sunset Through The Trees – Island Park, ID – Fujifilm X100V Aspen Sunstar – Island Park, ID – Fujifilm X100V Johnny Sack Cabin – Island Park, ID – Fujifilm X100V Hanging Flower Pot – Big Sky, MT – Fujifilm X100V Mountain Wildflowers 1 – Red Rock Lakes NWR, MT – Fujifilm X100V Mountain Wildflowers 2 – Red Rock Lakes NWR, MT – Fujifilm X100V Rural Blossoms – Island Park, ID – Fujifilm X100V Mountain Springtime – Island Park, ID – Fujifilm X100V Blossom by the River – Island Park, ID – Fujifilm X100V River Grass – Island Park, ID – Fujifilm X100V Grassy Hills – Wild Horse Island State Park, MT – Fujifilm X100V Pine in the Field – Wild Horse Island State Park, MT – Fujifilm X100V Abandoned Rural Building – Wild Horse Island State Park, MT – Fujifilm X100V Pop of Color Cabin – Polebridge, MT – Fujifilm X100V Birdhouse Fence – Island Park, ID – Fujifilm X100V Playground at the Edge of Nowhere – Island Park, ID – Fujifilm X100V Hot Water – Yellowstone National Park, WY – Fujifilm X100V Blue Eye – Yellowstone National Park, WY – Fujifilm X100V Red Rock Turtle – Island Park, ID – Fujifilm X100V Colorful Pallets – Bozeman, MT – Fujifilm X100V Westfield – Idaho Falls, ID – Fujifilm X100V Pink – Island Park, ID – Fujifilm X100V Stop for the Pink Bus – Silos, MT – Fujifilm X100V 18 – Silos, MT – Fujifilm X100V Stop Here – Yellowstone National Park, WY – Fujifilm X100V Blue Trailer – Rexburg, ID – Fujifilm X100V Grease Work – Rexburg, ID – Fujifilm X100V See also: Film Simulation Recipe s This post contains affiliate links, and if you make a purchase using my links I’ll be compensated a small amount for it. Fujifilm X100V Black Amazon B&H Fujifilm X100V Silver Amazon B&H Nobody pays me to write the content found on fujixweekly.com. There's a real cost to operating and maintaining this site, not to mention all the time that I pour into it. If you appreciated this article, please consider making a one-time gift contribution. Thank you!",5933
fujifilm-x-e4-x-trans-iv-film-simulation-recipe-vibrant-velvia,Vibrant Velvia,Velvia,-1,,"I really like The Rockwell Film Simulation Recipe , but sometimes it’s just a hair too much for me. I decided to create a new yet similar recipe that just tones it down a tad. Don’t get me wrong: this new recipe is still wild with vivid colors and definitely not for every situation or even every photographer. It will produce similar results to The Rockwell recipe, but (by a small margin) just a little more soft and tame. This new “Vibrant Velvia” recipe is for when you want colors to pop. It’s a vibrant recipe for bold pictures. While it’s very colorful, it has low contrast, so it works especially well on sunny days, but I also had good luck with it in grey overcast conditions and in the shade. It’s not well suited for portraits or artificial light; instead, use it outdoors for colorful landscape photography. While I didn’t try to mimic Velvia film specifically, the results do remind me a little of Velvia 50 slides as viewed through a projector, although that is an impression (“memory color”), and not anything I studied specifically for this recipe. The “Vibrant Velvia” recipe is compatible with the Fujifilm X-Pro3, X100V, X-T4, X-S10, X-E4, and X-T30 II cameras. Because it uses Clarity and Color Chrome FX Blue , it isn’t compatible with the X-T3 and X-T30—try the Velvia v2 recipe on those cameras, which is fairly similar. Those with newer GFX cameras can try this recipe, too, although the results will be very slightly different. Velvia Dynamic Range: DR400 Highlight: -2 Shadow: -1 Color: +4 Noise Reduction: -4 Sharpness: 0 Clarity: +4 Grain Effect: Weak, Small Color Chrome Effect: Strong Color Chrome Effect Blue: Strong White Balance: Daylight, -1 Red & +1 Blue ISO: Auto, up to ISO 6400 Exposure Compensation: +2/3 to +1 (typically) Example photographs, all camera-made JPEGs using this “Vibrant Velvia” Film Simulation Recipe on a Fujifilm X-E4 :",1877
fujifilm-x100v-film-simulation-recipe-bleach-bypass,“Bleach Bypass”,Classic Negative,3,Classic Negative#3,"Rose on a Table – Farmington, UT – Fujifilm X100V – “Bleach Bypass” The Fujifilm X-T4 has a new film simulation called Bleach Bypass. At this time, the X-T4 is the only camera that has it. It might come to the X-Pro3 and X100V at some point via a firmware update, but it’s difficult to know for sure if or when that will happen. Hopefully Fujifilm will add Bleach Bypass to the other cameras at some point. Back in February I created a “Bleach Bypass” film simulation recipe for the X-T30 and X-T3 utilizing the double-exposure feature of the camera. The results are great, but the process is tricky, and the subject has to be completely still because it requires two exposures. The Fujifilm X100V and X-Pro3 cameras don’t (yet) have the new Bleach Bypass film simulation, but they do have the new Classic Negative film simulation, which makes a “bleach bypass” look possible with just one exposure. Bleach bypass is a darkroom technique where you skip or limit the bleach during development of color film, which causes it to retain the silver. Results will vary greatly depending on the film used and exactly how you develop it, but generally speaking what you get with bleach bypass is a high-contrast, low-saturation, grainy picture that appears as if a black-and-white and color picture were combined together. This technique is more common for motion picture film than still photography, but some people do bleach bypass with C-41 film. Thistle Color – Fruit Heights, UT – Fujifilm X100V – “Bleach Bypass” I don’t know how accurate this recipe is to the Bleach Bypass film simulation that’s on the X-T4. I wasn’t trying to mimic that film simulation, but instead mimic actual bleach bypass film. I know some of you will really appreciate this look, but it’s certainly not going to be everyone’s cup of tea. You can use this recipe if you have a Fujifilm X100V, X-Pro3 or X-T4. Classic Negative Dynamic Range: DR100 Highlight: +2 Shadow: +4 Color: -4 Noise Reduction: -4 Sharpening: -1 Clarity : +3 Grain Effect: Strong, Large Color Chrome Effect: Weak Color Chrome Effect Blue : Strong White Balance: Daylight, -1 Red & +1 Blue ISO: Auto, up to ISO 6400 Exposure Compensation: 0 to +2/3 (typically) Example photographs, all camera-made JPEGs using this “Bleach Bypass” film simulation recipe on my Fujifilm X100V: Silver Aspen Leaves – Farmington, UT – Fujifilm X100V Greenberries – Farmington, UT – Fujifilm X100V Back Wall – Fruit Heights, UT – Fujifilm X100V Turkey – Farmington, UT – Fujifilm X100V Umbrella Below a Tree – Fruit Heights, UT – Fujifilm X100V Instamatic Light – Farmington, UT – Fujifilm X100V Kodak Instamatic Shelf – Farmington, UT – Fujifilm X100V Pronto Polaroid – Farmington, UT – Fujifilm X100V Dead Yellow Roses – Farmington, UT – Fujifilm X100V Coffee & Book – Farmington, UT – Fujifilm X100V Morning Time – Farmington, UT – Fujifilm X100V Vase on a Table – Farmington, UT – Fujifilm X100V Suburban Grey – Farmington, UT – Fujifilm X100V Leaf in the Wet Grass – Farmington, UT – Fujifilm X100V Water on a Red Slide – Farmington, UT – Fujifilm X100V Lavender Lily – Farmington, UT – Fujifilm X100V Sunlight in the Trees – Layton, UT – Fujifilm X100V See also: Film Simulation Recipes This post contains affiliate links, and if you make a purchase using my links I’ll be compensated a small amount for it. Fujifilm X100V Black Amazon B&H Fujifilm X100V Silver Amazon B&H Nobody pays me to write the content found on fujixweekly.com. There's a real cost to operating and maintaining this site, not to mention all the time that I pour into it. If you appreciated this article, please consider making a one-time gift contribution. Thank you!",3668
eterna-bleach-bypass-fujifilm-x-e4-x-trans-iv-film-simulation-recipe,Eterna Bleach Bypass,Eterna Bleach Bypass,1,Eterna Bleach Bypass#1,"I was challenged by Thomas Schwab to create a Film Simulation Recipe that mimics the aesthetic of the picture in the background of Dan Bailey’s YouTube video discussing the Eterna Bleach Bypass film simulation . There were indeed some challenges, including limited samples (which were viewed on a YouTube video), and the fact that I now live in Arizona and not Utah (no access to majestic snow-capped mountain scenes), but I do believe that I got in the ballpark. This is essentially a “black-and-white” Recipe for color photography—capable of producing dramatic near-monochrome images. This Film Simulation Recipe uses Eterna Bleach Bypass, and it does, in fact, produce a bleach-bypass look. Bypassing the bleach step is a darkroom technique that produces an aesthetic similar to a black-and-white image superimposed over a color image. It’s more common in motion picture cinematography than still photography, but it’s a technique that has been utilized in still photography for a very long time. It can be done with any color film, but is more frequently done with slide film than negative film. If you are desiring a bleach-bypass look, this Recipe will produce that for you.",1180
fujifilm-x-e4-x-trans-iv-film-simulation-recipe-muted-color,Muted Color,Eterna Bleach Bypass,0,Eterna Bleach Bypass#0,"A Fuji X Weekly reader asked me to mimic the look of some photographs that he shared with me. These were digital pictures that had been edited with software, but he was hoping to achieve this look straight-out-of-camera, if at all possible. It turns out that it is possible (although I only had three images to study, so I’m not completely certain this is an exact match, but I believe it is pretty close); however, it requires the Eterna Bleach Bypass film simulation, which, unfortunately, his camera does not have. If your camera does have Eterna Bleach Bypass, than you are fortunate because you can use this very interesting recipe! What film does this recipe most closely mimic? The most similar film might be the (now discontinued) Konica Impresa 50, although it is certainly not an exact match. There are also some similarities to Portra that’s had the bleach skipped, although I wouldn’t say that this is an exact match for that, either. I don’t think this film simulation recipe is a faithful facsimile of any film, yet it produces a nice analog aesthetic anyway. It has strong contrast and very muted colors—almost monochrome. In a way, it’s the closest thing to black-and-white in color photography. This recipe is only compatible with the Fujifilm X-E4, X-S10, X-E4, and X-T30 II cameras. If you have one of those cameras, I invite you to give this recipe a try! I know that it will be an instant favorite for some of you. Eterna Bleach Bypass Dynamic Range: DR400 Highlight: -0.5 Shadow: +1 Color: -4 Noise Reduction: -4 Sharpening: 0 Clarity: -2 Grain Effect: Weak, Small Color Chrome Effect: Strong Color Chrome Effect Blue: Weak White Balance: Auto, +3 Red & -8 Blue ISO: Auto, up to ISO 6400 Exposure Compensation: 0 to +2/3 (typically) Example photographs, all camera-made JPEGs captured using this “Muted Color” film simulation recipe on my Fujifilm X-E4 :",1876
fujifilm-x-e4-x-trans-iv-film-simulation-recipe-ferrania-solaris-fg-400,Ferrania Solaris FG 400,Eterna Bleach Bypass,0,Eterna Bleach Bypass#0,"Ferrania is an Italian film manufacturer that’s been making photographic film since the 1920’s. For a long time they were owned by 3M. They were perhaps best known for producing films for “generic” brands, but they also had their own products that they sold. One Ferrania brand line was called Solaris, a color negative emulsion available in ISO 100, 200, and 400 varieties. The history of the Solaris line is a little vague. There have been a number of different versions produced from perhaps the 1980’s until very recently, and some of these had significantly different aesthetics. This recipe seems to be close to Ferrania Solaris FG 400, which was sold in the late-1990’s and early-2000s. It was known for having a lot of contrast (for a color negative film), low saturation, and a slight warm cast (a bit unusual for a European film). Ferrania Solaris FG 400 Plus, which came out later, definitely had a different look (more similar to Superia), and this recipe is not a close match for that emulsion. I didn’t set out to mimic the look of Ferrania Solaris FG 400—it just so happens to look like it. This recipe is actually Kodak Portra 400 v2 (and also Vintage Vibes ) except with the Eterna Bleach Bypass film simulation (instead of Classic Chrome and Classic Negative, respectively). Those two recipes are personal favorites, so it’s not too surprising that simply changing the film simulation produces good results. This recipe does a good job of (unintentionally) mimicking Ferrania Solaris FG 400, but one flaw is that it’s a bit too warm (compared to the film), and it’s more like shooting the film with a warming filter attached to the lens (a common technique when shooting film). Because this recipe uses the Eterna Bleach Bypass film simulation, it’s only compatible with the Fujifilm X-T4, X-S10, X-E4, and X-T30 II cameras. As a reminder, Clarity slows the camera down considerably, as it takes a noticeable moment to save the exposure to the card. You could, alternatively, instead of Clarity, use a diffusion filter, such as the 5% CineBloom filter or 1/8 Black Pro Mist, with this recipe. Eterna Bleach Bypass Dynamic Range: DR400 Highlight: 0 Shadow: -2 Color: +2 Noise Reduction: -4 Sharpening: -2 Clarity: -2 Grain Effect: Strong, Small Color Chrome Effect: Strong Color Chrome Effect Blue: Weak White Balance: 5200K, +1 Red & -6 Blue ISO: Auto, up to ISO 6400 Exposure Compensation: +1/3 to +1 (typically) Example photographs, all camera-made JPEGs using this new Eterna Bleach Bypass film simulation recipe on my Fujifilm X-E4 :",2555
fujifilm-x-trans-iv-film-simulation-recipe-lomochrome-metropolis,LomoChrome Metropolis,Eterna Bleach Bypass,0,Eterna Bleach Bypass#0,"I’ve had many requests to create a LomoChrome Metropolis recipe, but it was impossible until Fujifilm created the new Eterna Bleach Bypass film simulation and new Auto White Priority white balance. LomoChrome Metropolis film, which is a Lomography product, has only been around for a couple of years. The film is high-contrast, with low-saturation and a warm cast. It has a cool retro-feel despite being new. There’s a special quality to this LomoChrome Metropolis recipe. It’s almost a color version of black-and-white photography. In the right situations it creates a wonderful look that’s easy to love. It often mimics the film pretty faithfully. I’m very happy with how this one turned out, and I used it recently on a trip to Arizona .",740
fujifilm-x-e4-x-trans-iv-film-simulation-recipe-silver-summer,Silver Summer,Eterna Bleach Bypass,0,Eterna Bleach Bypass#0,,0
kodachrome-blue-fujifilm-x-e4-x-trans-iv-film-simulation-recipe,Kodachrome Blue,Eterna Bleach Bypass,1,Eterna Bleach Bypass#1,"Kodak made Kodachrome color-reversal (slide) film from 1935 through 2009. There are three era’s of Kodachrome: 1935-1960, 1961-1973, and 1974-2009. Each era has its own look; the second and third eras are probably the most similar. Kodachrome is actually a B&W film, with color dyes added during development. It was a unique and complicated process. Because of how the film works, it’s the most difficult emulsion to scan, often producing a blue cast that doesn’t exist when viewing the slides through a projector or on a light table. Professional labs will have a profile to color correct Kodachrome scans, but even that’s not usually a 100% match. As it used to be said, “There’s nothing like projected Kodachrome!” If the scans aren’t carefully corrected, the results are often significantly more blue than the slides. The feeling that all the world’s a sunny day (as Paul Simon sang) is completely gone. Once you know what to look for, it’s easy to spot these incorrectly color corrected Kodachrome images, and they’re prevalent. Over the last few weeks I’ve stumbled across several sets of these incorrectly color corrected Kodachromes while perusing the web, mostly from the second era of the film. I thought that the look was interesting, so I set out to recreate it on my Fujifilm X-E4; however, the process was more challenging than I had anticipated. I had assumed that Classic Chrome would be the best film simulation to base this new Film Simulation Recipe on—it was the obvious choice, right?—but I couldn’t get it to look right. It was actually the fifth film sim I tried before I decided that I was finally on the right track. After four different modifications, I felt I got it as close as I could, and had a reasonable facsimile of the film when not appropriately color corrected. Interestingly, I compared my Recipe to some incorrectly colored Kodachrome 64 film scans in my collection—some frames I captured on a Canon AE-1 back in 1999 that (when I later had them scanned) the lab rendered too blue—and the resemblance was striking. I made one more small change to the Recipe to get it even closer, and called it good. One thing that I wish was possible is a little more color saturation, but +4 is the highest option; if +5 or maybe +6 were available, I’d have bumped Color just a tad higher. This Kodachrome Blue Film Simulation Recipe is compatible with the Fujifilm X-T4, X-S10, X-E4, and X-T30 II cameras, as well as the GFX100S. For fifth-generation X-Trans models, as well as the GFX100 II, GFX100S II, and GFX100RF, set Color Chrome FX Blue to Weak instead of Strong. This isn’t a Recipe that I suspect will be anyone’s go-to for everyday use—I’d look at Kodachrome 64 or Kodachrome II for general photography—but it’s a fun one that I think some of you will really appreciate in certain circumstances. I personally like the retro feelings that Kodachrome Blue produces. Note: this was an App Patron Early-Access Recipe, but now it is available to everyone. Example photographs, all camera-made JPEGs captured using this Kodachrome Blue Film Simulation Recipe on my Fujifilm X-E4 :",3109
fujifilm-x-e4-film-simulation-recipe-ektachrome-320t,Ektachrome 320T,Eterna Bleach Bypass,0,Eterna Bleach Bypass#0,"The Ektachrome line has been around since the 1940’s, but Kodak didn’t introduced Ektachrome 320T, also known as Ektachrome EPJ 320T, until 1992. This was a high-speed Tungsten color-reversal (slide) film intended for use under artificial light. Tungsten films were never as popular as daylight-balanced films; when used in daylight you get a strong blue cast (unless you have an 80A filter). I’m not completely sure when Kodak discontinued Ektachrome 320T, but I believe it was sometime in the early to mid 2000’s—all Ektachrome films were discontinued by 2013. When Kodak reintroduced Ektachrome in 2018, EPJ 320T was unsurprisingly not included. This film simulation recipe was not intended to mimic Ektachrome 320T. I was simply trying to create a tungsten film look using the new Eterna Bleach Bypass film simulation. Prior to this I had only one recipe for Eterna Bleach Bypass, LomoChrome Metropolis , so I was eager to create another. The reason for a tungsten-like recipe is because I feel as though I don’t have as many after-dark options as I’d like. This recipe’s similarities to Ektachrome 320T film is coincidental, as I didn’t set out to recreate it, but it does, in fact, resemble the film fairly well. Even though I didn’t intend to create an Ektachrome 320T recipe, these settings come curiously close. I would consider, when using this recipe under artificial light, setting the White Balance Shift to -7 Red & -6 Blue to more accurately reflect the film (I didn’t make that adjustment for any of the photographs in this article). I wish that +5 was an option for Color—that would likely be more accurate to the film—but unfortunately it tops out at +4. I debated if Grain size should be Small or Large, but I ended up going with Small because that’s what I originally set it to; however, Large grain might be slightly closer to what you’d find on actual Ektachrome 320T, although that’s certainly debatable. This recipe is the first one to use the new Auto Ambience Priority white balance , which is currently (as of this writing) only available on the Fujifilm X-T4, X-S10 and X-E4 cameras. That means this recipe is only compatible with those three cameras. As a reminder, the camera will take a moment to save each exposure when using Clarity. Also, High ISO NR on the newer camera models is the same as Noise Reduction—Fujifilm renamed it for some reason, but it’s the same thing. Eterna Bleach Bypass Dynamic Range: DR400 Highlight: +1 Shadow: -2 Color: +4 Noise Reduction: -4 Sharpening: 0 Clarity: -3 Grain Effect: Strong, Small Color Chrome Effect: Strong Color Chrome Effect Blue: Strong White Balance: Auto Ambience Priority, -6 Red & -5 Blue ISO: Auto, up to ISO 6400 Exposure Compensation: 0 to +2/3 (typically) Example photographs, all camera-made JPEGs using this Ektachrome 320T film simulation recipe on my Fujifilm X-E4 :",2858
expired-ecn-2-100t-fujifilm-x-trans-iv-x-trans-v-film-simulation-recipe,Expired ECN-2 100T,Eterna Bleach Bypass,0,Eterna Bleach Bypass#0,"Eastman Color Negative II 100T, which was also known as ECN-2 Type 5247/7247, was a 100 ASA Tungsten-balanced motion picture film made by Kodak between 1974 and 1983 (although, apparently, it could still be found and was used into the early 1990’s). A lot of iconic movies used this emulsion for at least some shots, including Star Wars , Back to the Future , Raiders of the Lost Ark , and many more. This Film Simulation Recipe is intended to mimic the aesthetic of this film stock that’s long-expired and developed in C41 chemistry after having the Remjet layer removed. In other words, this recipe isn’t intended to look like the film as it’s seen in the movies, but expired film that’s been developed in C41 chemistry instead of the ECN-2 process. Tungsten film was intended for use in artificial light; for use in daylight, a Color Correction filter would be attached to the lens to adjust the white balance. This “Expired ECN-2 100T” Recipe does not replicate the use of Color Correction filters, and is more like shooting without it. The results can be quite unusual, especially in daylight. But if you are looking for something unusual, maybe this Film Simulation Recipe is for you. I don’t think it will be anyone’s go-to option, but for occasional use, if you want a lomo-like look, give this one a try. Also, it’s pretty decent for nighttime. This Recipe produces a green or yellow cast (depending on the light) when used at night, and a strong teal-ish cast when used in daylight.",1492
fujifilm-x100v-film-simulation-recipe-faded-negative,Faded Negative,Classic Negative,0,Classic Negative#0,,0
fujifilm-x-trans-iv-film-simulation-recipe-cinestill-50d,CineStill 50D,Astia,-1,,"CineStill 50D is Kodak Vision3 50D (a low-ISO daylight color negative motion picture film) with the remjet layer removed so that it can be developed via the C-41 process. I’ve been asked many times to recreate the look of this film for Fujifilm X cameras. I’ve attempted multiple times, but never succeeded—even this recipe I’m a little hesitant to share because it is “as close as I can get” but perhaps not as close as I’d like it to be. I think some of you will really appreciate it, and I hope everyone else can excuse that it isn’t perhaps the most accurate recipe I’ve ever made. There were a few tricky parts creating this CineStill 50D recipe. First, I’ve never shot the film, and had to rely on examples from the internet. Second, there are at least three distinct aesthetics produced by this film, which I assume is from how it was shot, developed, and scanned. All films can vary in looks depending on a lengthy host of factors, and this one seems especially so. I picked one specific aesthetic that I came across as the basis of this recipe, and I think this recipe mimics that pretty well. Third, I came across an article stating that CineStill 50D scans must be treated as RAW images, as “they’re not finished straight out of the scanner.” That made me wonder how much editing had been done to the picture samples I found—how much of the look was from the film and how much was from the software. These were just some of the challenges. Because the film is missing the remjet layer, it is particularly prone to halation, so I used a 10% CineBloom filter for a couple of these pictures (such as the one above) to mimic that. I don’t think it helped as much as I thought it might, so I discontinued that pretty quickly, but it certainly something you can try. I think this recipe looks best in direct sunlight. Under overcast, shade, indoor, or nighttime light it can produce interesting results, but is “most accurate” to the film when photographing in blue-sky daylight. Because it uses Clarity , this recipe is not compatible with the X-T3 and X-T30; however, if you use a diffusion filter—such as 10% CineBloom or 1/4 Black Pro Mist—in lieu of Clarity, that will give you similar (but not identical) results. Astia Dynamic Range: DR200 Highlight: -1 Shadow: 0 Color: -4 Noise Reduction: -4 Sharpening: 0 Clarity: -4 Grain Effect: Weak, Small Color Chrome Effect: Strong Color Chrome Effect Blue: Off White Balance: 6800K, -5 Red & -3 Blue ISO: Auto, up to ISO 6400 Exposure Compensation: +1/3 to +2/3 (typically) Example photographs, all camera-made JPEGs using this “CineStill 50D” Film Simulation Recipe on my Fujifilm X-E4 :",2643
kodak-portra-do-sol-fujifilm-x-trans-iv-film-simulation-recipe,Kodak Portra do Sol,Classic Chrome,0,Classic Chrome#0,"This new Film Simulation Recipe comes courtesy of Gilson Teixeira . “It started with your Bright Kodak Recipe , which I loved for its energy and vibrancy. But I was looking for something softer—still warm and colorful, but a bit more cinematic and relaxed. I imagined a Recipe that could bring out a golden, mellow vibe even on grey days. That’s how Kodak Portra do Sol came to life: my go-to point-and-shoot simulation for capturing a little warmth wherever I am.” “As a Brazilian living in London,” Gilson told me, “the long, grey winters can be tough—and this past winter hit particularly hard. I wanted to create something that could bring a bit of Brazil’s tropical spirit into my everyday life. The name is a nod to my mother tongue: do sol means ‘of the sun,’ and I liked the play between Portra and porta —as if it were a ‘Door of the Sun.’ At the same time, something shifted creatively. After years away from photography, I picked up the camera again—not just to escape the grey, but to reconnect with something I thought I’d left behind. Photography has now become part of my self-care. During my 45–60 minute daily walks, I focus on light, angles, composition, and Recipes. That attention clears my mind and helps me recharge—especially through winter, it helped me stay grounded. If anyone reading this is struggling, I truly recommend reaching out to Samaritans —they’re there to listen, wherever you are.” “Surprisingly, it was AI that brought me back to photography,” he continued. “I work in IT and focus on AI at Microsoft. I noticed how naturally my prompts leaned toward light and composition—photography had quietly stayed with me all along. I studied digital imaging back in 1994 at the New England School of Photography in Boston, so that knowledge was still there, waiting to be revived.” “Bright Kodak is bolder and more punchy,” Gilson replied when asked what differentiates Kodak Portra do Sol from Bright Kodak. “I wanted something calmer. I removed Grain, reduced Color from +4 to +3, and softened Clarity from -3 to -1. I switched to Auto White Balance, with a gentler Shift (+2R, -6B) for a warm, flexible look, and added Color Chrome Effect Strong to deepen tones without over-saturation.” “I see recipes as creative tools,” he added, “not shortcuts. They help set the mood in-camera, so I can focus on light and storytelling. With Kodak Portra do Sol, I’m not just capturing images, I’m capturing how those moments feel.” I want to give a special “thank you” to Gilson Teixeira for sharing this Recipe and the story behind it, and for allowing me to publish some of his photographs. Please check out his Instagram , and leave a kind note for him in the comments. Thank you, Gilson! This Kodak Portra do Sol Film Simulation Recipe is compatible with the Fujifilm X100V, X-Pro3, X-T4, X-S10, X-E4, and X-T30 II cameras, as well as the GFX100S. You can use it on newer cameras, too, but blue will render slightly deeper (try it anyway). Example photographs, all camera-made JPEGs captured by Gilson Teixeira using this Kodak Portra do Sol Film Simulation Recipe on a Fujifilm X-T30 II: Example photographs, all camera-made JPEGs captured using this Kodak Portra do Sol Film Simulation Recipe on my Fujifilm X-T4 and X-E4:",3251
fujifilm-x-trans-iv-film-simulation-recipe-bright-kodak,Bright Kodak,Classic Chrome,1,Classic Chrome#1,"Fujifilm cameras have a feature in Advanced Settings called “High Key” that I recently discovered is based on the Provia film simulation , and can be mimicked. While this “High Key” setting can produce nice-looking images, it’s not really my style, so I set out to create a Film Simulation Recipe to serve as an alternative to it, with an aesthetic that I appreciate a little more. Specifically, I wanted a generic overexposed Kodak color negative film aesthetic, perhaps Portra-like (or at least Portra-inspired), which is why I call this recipe Bright Kodak . Bright Kodak might look familiar. It’s actually similar to a couple of other recipes, namely Bright Summer (a.k.a. “Preetra 400”) and Kodak Portra 400 Warm . If you like those recipes, you’ll certainly like this one, too. The key to using this Bright Kodak recipe is to increase the exposure⁠—almost overexpose⁠—to make the pictures nice and bright. This Film Simulation Recipe is fully compatible with newer X-Trans IV cameras: Fujifilm X-Pro3, X100V, X-T4, X-S10, X-E4, & X-T30 II. If you have an X-T3, X-T30, or X-Trans III camera, you can get similar results by ignoring Grain size and using a diffusion filter (such as 10% CineBloom) in lieu of Clarity . This recipe is also likely compatible with newer GFX cameras, although the results won’t be completely identical. Classic Chrome Dynamic Range: DR400 Highlight: -2 Shadow: -2 Color: +4 Noise Reduction: -4 Sharpening: -2 Clarity: -3 Grain Effect: Strong, Large Color Chrome Effect: Off Color Chrome Effect Blue: Off White Balance: Daylight, +3 Red & -7 Blue ISO: Auto, up to ISO 6400 Exposure Compensation: +1 to +1 2/3 (typically) Example photographs, all camera-made JPEGs using this “Bright Kodak” Film Simulation Recipe on my Fujifilm X-E4 : Compared to “Bright Summer” & “Kodak Portra 400 Warm”:",1821
fujifilm-x100v-film-simulation-recipe-preet,Bright Summer,Classic Chrome,0,Classic Chrome#0,"I get asked frequently to create film simulation recipes for many different film aesthetics, but sometimes I get asked to recreate the look of a photographer and not a film. This recipe falls into the latter category, as it is intended to resemble the aesthetic of Preet ( Instagram ), a photographer from Dubai. Preet uses a Fujifilm X-Pro3, but he shoots RAW and edits in Lightroom. In fact, he told me that he will soon be releasing his own Lightroom presets so that you can get his aesthetic in-software. I wanted to get close tp his look in-camera without the need for RAW editing, so I created this film simulation recipe, which is modeled after Preet’s pictures. It’s not an exact match, but probably as close as you can get straight-out-of-camera. I can recognize Preet’s images without even seeing his name. They are bright, low-contrast (but typically of high-contrast scenes), and vibrant with a warm yellow-ish cast. They are almost kodak-esque, but not exactly like any specific film, and clean without grain. This film simulation recipe is pretty close to that aesthetic. Preet photographs a lot of beach scenes, buildings, and cars. I’m reminded of a bright summer day, which is why I call this recipe “Bright Summer.” I found with this recipe that sometimes Color should be set to +3 instead of +4 to better match Preet’s look, but oftentimes +4 is better, and occasionally +5 would be most correct if such a setting existed. If you prefer Color set to +3 don’t be afraid to do it. White Balance Shift occasionally looks more correct with Red set to -5, but I found -4 to be better for most pictures. It’s a similar situation for Blue: -3 is sometimes a better match, but most often -2 is most correct. You’ll have to decide if you prefer the recipe as stated below, or if -5 Red & -2 Blue, or -5 Red & -3 Blue, or -4 Red and -3 Blue works better for you. It might vary from picture-to-picture. Although I have Grain set to Off, I would consider setting it to Weak and Small, but that’s just my taste. To get even closer to Preet’s look, bring down the highlights and lift the shadows very slightly with a curves adjustment in-software (which, of course, is completely optional). This film simulation recipe is only compatible with the Fujifilm X100V, X-Pro3 and X-T4. Classic Chrome Dynamic Range: DR400 Highlight: -2 Shadow: -2 Color: +4 Noise Reduction: -4 Sharpening: 0 Clarity: -5 Grain Effect: Off Color Chrome Effect: Strong Color Chrome Effect Blue: Off White Balance: 7100K, -4 Red & -2 Blue ISO: Auto, up to ISO 6400 Exposure Compensation: +1 to +2 (typically) Example photographs, all camera-made JPEGs using this “Bright Summer” film simulation recipe (without any modifications) on my Fujifilm X100V : See also: Film Simulation Recipes This post contains affiliate links, and if you make a purchase using my links I’ll be compensated a small amount for it. Fujifilm X100V Black Amazon B&H Fujifilm X100V Silver Amazon B&H Nobody pays me to write the content found on fujixweekly.com. There's a real cost to operating and maintaining this site, not to mention all the time that I pour into it. If you appreciated this article, please consider making a one-time gift contribution. Thank you!",3218
expired-velvia-fujifilm-x-trans-iv-x-pro3-x100v-x-t4-x-s10-x-e4-x-t30-ii-film-simulation-recipe,Expired Velvia,Classic Negative,1,Classic Negative#1,"Film has an expiration date. Typically two years after it was manufactured, unused film starts to degrade, and the results will be different. Freezing film prolongs the degenerative process, making it possible to get good results years after expiring. Film should be developed within a day or two of use, but you’re ok to wait a few weeks or even months if stored in a refrigerator. Most photographers take care to use their film before the expiration date, and to thoughtfully store their film in a dark, cool place, but some don’t. There are even some photographers who purposefully seek out film that is well-expired and/or stored incorrectly, just for the unpredictable and unusual results that one might get—there is a bit of serendipity to the style, which can be desirable. This Film Simulation Recipe, called Expired Velvia, came about after a Fuji X Weekly reader shared with me some photographs that he had captured on long-expired Velvia 50 color reversal film. He didn’t have the lab adjust the development time for the expired film, so they were all underexposed (at least a little); however, they turned out really interesting, with an aesthetic that leaned more towards Superia than Velvia. This Recipe does a great job of mimicking that look!",1258
two-fujifilm-x-trans-iv-film-simulation-recipes-expired-slide-expired-slide-v2,Expired Slide &,Velvia,-1,,"I set out to recreate the look of expired slide film. Perhaps expired is the wrong term, because the aesthetic that I was after is more like mishandled slide film—not stored correctly or developed promptly. Maybe it passed its expiration date because it sat in a drawer for so long, or maybe it was in a hot car for a couple of hours, but, whatever the reason, it definitely doesn’t look right. Why would I want to create this look? Because it’s an interesting vintage aesthetic that was somewhat common in the film era. While most people would not want this outcome, interestingly enough, there are some film photographers (a.k.a. Lomographers) who do this kind of thing on purpose specifically because they want this look. The two film simulation recipes below are for those people seeking something different. Neither of these will likely be anyone’s “go-to” recipe, but if you want something that’s a bit unusual, these are ones to try. The film simulation recipe called Expired Slide was actually the second one, as I created (what I now call) Expired Slide v2 first. I liked the original settings, but thought that it might be a bit too much, so I toned it back slightly. I posted examples of both recipes to Instagram and let you guys decide which one was best. The Expired Slide recipe won hands-down, but there were some who passionately preferred Expired Slide v2 , so I’m posting both. The only difference is the white balance (and shift), otherwise they’re identical. Expired Slide has more of a red-orange cast while Expired Slide v2 has more of a red-purple cast. Both recipes (as of this writing) are only compatible with the Fujifilm X-Pro3, X100V , X-T4, X-S10 and X-E4 cameras. Velvia Dynamic Range: DR400 Highlight: +2 Shadow: -1 Color: -4 Noise Reduction: -4 Sharpness: -2 Clarity: -2 Grain Effect: Strong, Large Color Chrome Effect: Strong Color Chrome Effect Blue: Strong White Balance: 5500K, +7 Red & -2 Blue ISO: Auto, up to ISO 6400 Exposure Compensation: -1/3 to +2/3 (typically) Velvia Dynamic Range: DR400 Highlight: +2 Shadow: -1 Color: -4 Noise Reduction: -4 Sharpness: -2 Clarity: -2 Grain Effect: Strong, Large Color Chrome Effect: Strong Color Chrome Effect Blue: Strong White Balance: 5000K, +8 Red & 0 Blue ISO: Auto, up to ISO 6400 Exposure Compensation: -1/3 to +2/3 (typically) Find these film simulation recipes and many more on the Fuji X Weekly — Film Recipes App ! Nobody pays me to write the content found on fujixweekly.com. There’s a real cost to operating and maintaining this site, not to mention all the time that I pour into it. If you appreciated this article, please consider making a one-time gift contribution. Thank you!",2675
redscale-fujifilm-x-trans-iv-v-film-simulation-recipe,RedScale,Classic Negative,0,Classic Negative#0,"Redscale is an analog film technique where you load a roll of color film into the camera backwards. The film is exposed from the wrong side—through the plastic backing—exposing the red layer first. The results are photographs with a predominately red color cast. Sometimes it’s yellow-ish, sometimes it’s orange-ish, sometimes it’s peach-ish, sometimes it’s purple-ish, but mainly it is red. Results can very from film-to-film, and also how the film is exposed and developed/scanned; however, a redscale photo is unmistakable—you know it when you see it. You can buy film preloaded for redscale photography. Lomography has Redscale XR, which is an unknown Kodak emulsion loaded into the canister backwards (some have speculated it’s Ultramax 400). On Valentine’s Day, Harman released Red 125, which is backwards-loaded Phoenix 200. Harman Red 125 is what this RedScale Recipe was inspired by. Because the film is new, there aren’t a lot of examples yet. I’m not convinced that this Recipe is perfectly accurate, but it seems to be pretty close from the limited number of pictures I found online. Redscale photography isn’t for everyone or every situation—it’s a niche lomo-esque aesthetic. But if you want to get that look straight-out-of-camera, this RedScale Film Simulation Recipe will do that very convincingly. This is compatible with Fujifilm X-Trans IV (excluding the X-T3 and X-T30; use this Redscale Recipe instead) and X-Trans V cameras. While Classic Negative renders blue more deeply on X-Trans V than on X-Trans IV, because the color blue doesn’t really come through with this Recipe, it looks the same on both sensor generations. You can also use it on most GFX cameras . Example photographs, all camera-made JPEGs captured using this RedScale Film Simulation Recipe on a Fujifilm X-E4, X100VI & GFX100S II: See also: Apocalyptic Glow (an April Fool’s Day) Film Simulation Recipe This post contains affiliate links, and if you make a purchase using my links I’ll be compensated a small amount for it. Fujifilm X100VI in black: Amazon , B&H , Moment , Wex , Nuzira Fujifilm X100VI in silver: Amazon , B&H , Moment , Wex , Nuzira Fujifilm GFX100S II : Amazon , B&H , Wex",2182
fujifilm-x100v-x-trans-iv-film-simulation-recipe-xpro-62,Xpro ’62,Classic Negative,0,Classic Negative#0,"Inspiration for film simulation recipes can come from unusual places. This recipe, for example, was inspired by a promotional photograph of Ron Howard for the movie American Graffiti hanging on the wall of Mels Diner in Reno, Nevada. A little trivia: Ron Howard shoots Fujifilm cameras—or, at least, he’s been spotted sporting an X100F . Anyway, it seems unlikely, but it’s true, that an old image of Ron Howard from 1973 hanging on the wall of a restaurant in Reno inspired a new recipe that will be used by hundreds—maybe thousands—of Fujifilm photographers across the world. This particular picture, which you can see in the image below towards the left-side, had a cross-process look to it, like reversal film developed in negative film chemistry. Of course, cross-processed film can have many different looks, depending on several factors, including (especially) the film used. I have no idea what film or process was used for that Ron Howard picture—I tried researching it, but came up empty; however, while I was waiting for my dinner to arrive at the table, I fiddled with the settings on my Fujifilm X100V and created a facsimile to that picture aesthetic. The photographer who captured the picture is most likely Dennis Stock . I couldn’t find a whole lot about what films he used for his color photographs or his darkroom techniques. Dennis was a legendary Magnum photographer who was best known for his celebrity photographs. His picture might not actually be cross-processed film, but it has a cross-processed look nonetheless. The reason why I named this recipe “Xpro ’62” is because Xpro is a common abbreviation for “cross-process” and 1962 is the year that American Graffiti takes place. Promotional posters for the movie often included the question, “Where were you in ’62?” I thought that “Xpro ’62” would be a logical fit. Because this film simulation recipe uses the Classic Negative film simulation and other new JPEG options available on the newer cameras, it is only compatible with (as of this writing) the Fujifilm X-Pro3, X100V, X-T4, X-S10 and X-E4. Also, for some of the pictures in this article I used a Tiffen 1/4 Black Pro Mist filter to diffuse the highlights (such as Empty Diner at the top). Classic Negative Dynamic Range: DR400 Highlight: +3 Shadow: 0 Color: +4 Noise Reduction: -4 Sharpening: -4 Clarity: -4 Grain Effect: Strong, Large Color Chrome Effect: Strong Color Chrome Effect Blue: Strong White Balance: Auto, -3 Red & -9 Blue ISO: Auto, up to ISO 6400 Exposure Compensation: 0 to +1/3 (typically) Example photographs, all camera-made JPEGs using this new “Xpro ’62” film simulation recipe on my Fujifilm X100V : This post contains affiliate links, and if you make a purchase using my links I’ll be compensated a small amount for it. Fujifilm X100V Black Amazon B&H Fujifilm X100V Silver Amazon B&H",2844
bewaremyvelvia-a-fujifilm-film-simulation-recipe-for-x-trans-iv-v,BewareMyVelvia,Velvia,-1,,"I first met Tom Baumgaertel , a.k.a. bewaremyfuji , in 2024 at a Fujifilm creator’s retreat in New York. In the time since, we’ve been a part of a few other Fujifilm events, including leading a photowalk together in San Diego. We’ve kept in touch, and even met up for some street photography in L.A. once. Tom just drove out to Arizona this last weekend to lead two photowalks in Phoenix. We’ve wanted to do some sort of collaboration for awhile now, but it just wasn’t the right timing; however, we were able to get this project sorted out while Tom was out here. Let’s get to some important notes right off the top. First, this is a two-part article—you’re reading Part 1 right now. You’ll find a Film Simulation Recipe below that Tom created and uses for his iconic multiple-exposure images, but Part 2 will explain how to use it to actually make multiple-exposure photographs. Second, this Recipe is intended as the ground floor. You are highly encouraged to experiment with it, modify it, and make it your own. Tom doesn’t strictly stick to it, but makes changes sometimes depending on the exact situation. His Recipe has evolved over time, and will likely continue to evolve. You are not only welcomed to make changes to it, but it is recommended that you do, as you practice more and more with multiple-exposure photography, so that it reflects your style and matches your specific photographic situations. All of the pictures in this article were made with the Recipe as-is, unmodified. You will notice that most of the example pictures are not multiple-exposures, but single-exposure images. This Recipe, which I’ve named BewareMyVelvia in honor of Tom’s social media handle, was created for and is intended for multiple-exposure photos; however, it works well for regular pictures, too. You don’t have to use it for its intended purpose. I saved most of the multiple-exposure images for Part 2 , and that’s where you’ll find more example pictures. Tom’s Recipe reminds me a lot of cross-processed Fujichrome Velvia 50, a low-ISO slide film made by Fujifilm. Cross-processing is developing film in chemistry other than what it’s supposed to be developed with. It can mean a lot of different things, but most commonly it’s E6 slide film developed in C41 negative film chemistry. Results can vary greatly, but Velvia 50 becomes more grainy and contrasty, with a strong color cast that is often yellow or green. I’ve included some examples of actual cross-processed Fujichrome Velvia 50 below, which I photographed way back in 2014. Above: Fujichrome Velvia 50 35mm film that’s been cross-processed. If you are after that cross-processed look, one modification that you might consider is increasing Grain to Strong/Large—or, at the very least, using higher ISOs (like 3200 or 6400), which can make the picture appear more grainy (see Abstract Reflections in the example images). Tom sets Grain to Off; personally, I like the texture of film grain, so I set it to Weak/Small. It’s completely up to you, though. Also, Tom prefers more Noise Reduction than I do, so he sets High ISO NR to 0; I set it to -4 because I want less of it. Again, feel free to choose whatever you want. This Recipe is intended for night photography. Most commonly (but not exclusively), Tom begins shooting as the sun is going down, continues through “blue hour”, and goes well into the night. But you can use it in sunny daylight, too. There are many examples in this article of daytime use, such as the picture below. In my short experience with this Recipe, I find that it oftentimes works best for multiple-exposures near or after sunset, and it oftentimes works best for single-exposure images during daylight. If you have a fourth or fifth generation X-series camera, which (as of this writing) are the Fujifilm X-Pro3, X100V, X-T4, X-S10, X-E4, X-T30 II, X-H2s, X-H2, X-T5, X-S20, X100VI, X-T50, X-M5, X-E5, and X-T30 III, I invite you to give this Recipe a try today. You can also use it on the GFX100, GFX100S, GFX100 II, GFX100S II, and GFX100RF (for the GFX50S II, I recommend increasing Shadow by +0.5). Regarding typical exposure compensation, for multiple-exposure images, you’re likely to be more in the -1 to -3 range, but we’ll talk about that in Part 2. Example photos, all camera-made JPEGs using this BewareMyVelvia Film Simulation Recipe on my Fujifilm X-T5: This post contains affiliate links, and if you make a purchase using my links I’ll be compensated a small amount for it. Fujifilm X-T5 in black: Amazon , B&H , Moment , Nuzira Fujifilm X-T5 in silver: Amazon , B&H , Moment , Nuzira",4591
my-fujifilm-x100v-cine-teal-film-simulation-recipe,Cine Teal,Eterna,2,Eterna#2,"Red Lights & Raindrops – Farmington, UT – Fujifilm X100V – “Cine Teal” Baseball legend Lefty Gomez said, “I’d rather be lucky than good.” This particular film simulation recipe was a failure, but it was a lucky failure. I’ve been trying to create a Kodak Vision3 500T recipe, but I can’t get it right. I’ve tried a number of different combinations of settings, but I haven’t cracked the code (yet). This was one attempt. Under the right light, it does resemble Vision3 500T, but under most conditions it does not. Even though it was a failure, I like the look of this recipe, so I thought I’d share it with you. I call this new film simulation recipe “Cine Teal” because it looks a bit cinematic thanks to the Eterna film simulation, and has a teal, green or yellow cast, depending on the light. This recipe looks best when used in the “blue hour” of dusk or dawn, and does well in shade and on overcast days. It can be used in other situations, but the results tend to be so-so, although you can still get interesting pictures sometimes. This recipe is a little limited in where it works best, but in the right situations it can look very nice. It’s not for everyone, but some of you will really appreciate it. Sunlit Tree Leaves – Farmington, UT – Fujifilm X100V – “Cine Teal” Because this film simulation recipe requires the use of Clarity , it will slow your camera down considerably. Fujifilm suggests, if you shoot RAW+JPEG, to add Clarity later by reprocessing the RAW file in-camera or with X RAW Studio . I just use the pause to slow myself down. This recipe is only compatible (as of this writing) with the Fujifilm X100V, X-Pro3 and X-T4. Eterna Dynamic Range: DR200 Highlight: -2 Shadow: +4 Color: -1 Noise Reduction: -4 Sharpening: -2 Clarity: -5 Grain Effect: Weak, Large Color Chrome Effect: Weak Color Chrome Effect Blue: Strong White Balance: 4550K, +1 Red & -9 Blue ISO: Auto, up to ISO 6400 Exposure Compensation: 0 to +2/3 (typically) Example photographs, all camera-made JPEGs using this “Cine Teal” film simulation recipe on my Fujifilm X100V: Small Garden Flowers – Farmington, UT – Fujifilm X100V Roses Red – Farmington, UT – Fujifilm X100V Roses are Red – Farmington, UT – Fujifilm X100V Waiting Wishes – Farmington, UT – Fujifilm X100V Subtle Rays – Farmington, UT – Fujifilm X100V Cloud & Half Moon – Farmington, UT – Fujifilm X100V Suburban Cloud – Farmington, UT – Fujifilm X100V Evening House – Farmington, UT – Fujifilm X100V Apple & Bike – Farmington, UT – Fujifilm X100V Masked Man – Farmington, UT – Fujifilm X100V Urban Blossoms – Farmington, UT – Fujifilm X100V Evergreen – Farmington, UT – Fujifilm X100V Small Table & Chairs – Orem, UT – Fujifilm X100V Grand Girl – Farmington, UT – Fujifilm X100V Mischievous Smile – Farmington, UT – Fujifilm X100V Learning to Play – Farmington, UT – Fujifilm X100V Lights Off – Farmington, UT – Fujifilm X100V Coffee Table – Farmington, UT – Fujifilm X100V Asian Decor – Farmington, UT – Fujifilm X100V Dining – Farmington, UT – Fujifilm X100V Hood Ornament – Farmington, UT – Fujifilm X100V Open for Business – Orem, UT – Fujifilm X100V FedEx – Farmington, UT – Fujifilm X100V Movie Theater – Farmington, UT – Fujifilm X100V This post contains affiliate links, and if you make a purchase using my links I’ll be compensated a small amount for it. Fujifilm X100V Black Amazon B&H Fujifilm X100V Silver Amazon B&H See also: Film Simulation Recipes Nobody pays me to write the content found on fujixweekly.com. There's a real cost to operating and maintaining this site, not to mention all the time that I pour into it. If you appreciated this article, please consider making a one-time gift contribution. Thank you!",3687
fujifilm-x100v-film-simulation-recipe-cinestill-800t,CineStill 800T,Eterna,2,Eterna#2,"I created my original CineStill 800T film simulation recipe about two-and-a-half years ago. That recipe has remained quite popular. It’s received a lot of positive feedback and I remain quite proud of it. That recipe was created for X-Trans III cameras, but newer models have more JPEG options. I’ve been asked a few times if that recipe can be improved using the new features that weren’t around when I created it. This new version is something that I’ve been working on for months and months. My CineTeal recipe is actually one of the failed attempts. I’ve been trying to achieve either an accurate CineStill 800T or Kodak Vision3 500T look straight-out-of-camera. These two films are actually the same film, but the CineStill version has the RemJet layer removed, which means that it is more prone to halation and can be processed in C-41 chemistry. Vision3 500T is meant to be developed using the ECN-2 process. With either CineStill 800T or Vision3 500T, how the film is shot, developed, and scanned and/or printed can significantly effect the aesthetic. I’m not 100% satisfied with this recipe. I think in some situations and in certain lighting, it looks pretty darn accurate to the film. In other situations and in other lighting, it’s a little off. There’s a lot of variation in how the film can look, and it’s just not possible to encapsulate it all in one recipe. In any event, if you are looking for a recipe that produces results similar to Tungsten film, this is one to consider. It is only compatible (as of this writing) with the Fujifilm X100V, X-Pro3 and X-T4. Eterna Dynamic Range: DR400 Highlight: 0 Shadow: +2 Color: +4 Noise Reduction: -4 Sharpening: -3 Clarity: -5 Grain Effect: Strong, Large Color Chrome Effect: Strong Color Chrome Effect Blue: Strong White Balance: Fluorescent 3 (Cool White Fluorescent), -6 Red & -4 Blue ISO: Auto, up to ISO 6400 Exposure Compensation: -1/3 to +2/3 (typically) Example photographs, all camera-made JPEGs using this new CineStill 800T film simulation recipe on my Fujifilm X100V : This post contains affiliate links, and if you make a purchase using my links I’ll be compensated a small amount for it. Fujifilm X100V Black Amazon B&H Fujifilm X100V Silver Amazon B&H Nobody pays me to write the content found on fujixweekly.com. There’s a real cost to operating and maintaining this site, not to mention all the time that I pour into it. If you appreciated this article, please consider making a one-time gift contribution. Thank you!",2495
fujifilm-x-e4-x-trans-iv-film-simulation-recipe-pushed-cinestill-800t,Pushed CineStill 800T,Eterna Bleach Bypass,0,Eterna Bleach Bypass#0,"This “Pushed CineStill 800T” Film Simulation Recipe came about after I stumbled across an amazing picture that was captured on CineStill 800T film during daytime with an overcast sky. It turned out that the film was push-processed, but I never learned by how many stops (I’m guessing one-stop). After some extensive Googling, I was able to find several more examples of push-processed CineStill 800T film shot in overcast daytime light. I then set out to mimic that aesthetic on my Fujifilm camera. Interestingly enough, even though this recipe is intended for daytime photography, it does quite well at night, too; however, I do believe it more faithfully mimics the film in cloudy daytime conditions. It does produce nice results in daylight or night, so feel free to use it anytime. Film can look different depending on how it is shot, developed, or scanned (among many other things). This recipe doesn’t replicate pushed CineStill 800T film under all circumstances, but in certain conditions it’s a good facsimile. I really like how this one looks, and I think some of you will really appreciate it, too!",1108
fujifilm-x100v-x-pro3-film-simulation-recipe-pushed-cinestill,Pushed CineStill 800T (X100V + X-Pro3),Eterna,1,Eterna#1,"This “Pushed CineStill 800T” Film Simulation Recipe came about after I stumbled across an amazing picture that was captured on CineStill 800T film during daytime with an overcast sky. It turned out that the film was push-processed, but I never learned by how many stops (I’m guessing one-stop). After some extensive Googling, I was able to find several more examples of push-processed CineStill 800T film shot in overcast daytime light. I then set out to mimic that aesthetic on my Fujifilm camera, and I figured it out; however, my first recipe was only compatible with the X-T4, X-S10, X-E4, and X-T30 II cameras , so I made this alternative version that works on the X-Pro3 and X100V (you can use it on those “newer” cameras, too, if you’d like). Interestingly enough, even though this recipe is intended for daytime photography, it does quite well at night, too; however, I do believe it more faithfully mimics the film in cloudy daytime conditions. It does produce nice results in daylight or night, so feel free to use it anytime. Film can look different depending on how it is shot, developed, or scanned (among many other things). This recipe doesn’t replicate pushed CineStill 800T film under all circumstances, but in certain conditions it’s a good facsimile. I really like how this one looks, and I think some of you will really appreciate it, too!",1359
fujifilm-x-trans-iv-film-simulation-recipe-serrs-500t,Serr’s 500T,Classic Chrome,1,Classic Chrome#1,,0
kodak-plus-x-125-fujifilm-x-trans-iv-x-trans-v-film-simulation-recipe,Kodak Plus-X 125,Acros,0,Acros#0,"This new Kodak Plus-X 125 Film Simulation Recipes comes to us curtesy of Dylan Van Matre . “The short story is that I’ve been a film shooter for a long time,” Dylan told me, “and one of my favorite films during that time has been Kodak Plus-X 125. When I moved to Fuji and discovered Film Simulation Recipes , one of the films I looked for was Kodak Plus-X 125. It was a favorite of mine during the early 90’s. I couldn’t find one published by someone else, so I endeavored to make my own. I enlisted the help of Anders Linborg to learn about Recipes and how to create them.” “When I decided to try and create this Recipe,” Dylan continued, “I thought that I should try and learn from someone who has created ones that I enjoyed and felt were accurate. Anders with his Kodak Tri-X 400 Recipe (and others) immediately came to mind. I emailed him inquiring about his creation process . Anders was kind enough to respond, and he gave me a great check list on how to go about creating a Recipes. I download the specification sheet for Plus-X 125 film and found the spectrum analysis chart. I found the most prominent peak on the chart and made a note on the frequency that it’s located. That’s how I decide upon my white balance.” “From there I picked the response curve that I felt was most appropriate,” Dylan said, “which led me to the Acros film simulation. After that I used the reference images I had, which were a bunch of Plus-X scans from the early 90’s, and I starting shooting with my Fujifilm camera. I’ve shot in all kinds of lighting conditions over the last couple years, making tweaks here and there. After some fine-tuning, I had created a Recipe that I feel most represents Plus-X 125 film. I want to thank Andors Linborg for his amazing advise, and I want to thank Ritchie for his amazing website.” Included in the email was a private link to some of Dylan’s photos captured with this Kodak Plus-X 125 Film Simulation Recipe, as well as some of his scans of actual Kodak Plus-X 125 film. It was quite obvious to me comparing the two that this Recipe is a good match, and Dylan did an excellent job creating it. He certainly put in a lot of research and effort to get this right. Thank you, Dylan Van Matre, for creating and sharing this Recipe! Plus-X was a long-running classic B&W negative film by Kodak, known for its fine grain, sharpness, and moderate contrast that made it popular for both professional and amateur photographers. Originally introduced in 1938 as a motion picture film, it evolved over the decades. The ISO 125 version was released in 1954. After more than 70 years in production, Kodak discontinued Plus-X in 2010, with the last batch shipping in 2011, marking the end of an era for one of the company’s longest-running emulsions. This Recipe is compatible with X-Trans IV (except the X-T3/X-T30) and X-Trans V cameras, as well as newer GFX models. Example photographs, all camera-made JPEGs captured using this Kodak Plus-X 125 Film Simulation Recipe on a Fujifilm X-T5, X100VI, X-E4 & GFX100S II:",3036
fujifilm-x100v-film-simulation-recipe-kodak-tri-x-400,Kodak Tri-X 400,Acros,0,Acros#0,"Leaves in the Forest – Farmington, UT – Fujifilm X100V – ISO 3200 – “Kodak Tri-X 400” The number one black-and-white film simulation recipe that I’ve been asked to create is Kodak Tri-X 400, but I’ve never been satisfied with my own attempts. Thankfully for you, Fuji X Weekly reader Anders Lindborg ( Instagram ) was able to do it! This is brilliant, and I’m sure you’ll love it. It’s the only B&W recipe I’m using on my Fujifilm X100V right now. Kodak introduced Tri-X in the early 1940’s, and in the 1950’s they began selling it in 35mm format. Ever since, it has been the “standard” high-ISO black-and-white film for photographers. It’s been made in ISO 160, 200, 320 and 400 versions; this recipe is based on Tri-X 400. Kodak re-engineered Tri-X 400 in 2007 with finer grain and lower contrast, but it’s still nearly identical to the old stock. Anders actually made three recipes in one: low-contrast, mid-contrast, and high-contrast. Tri-X, like most films, can be made more contrasty or less contrasty based on how it’s developed (chemicals used and/or development times) or printed (contrast filters). The recipe further down this article is the mid-contrast version. For low contrast, set Highlight to -1 and Shadow to +2. For high contrast, set Highlight to +1 and Shadow to +4. This film simulation recipe was designed for the X-T3 and X-T30, but I changed a couple of things for the X100V: I set Clarity to +4 (which isn’t available on the X-T3 and X-T30) and Grain to Strong & Large (on the X-T3 and X-T30, Grain is set to Strong). Because it adds contrast, setting Clarity to +4 actually makes this look more like the high-contrast version. If you are using this on the X100V, X-Pro3 or X-T4, feel free to try all three contrast versions, with or without Clarity, to see which you like better. For X-Trans III cameras, which don’t have Color Chrome Effect , you can still use this recipe; while it won’t look exactly the same, it will still look very similar. In other words, even though the title says “Fujifilm X100V Film Simulation Recipe” you can actually use it on any camera with the Acros film simulation—I’ve tried it on an X-T30 and X-T20, and it looks great! Forest Edge – Fruit Heights, UT – Fujifilm X100V – ISO 1600 – “Kodak Tri-X 400” I found that this recipe looks best when set to ISO 1600 or higher. From ISO 1600 to 3200, the results more resemble newer Tri-X 400 film. From ISO 6400 to ISO 12800, the results more resemble older Tri-X 400 film. I want to give a big thank-you to Anders Lindborg for creating this recipe, sharing it, and allowing me to publish it here—you are appreciated! Thank you! Acros ( +Y, +R, +G ) Dynamic Range: DR200 Highlight: 0 Shadow: +3 Noise Reduction: -4 Sharpening: +1 Clarity: +4 Grain Effect: Strong, Large Color Chrome Effect: Strong Color Chrome Effect Blue: Off White Balance: Daylight,+9 Red & -9 Blue ISO: ISO 1600 – 12800 Exposure Compensation: +1/3 to +1 (typically) Example photographs, all camera-made JPEGs using this Kodak Tri-X 400 film simulation recipe on my Fujifilm X100V: Fallen Trunk – Fruit Heights, UT – Fujifilm X100V – ISO 1600 The Forest – Fruit Heights, UT – Fujifilm X100V – ISO 1600 Light in a Dark Canopy – Farmington, UT – Fujifilm X100V – ISO 1600 Sunlight & Leaves – Farmington, UT – Fujifilm X100V – ISO 12800 Monochrome Backlit Leaves – Farmington, UT – Fujifilm X100V – ISO 1600 Drops on a Window – Fruit Heights, UT – Fujifilm X100V – ISO 1600 Half Leaf In The Road – Farmington, UT – Fujifilm X100V – ISO 1600 Footstep – Farmington, UT – Fujifilm X100V – ISO 1600 Barrier – Farmington, UT – Fujifilm X100V – ISO 1600 Corner Benches – Farmington, UT – Fujifilm X100V – ISO 6400 Drinking Fountains – Farmington, UT – Fujifilm X100V – ISO 1600 Feel Like A Kid Again – Farmington, UT – Fujifilm X100V – ISO 1600 Walking at an Amusement Park – Farmington, UT – Fujifilm X100V – ISO 1600 Waiting at the Exit – Farmington, UT – Fujifilm X100V – ISO 3200 Diagonal Light Boy – Farmington, UT – Fujifilm X100V – ISO 12800 FED 5c Film Camera – Farmington, UT – Fujifilm X100V – ISO 3200 Coffee Grounds in a Filter – Farmington, UT – Fujifilm X100V – ISO 3200 Rainbow Feet on the Floor – Farmington, UT – Fujifilm X100V – ISO 3200 Girl in Zebra Shirt – Farmington, UT – Fujifilm X100V – ISO 12800 Rainy Day Siblings – Farmington, UT – Fujifilm X100V – ISO 3200 Level Up – Farmington, UT – Fujifilm X100V – ISO 12800 Wet Leaf in the Grass – Farmington, UT – Fujifilm X100V – ISO 5000 Wet Tree Leaves – Farmington, UT – Fujifilm X100V – ISO 3200 Leaf of a Different Color – Farmington, UT – Fujifilm X100V – ISO 3200 Emptiness – Roy, UT – Fujifilm X100V – ISO 3200 Empty Boxes in an Abandoned Home – Roy, UT – Fujifilm X100V – ISO 12800 Nobody’s Home – Roy, UT – Fujifilm X100V – ISO 3200 White Truck – Roy, UT – Fujifilm X100V – ISO 3200 Dead End Night – Roy, UT – Fujifilm X100V – ISO 12800 Trolley Bus – Farmington, UT – Fujifilm X100V – ISO 12800 Wrong Way – Centerville, UT – Fujifilm X100V – ISO 12800 See also: Film Simulation Recipes Tri-X Push-Process Film Simulation Recipe This post contains affiliate links, and if you make a purchase using my links I’ll be compensated a small amount for it. Fujifilm X100V Black Amazon B&H Fujifilm X100V Silver Amazon B&H Nobody pays me to write the content found on fujixweekly.com. There's a real cost to operating and maintaining this site, not to mention all the time that I pour into it. If you appreciated this article, please consider making a one-time gift contribution. Thank you!",5525
kodak-t-max-p3200-a-fujifilm-film-simulation-recipe-for-x-trans-iv-v,Kodak T-Max P3200,Acros,0,Acros#0,"A grainy high-contrast B&W Film Simulation Recipe for the Fujifilm X-Pro3, X100V, X-T4, X-S10, X-E4, X-T30 II, X-H2, X-H2s, X-T5, and X-S20. That was the subject of an email I recently received from Anders Lindborg . Longtime Fuji X Weekly readers will immediately recognize Anders, since he invented the Kodak Tri-X 400 , Ilford HP5 Plus 400 , Ilford Pan F Plus 50 , and Ilford FP4 Plus 125 (plus co-created Kodak T-Max 400 ) black-and-white Film Simulation Recipes —he is, in my opinion, the guru on Fujifilm B&W Recipes. Kodak Tri-X 400 is my all-time favorite Recipe, period. Anders also created the Kodak Gold v2 Recipe, seven Fujicolor Pro 160NS Recipes , seven Fujicolor Pro 400H Recipes , and made an important D-Range Priority discovery . When Anders Lindborg says to stop the presses, I knew to stop the presses! The story that I found in that email was absolutely incredible! Whether or not you ever use the Film Simulation Recipe that Anders sent to me, the story itself makes this article a worthwhile read. I was (and still am) just blown away by it! It’s funny how life comes full circle in surprising ways sometimes. “Some years back,” Anders Lindborg wrote me, “I found myself being totally photographically stuck. People liked my photos, but I could feel there was something missing from them and I thought they were still too amateurish. By chance, a photography magazine published an article called Learning How to See in which they mentioned a photographer named John Sevigny , an art teacher at a university in Mexico City. The magazine referenced Mr. Sevigny because he often talked with his students—and had also written some papers—about the subject of the article. Anyway, I started searching the internet and found many articles about him and his work. I also found some of his papers on the subject. Afterwards, I noticed that something gradually happened to my photos, and I realized that I could often see a deeper meaning in random ordinary things, people’s expressions and behavior. It really helped me, and I swore to never forget about this guy.” “Life is funny,” Anders continued, “and I think I’m slowly starting to believe in this karma stuff. As it happens, awhile back I was contacted out of the blue by no other than John Sevigny himself! He had apparently found my stuff published on Fuji X Weekly very interesting and asked very kindly if I could help him out with the final touches on his upcoming book. The project that he had been working on was really heavy stuff, so he was temporarily burned out and needed some technical assistance, which I gladly provided. After the material for the book was finished, we continued chatting and I’m now proud to call him my friend.” “After weeks of talking about photography, John mentioned that he really missed shooting with Kodak T-Max P3200 that he used to use all of the time while working as a news photographer. So, he said, how about making a recipe for it? I couldn’t resist, so we started developing it immediately. John provided me with all the information about the emulsion that I could possibly need, including a bunch of his own 25-year-old scans, but most important was his experience of shooting it daily for years. According to John, anytime there was a request for something that was going to be an article inside the newspaper, that’s the film they used since the available light would almost always be ranging from bad to worse. It didn’t matter if it was a sports event or a murder, they used Kodak T-Max P3200. After reading up about it (since I never shot it myself, sadly), I understood why: it was optimized to create sharp and (reasonably) detailed photos in generally bad light.” “Much care and testing has been put into this recipe by both John and myself,” Anders concluded, “and since John had all this experienced with the film, he had to be the one to officially approve it, which he did. I couldn’t be happier with the results we got from the tests! I actually put his scans in a photo album together with my test shots and the only thing revealing was the lens quality. When using the recipe with a vintage lens, I promise that you’ll have a really hard time telling your photos apart from the real film! Even some of the film’s tell-tale quirks have been replicated.” Wow! Thank you, Anders Lindborg and John Sevigny , for creating this Kodak T-Max P3200 Film Simulation Recipe and allowing me to share it with the Fujifilm community on Fuji X Weekly—your work is much appreciated! I really love how Fujifilm cameras and Film Simulation Recipes are bringing people together across the world—it’s truly amazing! As great as this Recipe is—and it is great—the story behind it is even better. Like Anders, I have also (sadly) never shot with Kodak T-Max P3200 black-and-white negative film (I went with Ilford Delta 3200 instead). Originally released in 1988 (the ISO 100 and ISO 400 versions were released two years prior), Kodak discontinued T-Max P3200 in 2012, but reintroduced it (with an “improved” emulsion) in 2018. It’s actually an ISO 800 (some say ISO 1000) film that labs automatically develop with two stops of push-processing, unless you tell them otherwise. But you can shoot it at ISO 800 and not push or ISO 400 and pull one stop (for less contrast) or ISO 1600 and push one stop. Some (brave? crazy? desperate?) photographers even shot it at ISO 6400 and pushed it three stops! Kodak T-Max P3200 can basically be anywhere from an ISO 400 to an ISO 6400 film, and it can go from a fairly flat and fine-grained emulsion to a punchy and gritty film, just depending on how you shot and developed it. With this Kodak T-Max P3200 Film Simulation Recipe, the higher the ISO you shoot with, the more it will resemble shooting the film at a higher ISO and push-processing, and the lower the ISO it will more resemble shooting at ISO 800 and not pushing in development. In other words, you are going to get somewhat different results at ISO 640 than ISO 6400; I especially appreciate how this Recipe looks from ISO 3200 to ISO 12800. You will need to consider if you want a cleaner or more grainy aesthetic, and choose an ISO that will produce those results. If you have a Fujifilm X-Trans IV camera (X-Pro3, X100V, X-T4, X-S10, X-E4, X-S10, X-T30 II) or X-Trans V (X-H2, X-H2s, X-T5, X-S20, and any other released after publication), I invite you to give this Kodak T-Max P3200 Film Simulation Recipe a try! It’s not compatible with the X-T3 or X-T30 or X-Trans III, unfortunately; however, if you ignore Toning, Grain size, and Clarity, it should still produce good results, so don’t be afraid to give it a try. This Recipe should also work with GFX cameras, although I haven’t tested it and have no firsthand experience if it will look similar or not. Example photographs, all camera-made JPEGs using this Kodak T-Max P3200 Film Simulation Recipe on my Fujifilm X-T5, X-E4 and X100V cameras:",6919
fujifilm-x100v-film-simulation-recipe-kodak-t-max-400,Kodak T-Max 400,Monochrome,-1,,"Kodak introduced T-Max black-and-white negative film back in 1986, and they dubbed it “the finest-grained black-and-white film in the world.” While it certainly has fine-grain, particularly the low-ISO version, I don’t know how accurate Kodak’s proclamation was. It’s available in ISO 100, 400 and 3200 variants. This film simulation recipe is intended to resemble the ISO 400 version. T-Max 400 is a popular B&W film. I’ve used it, although it has been many, many years. Kodak updated the film in 2007 to be sharper and have finer grain; it’s the old version that I have personal experience with. With any film, but perhaps especially with black-and-white negative film, so much can be altered in the darkroom to customize the aesthetic, and one film can produce many different looks, so creating a recipe can be controversial because it might not look exactly like what someone thinks it should. Still, I hope that you will recognize this as T-Max-esque. You might find that this recipe looks familiar. Actually, it began as Kodak Tri-X 400 . Fuji X Weekly readers Thomas Schwab (who has helped with several recipes) and Anders Linborg (who invented the Tri-X recipe) worked together to modify that recipe into this one. I added a couple of small revisions, and now we have Kodak T-Max 400! It really was a group effort, but mostly Thomas and Anders. Thanks, guys! This Kodak T-Max 400 film simulation recipe is intended for the Fujifilm X100V, X-Pro3 and X-T4 cameras; however, with a couple small modifications, it can be used on any X-Trans III or IV camera. First, if your camera doesn’t have Clarity, consider using +1 Highlight and +4 Shadow instead, although you can certainly keep those settings as they are in the recipe below. If your camera doesn’t have the option for Grain size (only strength), set it to Strong. I used Toning on this recipe, which is completely optional, but on the X-T3 and X-T30, which has a different Toning menu, consider using +1 (warm). Back when I shot film I would often give my prints a quick Sepia bath, both for warmth and archival reasons, and the Toning option on your X-Trans IV camera does a good job of mimicking that. One difference that you might notice between this recipe and Tri-X is ISO. On that recipe I suggest using ISO 1600 to 12800. I think for this recipe the best results are found between ISO 1600 and 3200, but anything from ISO 320 to 6400 looks good. I feel like ISO 12800 is a bit too much, but feel free to try it and see what you think. Monochrome ( +Y, +R, +G ) Dynamic Range: DR200 Highlight: 0 Shadow: +3 Noise Reduction: -4 Sharpening: +2 Clarity: +3 Toning: WC +2, MG 0 Grain Effect: Strong, Small Color Chrome Effect: Strong Color Chrome Effect Blue: Off White Balance: Daylight,+9 Red & -9 Blue ISO: Auto, up to ISO 6400 Exposure Compensation: +1/3 to +1 (typically) Example photographs, all camera-made JPEGs using this Kodak T-Max 400 film simulation recipe on my Fujifilm X100V: See also: Film Simulation Recipes This post contains affiliate links, and if you make a purchase using my links I’ll be compensated a small amount for it. Fujifilm X100V Black Amazon B&H Fujifilm X100V Silver Amazon B&H Nobody pays me to write the content found on fujixweekly.com. There's a real cost to operating and maintaining this site, not to mention all the time that I pour into it. If you appreciated this article, please consider making a one-time gift contribution. Thank you!",3445
fujifilm-x100v-film-simulation-recipe-bw-superia,B&W Superia,Acros,1,Acros#1,"Sometimes it’s fun to experiment with the settings on different film simulation recipes—make small changes and see what the results are. My Ektachrome 100SW recipe come about because someone took my Kodachrome II recipe and used Velvia instead of Classic Chrome. I did a similar experiment recently with my Kodachrome 64 recipe . This B&W Superia film simulation recipe came about that same way. Fuji X Weekly reader Thomas Schwab took my Fujicolor Superia 1600 recipe and made a few changes, most notably Acros instead of Classic Negative. There are a few other differences, such as Grain and White Balance, but it’s mostly the Superia 1600 recipe, yet in monochrome instead of color. There never was a black-and-white Superia film, but it is possible to develop Superia in black-and-white chemistry as a monochrome film (technically, this is cross-processing). While there might be some similarities to Superia film developed as B&W and this recipe, they’re completely coincidental, as these settings aren’t intended to mimic anything specific. Even though this B&W Superia recipe isn’t intended to look like any particular film, it nonetheless produces very nice results. It calls for a little Toning, which resembles a quick Sepia bath, a common archival technique in monochrome printing, but that’s optional. The Clarity setting will slow down the camera considerably, so be aware of that. This recipe is only compatible (as of this writing) with the Fujifilm X100V, X-Pro3 and X-T4 cameras. Acros ( +Y, +R, +G ) Dynamic Range: DR400 Highlight: 0 Shadow: +2 Noise Reduction: -4 Sharpening: -1 Clarity: -4 Grain Effect: Weak, Large Color Chrome Effect: Strong Color Chrome Effect Blue: Strong Toning: WC +2 MG 0 White Balance: Auto, 0 Red & 0 Blue ISO: Auto, up to ISO 12800 Exposure Compensation: +1/3 to +2/3 (typically) Example photographs, all camera-made JPEGs using this B&W Superia film simulation recipe on my Fujifilm X100V : This post contains affiliate links, and if you make a purchase using my links I’ll be compensated a small amount for it. Fujifilm X100V Black Amazon B&H Fujifilm X100V Silver Amazon B&H Nobody pays me to write the content found on fujixweekly.com. There’s a real cost to operating and maintaining this site, not to mention all the time that I pour into it. If you appreciated this article, please consider making a one-time gift contribution. Thank you!",2392
fujifilm-x100v-film-simulation-recipe-classic-monochrome,Classic Monochrome,Monochrome,-1,,"For some reason, black-and-white film simulation recipes aren’t as popular as color , but Fujifilm cameras are capable of some great monochrome images straight-out-of-camera. This new “Classic Monochrome” recipe was made by Thomas Schwab ( B&W Instagram ), who has created several of the film simulation recipes on this website and collaborated on several others. He’s a friend of this blog, and I’m honored that he allows me to share his recipes here! Thomas said that he started with one of the Ilford recipes , and this evolved from that. It’s called “Classic Monochrome” because it has a great old-school B&W print feel. The only change that I added was Toning, which is optional, but it seems to look nice with these settings. This recipe has quickly become one of my favorite black-and-white options! It’s most similar to Dramatic Monochrome , so if you like that recipe you’ll like this one, too. Thank you, Thomas! This recipe is contrasty and clean. It reminds me of Agfapan 25 printed using a high-contrast filter (maybe a #4, or even split-filtered). It’s not intended to look like it, but that’s what it reminds me of. It does have a limited dynamic range, and it’s easy to clip highlights, so the exposure should be carefully considered, or perhaps try DR-Auto if you are concerned. It’s compatible (as of this writing) with the Fujifilm X100V, X-T4, X-Pro3 and X-S10 cameras. Monochrome ( +Y, +R, +G ) Dynamic Range: DR100 Highlight: +4 Shadow: +2 Noise Reduction: -4 Sharpening: +1 Clarity: +4 Toning: WC +1, MG 0 Grain Effect: Weak, Small Color Chrome Effect: Strong Color Chrome Effect Blue: Strong White Balance: Auto, 0 Red & 0 Blue ISO: Auto, up to ISO 12800 Exposure Compensation: -1/3 to +1/3 (typically) Example photographs, all camera-made JPEGs using this Classic Monochrome film simulation recipe on my Fujifilm X100V : This post contains affiliate links, and if you make a purchase using my links I’ll be compensated a small amount for it. Fujifilm X100V Black Amazon B&H Fujifilm X100V Silver Amazon B&H Nobody pays me to write the content found on fujixweekly.com. There’s a real cost to operating and maintaining this site, not to mention all the time that I pour into it. If you appreciated this article, please consider making a one-time gift contribution. Thank you!",2299
fujifilm-x100v-x-trans-iii-x-trans-iv-film-simulation-recipe-monochrome-negative,Monochrome Negative,Acros,1,Acros#1,"It’s been awhile since I created a black-and-white film simulation recipe. Part of it is that my favorite recipe is Kodak Tri-X 400 , and I often choose to shoot with that. Another factor is that the differences between monochrome recipes are often much more subtle than color. For this, I didn’t start out with the intention of making a black-and-white recipe—in fact, it began with Classic Negative—and I wasn’t satisfied with the look, so I switched to Acros, and immediately liked what I saw. A few small changes later, and this recipe was born. It’s not modeled after any specific film, so I named it Monochrome Negative, as it does have a nice film-like quality to it. The trick to this film simulation recipe is underexposure. I found myself most often lowering the exposure by 1/3 or 2/3 stops (many of my recipes often call for the opposite). Highlight set to +3 will keep the image bright, while the underexposure will deepen the shadows and provide good contrast. Obviously each exposure should be judged individually, so don’t be afraid to deviate from this advice. This recipe was designed on and intended for the Fujifilm X100V , which has a newer X-Trans IV sensor, but because I didn’t use any of the new tools, such as Clarity and the Color Chrome Effects, this recipe is compatible with all X-Trans III & IV cameras. On X-Pro3 and newer, choose Grain size Small; on all other cameras, which don’t have Grain size as an option, simply select Grain Strong. If your camera has the Acros film simulation, you can use this recipe! Acros ( +Y, +R, +G ) Dynamic Range: DR400 Highlight: +3 Shadow: 0 Noise Reduction: -4 Sharpening: -2 Clarity: 0 Grain Effect: Strong, Small ( Strong for those cameras without Grain Size) Color Chrome Effect: Off Color Chrome Effect Blue: Off White Balance: Daylight, 0 Red & 0 Blue ISO: Auto, up to ISO 12800 Exposure Compensation: 0 to -2/3 (typically) Example photographs, all camera-made JPEGs using this “Monochrome Negative” film simulation recipe on my Fujifilm X100V: Find these film simulation recipes and many more on the Fuji X Weekly — Film Recipes App ! Nobody pays me to write the content found on fujixweekly.com. There’s a real cost to operating and maintaining this site, not to mention all the time that I pour into it. If you appreciated this article, please consider making a one-time gift contribution. Thank you!",2377
kentmere-pan-400-fujifilm-x100v-x-trans-iv-v-film-simulation-recipe,Kentmere Pan 400,Acros,0,Acros#0,"Even though Kentmere Pan 400 is a fairly new film, the history of it is a bit grey (pun intended). Harman Technologies is the parent company of both Ilford and Kentmere; prior to the Harman purchase, Kentmere did not produce any photographic films (they did make photo paper), so it would seem that Kentmere 400, which was introduced in 2009, is essentially an Ilford emulsion. Sometime a few years ago “Pan” was added to the name, although it is unclear if the emulsion was modified, or if it stayed the same and the name change was only marketing. Kentmere Pan 400 is a low-budget black-and-white negative film marketed towards photography students. Harman has stated that Kentmere Pan 400 is similar to Ilford HP5 Plus 400, and the reason that they can sell it for cheaper is that it contains less silver. For this reason some people have speculated that it is simply HP5 Plus with less silver; however, Ilford also makes a Pan 400 film, and so some others have speculated that Kentmere Pan 400 is actually Ilford Pan 400 with less silver. Oh, and then there’s AgfaPhoto APX 400 (2013 and onward, anyway), which apparently is the same emulsion as Kentmere Pan 400, and possibly even Rollei RPX 400. It’s hard to know exactly what the truth is, other than Kentmere Pan 400 is a cheap B&W film made by Ilford, who has produced many excellent B&W films for a long time. This Film Simulation Recipe was developed by Dan Allen . He shot a few rolls of Kentmere Pan 400 film, and during that time also shot a bunch of frames side-by-side with his Fujifilm X-Pro3. Using X RAW Studio, he fiddled with the Fujifilm files until they closely matched the Kentmere scans. One film can produce many different looks—depending on a host of factors, including how shot, developed, and printed and/or scanned—and even within this experiment, Dan discovered that there were some variances; these settings aim at the middle ground of those results. For many pictures, this Recipe is strikingly similar to the film, and you can tell that he put a lot of work and care into creating it. Thank you, Dan! This Kentmere Pan 400 Film Simulation Recipe is compatible with all X-Trans IV cameras—except the X-T3 and X-T30—and all X-Trans V cameras: the Fujifilm X-Pro3, X100V, X-T4, X-S10, X-E4, X-T30 II, X-H2s, X-H2, X-T5, X-S20, and X100VI (as of this writing). I’m sure you can also use it on newer GFX models, although it might render very slightly different (try it anyway). Because Kentmere Pan 400 film is intended for student photographers, I had my 14-year-old son, Jonathan, use this Recipe—half of the pictures in this article are his. Example photographs, all camera-made JPEGs using this Kentmere Pan 400 Film Simulation Recipe on my Fujifilm X100V: See also: How To Add Film Simulation Recipes To Your Fujifilm Camera",2808
fujifilm-x-trans-iv-film-simulation-recipe-ilford-hp5-plus-400,Ilford HP5 Plus 400,Monochrome,-1,,"This new film simulation recipe comes from Anders Lindborg ( Instagram ). Anders is the one who created the Kodak Tri-X 400 recipe , Ilford Pan F Plus 50 recipe , Kodak Gold v2 , seven Fujicolor Pro 160NS recipes , seven Fujicolor Pro 400H recipes , and made an important D-Range Priority discovery . So I know that you’ll love this one, too! He was kind enough to share it with me and allow me to share it with all of you—thank you, Anders! Anders sent me a lengthy note on his process to create this recipe, and I want to share with you a short snippet just so you get an idea of the effort put into this. “I checked the spectrum sensitivity chart and looked for any significant bumps in the wavelengths,” he wrote. “For the largest bump, I checked what color it represents to try to match it as close as possible with the white balance shift. This recreated the bump in the recipe to make the simulation a bit extra sensitive to that specific color.” This was point four of seven in his process, and shows the kind of effort that can go into creating Film Simulation Recipes . Specifically about this recipe, Anders noted, “Middle gray is the game here. Soft highlights and things disappearing into deep dark shadows, but never as black as Tri-X. Great for all day shooting in just about any weather. Looks totally awesome on winter shots!” I can add that it looks great on both sunny days and rainy days, too. I think it does especially well in moderate and high contrast situations. Ilford began the Hypersensitive Panchromatic (HP) series in 1931. HP5 Plus 400 is the latest version, released in 1989, and still available today. This is a classic black-and-white film stock that has stood the test of time, and Anders did a great job mimicking it on Fujifilm cameras. This recipe is intended for use on the X-Pro3, X100V, X-T4, X-S10, X-E4, and X-T30 II cameras; however, for the X-T3 and X-T30, as well as X-Trans III cameras, simply ignore Grain size, and this recipe is compatible with those cameras, so anyone with an X-Trans III or IV camera can use this. A side note: this recipe is different than my old Ilford HP5 Plus and Ilford HP5 Push Process recipes, which I still quite like, and are both excellent in low and mid contrast situations. Try those or Anders’ version—or all three if you are feeling adventurous! Monochrome Dynamic Range: DR400 Highlight: -1 Shadow: +1 Noise Reduction: -4 Sharpness: -2 Clarity: 0 Grain Effect: Strong, Large Color Chrome Effect: Off Color Chrome Effect Blue: Off White Balance: Daylight, +1 Red & -8 Blue ISO: Auto, up to ISO 6400 Exposure Compensation: -2/3 to +2/3 (typically) Example photographs, all camera-made JPEGs using this “Ilford HP5 Plus 400” Film Simulation Recipe on my Fujifilm X100V :",2751
fujifilm-x100v-film-simulation-recipe-ilford-pan-f-plus-50,Ilford Pan F Plus 50,Monochrome,-1,,"Anders Lindborg ( Instagram ) sent me a black-and-white film simulation recipe to try, which he modeled after Ilford Pan F Plus 50 film. Anders, you might recall, created the Kodak Tri-X 400 recipe , teamed with Thomas Schwab to create the Kodak T-Max 400 recipe , made seven Fujicolor Pro 160NS recipes , created seven Fujicolor Pro 400H recipes , and made an important D-Range Priority discovery . His contributions to the Fujifilm community are significant! The Kodak Tri-X 400 recipe is a favorite of mine that I use frequently, so I’m personally very grateful to Anders for his hard work on this recipe and all the others. And hard work it was! Anders sent me a lengthy note on his process to create this recipe, and I want to share with you a short snippet just so you get an idea of the effort put into this. “I checked the spectrum sensitivity chart and looked for any significant bumps in the wavelengths,” he wrote. “For the largest bump, I checked what color it represents to try to match it as close as possible with the white balance shift. This recreated the bump in the recipe to make the simulation a bit extra sensitive to that specific color.” This was point four of seven in his process, and shows the kind of effort that can go into creating film simulation recipes. Ilford Pan F 50 Plus is a low-ISO, contrasty, sharp, detailed, fine-grain, black-and-white negative film. It has the punchiness of a mid-ISO film, but is very clean, and can be printed large and still appear crisp and fine-detailed. Of course, how a film is exposed, developed, scanned and/or printed will affect the exact aesthetic. Ilford Pan F 50 Plus is one of the best black-and-white films you can buy today , and this recipe is a pretty darn good facsimile of it. “This one needs some care,” Anders wrote of this recipe, “and really soft light is recommended for portraits, but the reward is wonderful! If you’re looking for drama, this is it. Great in studio where lighting can be controlled, but can sometimes also work nicely for certain kinds of street photography. High contrast with a really classic black and white look, emphasis on the black.” I modified Anders recipe a little. His version calls for Shadows to be +2 and Clarity set to 0, but he says that +2 Shadow can sometimes be too strong, and that +1 is not always strong enough, but +1.5 (for those cameras that are capable) is probably just right. I wanted to use this recipe on my Fujifilm X100V, which isn’t capable of .5 Shadow adjustments, so I set Shadow to +1 and Clarity to +2 (to increase the contrast, similar to what +1.5 Shadow might be)… alternatively, Shadow +2 and Clarity -2 is an option, too, but I didn’t like it quite as much. Because of Clarity, I decreased Sharpening to 0 from +1 (what the original recipe calls for). Instead of -3, I set Noise Reduction to -4, which is my preference. If you want to use Anders full recipe, set Shadow to +2 (or +1.5 if your camera is capable), Clarity to 0, Sharpness to +1, and Noise Reduction to -3. Otherwise, you’ll find my slightly modified version below. This recipe is compatible with the Fujifilm X-Pro3, X100V, X-T4, X-S10, X-E4 and X-T30 II cameras. Monochrome Dynamic Range: DR100 Highlight: 0 Shadow: +1 Noise Reduction: -4 Sharpening: 0 Clarity: +2 Grain Effect: Weak, Large Color Chrome Effect: Off Color Chrome Effect Blue: Off White Balance: Daylight, +1 Red & -6 Blue ISO: Auto, up to ISO 6400 (for best results, try to limit the ISO to 1600 and lower when able) Exposure Compensation: -1/3 to +1/3 (typically) Example photographs, all camera-made JPEGs using this “Ilford Pan F Plus 50” film simulation recipe on my Fujifilm X100V :",3667
fujifilm-x100v-film-simulation-recipe-ilford-ortho-plus-80,Ilford Ortho Plus 80,Monochrome,-1,,"Many years ago I used to develop my own black-and-white film. It required removing the film from the cassette, winding it around a developing reel, and placing the reel into a developing canister—all in complete darkness! It was very tricky. If you didn’t get the film wound onto the reel quite right, it could ruin the film during development. When people think of darkrooms, they often think of dipping photosensitive papers into tubs of chemicals in dim amber light. This red light is called a safelight, and it’s safe for photographic paper, but not safe for undeveloped photographic film—that’s why you have to get the film from the cassette to the canister in complete darkness. Ilford Ortho Plus 80 film is different, as it’s orthochromatic, which means it’s sensitive to blue and green light but not red, making it possible to transfer the film from the cassette to the canister under a safelight. This film was introduced in 2019, so it hasn’t been around very long. It produces sharp, fine-grain images that are fairly contrasty for a low-ISO film, and reds will be rendered dark. I’ve never used this film myself, so I relied on pictures I found on the internet to create this recipe. With film, how it’s shot, developed, and printed or scanned can have a big impact on how it looks, and that’s certainly a challenge for creating a facsimile on Fujifilm cameras, but I think this one is pretty close from the pictures I’ve seen. It also seems to be in the neighborhood of Washi S 50. I set Monochromatic Color (Toning) to WC +1 because many of the examples that I found had some warm toning (not sure if it’s in-software after scanning or from toned prints or both), but it’s completely optional, you can set WC to 0 if you prefer. This recipe is intended for newer X-Trans IV cameras, such as the Fujifilm X100V , X-T4, X-Pro3 and X-S10, and isn’t compatible with other cameras; however, if you disregard Clarity you can achieve something similar on the X-T3 and X-T30, but it won’t be exactly the same (feel free to try). Monochrome+G Dynamic Range: DR400 Highlight: +2 Shadow: +3 Noise Reduction: -4 Sharpening: +2 Clarity: -2 Toning: WC +1, MG 0 Grain Effect: Weak, Small Color Chrome Effect: Strong Color Chrome Effect Blue: Off White Balance: 7000K, -5 Red & 0 Blue ISO: Auto, up to ISO 6400 Exposure Compensation: +1/3 to +1 (typically) Example photographs, all camera-made JPEGs using this Ilford Ortho Plus 80 film simulation recipe on my Fujifilm X100V: See also: Film Simulation Recipes This post contains affiliate links, and if you make a purchase using my links I’ll be compensated a small amount for it. Fujifilm X100V Black Amazon B&H Fujifilm X100V Silver Amazon B&H Nobody pays me to write the content found on fujixweekly.com. There’s a real cost to operating and maintaining this site, not to mention all the time that I pour into it. If you appreciated this article, please consider making a one-time gift contribution. Thank you!",2962
fujifilm-x-trans-iv-film-simulation-recipe-moody-monochrome,Moody Monochrome,Acros,1,Acros#1,"Of the different faux filter options for Acros , +Y is the one I use the least. I think it goes back to my film days when I used color filters with B&W film. I would select Orange or Red before Yellow, because Yellow is fairly subtle, but the advantage of the Yellow filter is that it doesn’t block as much light. Of course, the faux filters on Fujifilm cameras don’t affect the exposure like real filters with film. Anyway, recognizing that I infrequently use Acros+Y, I set out to make a Film Simulation Recipe that uses +Y and produces an aesthetic that I like. I think it is important to challenge myself sometimes, so if there’s some setting or gear or option that I don’t use often, forcing myself to use it helps me to grow as a photographer. That’s why I made this recipe. I wanted something with an overall darker curve, so that it would produce a moody look. Maybe deep blacks reminiscent of Tri-X, and maybe a push-process feel. I didn’t have any specific film in mind, but I’m reminded of this time that I push-processed a roll of Ilford Delta 400, but inadvertently got it wrong—I underexposed two stops, and only had the lab push it by one stop, so the pictures were largely underexposed, and they were darker and moodier (yet less contrasty and grainy) than I had intended. This isn’t exactly the same as that, but not too dissimilar, either, so that’s why I call this recipe Moody Monochrome . Because this film simulation recipe uses Clarity , it is compatible with the Fujifilm X-Pro3, X100V, X-T4, X-S10, X-E4, and X-T30 II cameras. If you have an X-T3 or X-T30 or X-Trans III camera, ignore Clarity and Grain size, and use a diffusion filter, like a 10% CineBloom or 1/4 Black Pro Mist, to get similar results. Acros+Y Dynamic Range: DR400 Highlight: -1 Shadow: +4 Noise Reduction: -4 Sharpness: -2 Clarity: -3 Grain Effect: Strong, Large Color Chrome Effect: Off Color Chrome Effect Blue: Off White Balance: Fluorescent 3, -4 Red & -9 Blue ISO: 3200 Exposure Compensation: +1/3 to +1 (typically) Example photographs, all camera-made JPEGs using this “Moody Monochrome” Film Simulation Recipe on my Fujifilm X100V : This post contains affiliate links, and if you make a purchase using my links I’ll be compensated a small amount for it. Fujifilm X100V Black Amazon B&H Fujifilm X100V Silver Amazon B&H",2321
fujifilm-x100v-film-simulation-recipe-black-white-infrared,Black & White Infrared,Acros,0,Acros#0,"Stop Here on Infrared – Yellowstone NP, WY – Fujifilm X100V – “Black & White Infrared” Infrared photographing is capturing light beyond the visible spectrum. It requires special film, or a digital sensor that has had the infrared filter removed. Any digital camera has the potential to be infrared sensitive, but the process isn’t easy or cheap. Full spectrum photography is similar to infrared, but also includes ultraviolet and visible light (not just infrared light). With full spectrum photography you can choose by the use of filters which light you want to capture. You can use filters with infrared, too, to control what light comes through, but not to the extent of full-spectrum. A characteristic of both infrared and full-spectrum in black-and-white is deep contrast, with dark skies and white foliage. One of my favorite photographers is Mitch Dobrowner , who converted his Canon cameras to full-spectrum for dramatic monochrome storm photography. When I purchased my Fujifilm X-T1, I had the intentions of converting it to full-spectrum, but the cost of the conversion has prevented me from doing it. I still hope to do so, maybe later this year or perhaps next year. We’ll see. But I figured out a way to simulate something that’s in the neighborhood of infrared or full-spectrum on my Fujifilm X100V without any conversions. In the right light and with the right subject, it can be quite convincing! Even though you are only using the visible spectrum of light, it can appear as though you are actually doing infrared photography. Amazing! Even in situations where this recipe doesn’t resemble infrared or full-spectrum, it will still produce a dramatic, high-contrast look that you might find appealing. Those who have said that Acros+R doesn’t actually resemble the use of a red filter on black-and-white film will appreciate these settings. Many landscape photographers, including Ansel Adams, employed a red filter to achieve a dark sky (for example, Moonrise Over Hernandez ). White Tree Black Sky – West Valley City, UT – Fujifilm X100V – “Black & White Infrared” The trick is to use a low Kelvin white balance in conjunction with a dramatic white balance shift when using Acros+R. I got the idea from Fuji X Weekly reader James Clinich, who uses between 3800K and 4500K with a 0 Red & +8 shift to achieve a darker sky, which is something you can apply to other B&W recipes if you’d like to better mimic the use of a red filter. I just took his idea a step further to make it even more dramatic for this recipe. My Black & White Infrared film simulation recipe can be difficult to use. I find that it doesn’t always work well. It can be very tough to gauge the best exposure, and I’ve had to go anywhere from -1 to +3 on the exposure compensation dial to get it right. It’s one of the more difficult to use recipes that I’ve created, yet it is highly rewarding. If you like dramatic black and white photographs, you’ll want to give this one a try! As of this writing, it’s only compatible with the Fujifilm X100V, X-Pro3 and X-T4 cameras. Acros+R Dynamic Range: DR200 Highlight: +4 Shadow: +3 B&W Toning: 0 Noise Reduction: -4 Sharpening: -4 Clarity: +5 Grain Effect: Strong, Large Color Chrome Effect: Off Color Chrome Effect Blue: Off White Balance: 2750K, -5 Red & +9 Blue ISO: Auto, up to ISO 6400 Example photographs, all camera-made JPEGs using this Black & White Infrared film simulation recipe on my Fujifilm X100V: Crafts & Hobbies – West Valley City, UT – Fujifilm X100V Cloud Above The Wall – Draper, UT – Fujifilm X100V Flags Over IKEA Infrared – Draper, UT – Fujifilm X100V Pinnacle – Farmington, UT – Fujifilm X100V Suburban Abstract – Farmington, UT – Fujifilm X100V Suites – West Valley City, UT – Fujifilm X100V Paved Paradise – West Valley City, UT – Fujifilm X100V Accessible Parking – West Valley City, UT – Fujifilm X100V Done Shopping – West Valley City, UT – Fujifilm X100V Soda Glass – West Valley City, UT – Fujifilm X100V Couch Stripes – Farmington, UT – Fujifilm X100V Flowers in the Sky – Big Sky, MT – Fujifilm X100V Grey Hills – Red Rock Lakes NWR, MT – Fujifilm X100V Abandoned Dream Infrared – Red Rock Lakes NWR, MT – Fujifilm X100V Abandoned House by the Hill IR – Red Rock Lakes NWR, MT – Fujifilm X100V Henry’s Fork River – Island Park, ID – Fujifilm X100V Upper Red Rock Lake IR – Red Rock Lakes NWR, MT – Fujifilm X100V Red Rock Road Monochrome – Red Rock Lakes NWR, MT – Fujifilm X100V Aspen Leaves Infrared – Farmington, UT – Fujifilm X100V Illuminated Tree – West Valley City, UT – Fujifilm X100V Infrared Tree – Farmington, UT – Fujifilm X100V See also: Film Simulation Recipes This post contains affiliate links, and if you make a purchase using my links I’ll be compensated a small amount for it. Fujifilm X100V Black Amazon B&H Fujifilm X100V Silver Amazon B&H Nobody pays me to write the content found on fujixweekly.com. There's a real cost to operating and maintaining this site, not to mention all the time that I pour into it. If you appreciated this article, please consider making a one-time gift contribution. Thank you!",5093
sepia-the-forgotten-film-simulation,Sepia,,-1,,"No Credit Tires – Bountiful, UT – Fujifilm X-T30 & Fujinon 35mm f/2 – Sepia Sepia is Fujifilm’s forgotten film simulation. Despite being included on every X camera since the original X100, very few people use it. Some photographers mock the Sepia film simulation, calling it gimmicky or amateurish. It’s even been the butt of jokes. There seems to be no love for it. I believe that the Sepia film simulation is misunderstood and underappreciated, and it deserves more respect. You might be surprised to learn that actual sepia is a byproduct of cuttlefish, and it’s been a part of photography for over 150 years. Sepia is used for its archival properties. When black-and-white photographic prints are given a sepia bath, it stabilizes the silver, which slows the aging process. It also stains the paper, producing a brownish-red tone. The longer the paper sits in a sepia bath, the stronger the sepia tone will be. Some photographers would leave their prints in the bath for a long time, producing a pronounced tint. Many years ago when I printed my own black-and-white pictures in a darkroom, I would only give my pictures a quick dip in sepia, which would produce a very subtle warm tone. Sepia has both form and function in the photographic process. The majority of black-and-white photographers used sepia, although many preferred a short bath for subtle effect; however, some wanted the full sepia aesthetic with it’s pronounced warm tones. There have been different eras in photography when a strong sepia stain was in vogue. You can change the emotion of a black-and-white photograph by toning it, so it’s no surprise that a warm tone would be popular. Even when it wasn’t popular, there were still some photographers who would purposefully use sepia for artistic effect. Snow on Rudy Drain – Salt Lake City, UT – Fujifilm X-T1 & Fujinon 35mm f/2 – Sepia Even though film photography is much less prevalent now, sepia is still being used today in analog black-and-white printing. It’s unnecessary in digital photography, but Fujifilm has provided an easy solution for simulating the effect: the Sepia film simulation. Specifically, it mimics the look of a black-and-white print that’s spent some time in a sepia bath. Some might call it “old timey” in appearance; yes, sepia has been used in photography for a very long time, yet it is still being used today. Maybe it’s not so gimmicky and amateurish after all. You know that I love to create film simulation recipes that produce straight-out-of-camera results which mimic analog aesthetics. I have created many different color and black-and-white recipes for Fujifilm cameras, and in the process used all of the different film simulation options that Fujifilm provides on their cameras, except for one: Sepia. This is the first time that I’ve used the Sepia film simulation as the basis for a recipe. I love the feeling that these settings produce in an image; there’s a certain emotional response to Sepia that’s not found in the Acros or Monochrome film simulations. I invite you to try these settings for yourself, and perhaps you’ll discover a newfound respect for the lowly Sepia film simulation. Sepia film simulation recipe for the X100V, X-Pro3 and X-T4: Sepia Dynamic Range DR400 Highlight & Shadow: +3 Grain: Strong, Large Color Chrome Effect & Color Chrome Effect Blue: Off Clarity: +2 Sharpening: -2 Noise Reduction: -4 Sepia Sun – Farmington, UT – Fujifilm X100V Broken Barrier – Kaysville, UT – Fujifilm X100V Espresso Yourself – Layton, UT – Fujifilm X100V Sepia film simulation recipe for X-Trans III plus X-T3 and X-T30 cameras: Sepia Dynamic Range: DR400 Highlight & Shadow: +3 Grain: Strong Color Chrome: Off or N/A Sharpening: -2 Noise Reduction: -4 Lens in the Window Light – South Weber, UT – Fujifilm X-T30 & Fujinon 90mm f/2 Chair Light & Shadow Abstract – South Weber, UT – Fujifilm X-T30 & Fujinon 35mm f/2 Night Pump – Centerville, UT – Fujifilm X-T30 & Asahi Super-Takumar 28mm f/3.5 Sepia film simulation recipe for X-Trans I & II plus Bayer cameras: Sepia Dynamic Range DR200 Highlight & Shadow: +2 Sharpening: -1 Noise Reduction: -2 Cup of Beans – South Weber, UT – Fujifilm X-T1 & Fujinon 35mm f/2 Selfie – Uintah, UT – Fujifilm X-T1 & Fujinon 35mm f/2 Suburban Pond in Winter – Farmington, UT – Fujifilm X-T1 & Fujinon 35mm f/2 See also: Film Simulation Recipes Review: Fujifilm X-T30 Review: Fujinon 35mm f/2 Review: Fujinon 90mm f/2 Asahi Super-Takumar 28mm f/3.5 Nobody pays me to write the content found on fujixweekly.com. There's a real cost to operating and maintaining this site, not to mention all the time that I pour into it. If you appreciated this article, please consider making a one-time gift contribution. Thank you!",4725
my-fujifilm-x-t30-kodachrome-64-film-simulation-recipe,Kodachrome 64,Classic Chrome,2,Classic Chrome#2,"Kodachrome Slides – South Weber, UT – Fujifilm X-T30 – “Kodachrome 64” Kodachrome 64 is probably the most requested film that people have asked me to create a recipe for. Kodachrome has a long history, with the first successful version debuting in 1935 ( film simulation recipe here ). In the early 1960’s Kodak replaced that version of the film with Kodachrome II and Kodachrome X ( film simulation recipe here ). In 1974 Kodak made the final version of Kodachrome, available in ISO 25 and ISO 64 (and later ISO 200) versions. This Kodachrome was discontinued 10 years ago. Kodak also discontinued the chemicals to process Kodachrome, and nine years ago the last roll was developed. This film simulation recipe is meant to mimic the aesthetics of Kodachrome 64. In the early 1970’s there was a movement to end Kodachrome. The process to develop the film was toxic and complex. Kodachrome is actually a black-and-white film with color added during development, which you can imagine isn’t a simple procedure. Instead of discontinuing their most popular color film, Kodak made a new version that required a less-toxic (but still toxic) and less complicated (but still complicated) development process. This appeased those who wanted the film gone, but the new version of Kodachrome was not initially well received by photographers, many of whom liked the old version better. William Eggleston, for example, who used Kodachrome extensively in his early career, wasn’t a fan of the new version, and began to use other films instead. The photography community did come around to Kodachrome 25 and Kodachrome 64. Due to Kodachrome’s sharpness, grain, color, contrast and archival characteristics, this film was a great all-around option that worked well in almost any circumstance. The film became incredibly popular, and was found on the pages of many magazines, including National Geographic , which practically made its use a requirement. Steve McCurry was perhaps the best known photographer to extensively use this era of Kodachrome. He said of the film, “It has almost a poetic look with beautiful colors that were vibrant and true to what you were shooting.” Onaqui Wild Horses – Dugway, UT – Fujifilm X-T30 – “Kodachrome 64” I shot many rolls of Kodachrome 64, and a few rolls of Kodachrome 25. My favorite was Kodachrome 64 because it had a little more contrast and was slightly more saturated. It was a sad day for me when Kodak discontinued it. I was just getting into digital photography at that time, and in retrospect I wish that I had paused on digital and shot a few more rolls of Kodachrome. Kodak has hinted that they might resurrect it, but I would be surprised if they actually did because of the complex development process. When I decided to attempt a Kodachrome 64 film simulation recipe for my Fujifilm X-T30 , I did some experiments, and after a few tries I thought that I had it figured out. Excitingly, I snapped many frames with these settings, but then I figured that I should consult some actual Kodachrome 64 slides to make sure that it matched. It didn’t. Kodachrome 64 looked different than how I remembered it. I was close, but not close enough, so I went back to the drawing board. A handful of experiments later I got it right, which is the recipe that you see here. Of course, the issue with all of these film simulation recipes that mimic actual film is that one film can have many different looks, depending on how it was shot, under what conditions, how it was developed, and how it’s viewed, whether through a projector or light table, a print (and how it was printed), or a scan (and how it was scanned and perhaps digitally altered, and the monitor). There are a ton of variables! Kodachrome looks best when viewed by projector, no doubt about it, but that’s not how Kodachrome is seen today, unless you own a projector and have some slides. While I don’t think that this recipe will ever match the magic of projected Kodachrome, I do think it’s a close approximation of the film and it deserves to share the famed name. Mayhem – Tooele, UT – Fujifilm X-T30 – “Kodachrome 64” I have Grain set to Weak, but I feel that when using this recipe at higher ISOs Grain should be set to Off. While I chose DR400, in low-contrast situations DR200 is a good Dynamic Range option. For X-Trans III cameras, which obviously don’t have Color Chrome Effect , this recipe will still work and will appear nearly identical, but it will produce a slightly different look. To modify this recipe for Kodachrome 25, I suggest setting Shadow to +1, Color to -1, Grain to Off, and Sharpness to +3. Classic Chrome Dynamic Range: DR400 Highlight: +1 Shadow: +2 Color: 0 Noise Reduction: -4 Sharpening: +2 Grain Effect: Weak Color Chrome Effect: Weak White Balance: Daylight, +2 Red & -5 Blue ISO: Auto, up to ISO 6400 Exposure Compensation: +1/3 to +1 (typically) Example photographs, all camera-made JPEGs using this Kodachrome 64 film simulation recipe on my Fujifilm X-T30: Shopping Cart Car – Riverdale, UT – Fujifilm X-T30 Traffic Lamp – Bountiful, UT – Fujifilm X-T30 Red Tricycle – South Weber, UT – Fujifilm X-T30 Hay Stack – Layton, UT – Fujifilm X-T30 Pony Express Trail – Faust, UT – Fujifilm X-T30 Wild Horse Country – Dugway, UT – Fujifilm X-T30 Wild Horse Grazing – Dugway, UT – Fujifilm X-T30 Lonely Horse – Dugway, UT – Fujifilm X-T30 Wild & Free – Dugway, UT – Fujifilm X-T30 Onaqui Horses – Dugway, UT – Fujifilm X-T30 Spotted Green – Dugway, UT – Fujifilm X-T30 Grassland – Dugway, UT – Fujifilm X-T30 In The Dust – Faust, UT – Fujifilm X-T30 Roar Forever – South Weber, UT – Fujifilm X-T30 Jon In The Backyard – South Weber, UT – Fujifilm X-T30 Big Wheel – South Weber, UT – Fujifilm X-T30 Evening Tree – South Weber, UT – Fujifilm X-T30 Look Up To The Sky – South Weber, UT – Fujifilm X-T30 Lavender Bee – South Weber, UT – Fujifilm X-T30 Lavender Sunset – South Weber, UT – Fujifilm X-T30 Sunset Leaves – South Weber, UT – Fujifilm X-T30 Sun Kissed Leaf – South Weber, UT – Fujifilm X-T30 Summer Tree Leaves – South Weber, UT – Fujifilm X-T30 Jar of Coffee Beans – South Weber, UT – Fujifilm X-T30 Beans To Grind – South Weber, UT – Fujifilm X-T30 Sugar Dish – South Weber, UT – Fujifilm X-T30 Morning Coffee – South Weber, UT – Fujifilm X-T30 Processed by Kodak – South Weber, UT – Fujifilm X-T30 See also: Kodachrome 64 for X-Trans II Nobody pays me to write the content found on fujixweekly.com. There's a real cost to operating and maintaining this site, not to mention all the time that I pour into it. If you appreciated this article, please consider making a one-time gift contribution. Thank you!",6638
my-fujifilm-x-t30-kodak-gold-200-film-simulation-recipe,Kodak Gold 200,Classic Chrome,0,Classic Chrome#0,"Crown Burger – Layton, UT – Fujifilm X-T30 “Kodak Gold 200” I’ve been asked countless times to create a Kodak Gold film simulation recipe. I’ve tried several times to make one, but I couldn’t get it quite right. Last week I was scrolling through Instagram and I saw a picture that I thought at first glance was captured using my Portra 160 recipe . It’s not unusual to see pictures that were captured using my different recipes, as some of them have become quite popular. It was an interesting picture, so I took my time looking at it, and as I did I thought that there was just too much saturation, contrast and grain for it to be my Portra recipe, yet it was still very similar. When I read the description I realized that the picture was captured with actual Kodak Gold 200 film! At that moment I knew that I could create a Gold recipe simply by modifying the Portra recipe. Kodak Gold, which was introduced in the late-1980’s and is still around today, is a general purpose color negative film. It was originally called Kodacolor VR-G, then Kodacolor Gold, and finally Gold. It replaced Kodacolor VR. While the film has been improved a few times over the years, it still looks pretty much the same today as it did in the 1980’s. The film is prone to color shifts, and results can vary significantly depending on how the picture was shot, developed and printed or scanned. Flowing Farmington Creek – Farmington, UT – Fujifilm X-T30 “Kodak Gold 200” Even though this Kodak Gold film simulation recipe is very similar to my Portra recipe, it took many experiments to get it right. I tried different combinations of Highlight, Shadow and Color before settling on these settings. I adjusted the white balance shift several times before returning to the same shift as Portra 160. I feel that this recipe is a good facsimile to actual Gold film, although, like all recipes, it will never be exact, as it cannot account for all the variables. It’s pretty close, though, in my opinion. I want to give a special thank-you to Fuji X Weekly reader Piotr Skrzypek for creating the original Portra 160 recipe for X-Trans II , which allowed me to make one for X-Trans III & IV cameras, which in turn made this Kodak Gold 200 recipe possible. This recipe is compatible with X-Trans III & IV cameras. Classic Chrome Dynamic Range: DR-Auto Highlight: -2 Shadow: +1 Color: +3 Noise Reduction: -4 Sharpening: -2 Grain Effect: Strong Color Chrome Effect: Off White Balance: Daylight, +4 Red & -5 Blue ISO: Auto, up to ISO 6400 Exposure Compensation: +2/3 to +1 1/3 (typically) Example photographs, all camera-made JPEGs using this Kodak Gold 200 film simulation recipe on my Fujifilm X-T30 : Space Communication – Farmington, UT – Fujifilm X-T30 Sky Traffic – Farmington, UT – Fujifilm X-T30 Little Grass Runner – Farmington, UT – Fujifilm X-T30 Pear Tree Top – Farmington, UT – Fujifilm X-T30 Spring Tree – Farmington, UT – Fujifilm X-T30 Tree Blossom – Farmington, UT – Fujifilm X-T30 Backlit Pear Blossoms – Farmington, UT – Fujifilm X-T30 Pear Blossom Day – Farmington, UT – Fujifilm X-T30 Boy in Spring – Farmington, UT – Fujifilm X-T30 Branch & Sky – Farmington, UT – Fujifilm X-T30 Pear Blossom Reflection – Farmington, UT – Fujifilm X-T30 Phragmites – Farmington, UT – Fujifilm X-T30 Easy Feelin’ – Farmington, UT – Fujifilm X-T30 Girl in the Backyard – Farmington, UT – Fujifilm X-T30 Stages of Tulip Blooms – Farmington, UT – Fujifilm X-T30 Crescent Tulips – Farmington, UT – Fujifilm X-T30 Floral Decor – Farmington, UT – Fujifilm X-T30 Cheese – Farmington, UT – Fujifilm X-T30 Grill & Chill – Centerville, UT – Fujifilm X-T30 No Door Dash in the Drive Thru – Centerville, UT – Fujifilm X-T30 Corner – Centerville, UT – Fujifilm X-T30 KFC – Layton, UT – Fujifilm X-T30 Everette Brown – Layton, UT – Fujifilm X-T30 Outside 7-Eleven – Layton, UT – Fujifilm X-T30 Sunlight Through The Trees – Farmington, UT – Fujifilm X-T30 Tree Trunk Above the Pond – Farmington, UT – Fujifilm X-T30 Boulder Above the Pond – Farmington, UT – Fujifilm X-T30 Father & Son Fishing in Farmington Pond – Farmington, UT – Fujifilm X-T30 Fishing in Farmington Pond – Farmington, UT – Fujifilm X-T30 Staircase Down to the Water – Farmington, UT – Fujifilm X-T30 Flowing Creek – Farmington, UT – Fujifilm X-T30 Creek in the Woods – Farmington, UT – Fujifilm X-T30 Rocky Farmington Creek – Farmington, UT – Fujifilm X-T30 Winter is Nearly Over – Farmington, UT – Fujifilm X-T30 Red Car in Green Grass – Farmington, UT – Fujifilm X-T30 Bug in the Dirt – Farmington, UT – Fujifilm X-T30 Sunset on Burger Customer Parking – Layton, UT – Fujifilm X-T30 See also: Film Simulation Recipe Nobody pays me to write the content found on fujixweekly.com. There's a real cost to operating and maintaining this site, not to mention all the time that I pour into it. If you appreciated this article, please consider making a one-time gift contribution. Thank you!",4915
my-fujifilm-x-t30-kodak-portra-400-film-simulation-recipe,Kodak Portra 400,Classic Chrome,0,Classic Chrome#0,"Around The Bend – Layton, UT – Fujifilm X-T30 “Kodak Portra 400” Portra 400, which is a color negative film, was introduced by Kodak in 1998. It was redesign in 2006 and again in 2010. As the name implies, it’s intended for portrait photography, but can be used for many other types of photography. It’s similar to Portra 160, but with more contrast, saturation and grain. Believe it or not, ISO 400 was considered “high ISO” by many photographers back in the film days, and Portra 400 was one of the absolute best “high ISO” color films ever made. Like all films, results can vary greatly depending on how it’s shot, developed and printed or scanned, and even which version of the film you’re talking about. Interestingly, Kodak briefly made a black-and-white version of Portra 400! I’ve been meaning to revisit Kodak Portra 400 for some time now. As you may know, I already have a Kodak Portra 400 recipe , which I created two years ago, but it requires a difficult-to-achieve custom white balance measurement. I was never really satisfied with that recipe, even though it can produce interesting results. I have been eager to create a new Portra 400 recipe, and, In fact, I’ve tried a couple of times, but without success. Blue Sky Day – Syracuse, UT – Fujifilm X-T30 “Kodak Portra 400” A Fuji X Weekly reader suggested to me that if I use my Kodak Portra 160 recipe , except increase Shadow, Highlight and Color by one, that should be pretty close to Portra 400. Indeed it is! I liked what I saw, but I played around with the settings more to see if I could improve on it. Turns out not much needed to be tweaked. I liked the results better with Color Chrome Effect set to Strong, but if you have an X-Trans III camera, which doesn’t have that feature, you can still use this recipe, but it will look slightly different. The only other change that I made was I set Grain to Strong. Classic Chrome Dynamic Range: DR-Auto Highlight: -1 Shadow: -1 Color: +2 Noise Reduction: -4 Sharpening: -2 Grain Effect: Strong Color Chrome Effect: Strong White Balance: Daylight, +4 Red & -5 Blue ISO: Auto, up to ISO 6400 Exposure Compensation: +2/3 to +1 (typically) Example photographs, all camera-made JPEGs using this Kodak Portra 400 film simulation recipe on my Fujifilm X-T30 : Mountain in the Evening Light – Farmington, UT – Fujifilm X-T30 Reeds To The Sky – Farmington, UT – Fujifilm X-T30 Jensen Pond – Syracuse, UT – Fujifilm X-T30 Water Beyond The Trees – Layton, UT – Fujifilm X-T30 Paved Trail – Layton, UT – Fujifilm X-T30 Spring Green & White – Layton, UT – Fujifilm X-T30 Fries in the Sky – Syracuse, UT – Fujifilm X-T30 Royal Lunch – Layton, UT – Fujifilm X-T30 Evening Suburban Home – Farmington, UT – Fujifilm X-T30 Boy in the Striped Light – Farmington, UT – Fujifilm X-T30 Boy Sitting – Farmington, UT – Fujifilm X-T30 Sunlight Through The Pink Blooms – Farmington, UT – Fujifilm X-T30 Pink Tree Bloom – Farmington, UT – Fujifilm X-T30 See also: Film Simulation Recipes Nobody pays me to write the content found on fujixweekly.com. There's a real cost to operating and maintaining this site, not to mention all the time that I pour into it. If you appreciated this article, please consider making a one-time gift contribution. Thank you!",3249
fujifilm-x-t3-x-t30-film-simulation-recipe-kodak-portra-400-v2,Kodak Portra 400 v2,Classic Chrome,0,Classic Chrome#0,"This film simulation recipe is a slight variation of my Kodak Portra 400 recipe . It came about after I made a Portra 400 v2 recipe for the newer X-Trans IV cameras , which was created after studying actual examples of the film provided to me by a reader. I wanted to create a similar modification for the X-T3 and X-T30, which became this recipe. One film can have many different looks, depending on how it’s shot, developed, and scanned and/or printed, so this isn’t necessarily a “better” recipe, just a slightly different take on recreating the film’s aesthetic. I really like this one, and I think you will, too! Portra 400, which is a color negative film, was introduced by Kodak in 1998. It was redesign in 2006 and again in 2010. As the name implies, it’s intended for portrait photography, but can be used for many other types of photography. It’s similar to Portra 160, but with more contrast, saturation and grain. Believe it or not, ISO 400 was considered “high ISO” by many photographers back in the film days, and Portra 400 was one of the absolute best “high ISO” color films ever made. Interestingly, Kodak briefly made a black-and-white version of Portra 400!",1176
my-fujifilm-x-t30-kodak-portra-160-film-simulation-recipe,Kodak Porta 160,Classic Chrome,0,Classic Chrome#0,"Summer Waves Hello – Farmington, UT – Fujifilm X-T30 “Kodak Portra 160” This is the film simulation recipe that you’ve been waiting for! One of the top films that I’ve been asked to create a film simulation recipe for is Portra 160. I’ve tried many times, and I felt that I got close a couple of times, but I was never able to get it quite right. Fuji X Weekly reader Piotr Skrzypek recently created a Portra 160 film simulation recipe for his Fujifilm X-E2, which he gave me permission to share. I modified his settings very slightly, and published that Portra 160 recipe for X-Trans II cameras last week. Using those settings as a starting point, and understanding how X-Trans II is different than the newer sensors, I was able to make a Portra 160 film simulation recipe that is compatible with X-Trans III & IV cameras. Portra is a line of films that Kodak introduced in 1998. As the name implies, it was designed for portrait photography, although it has been used for many different genres, as it’s good for more than just portraits. Kodak made Portra in three different ISOs: 160, 400 and 800. The ISO 160 and 400 versions originally had two options: Neutral Color (NC) and Vivid Color (VC). In 2011 Kodak redesigned Portra, and they did away with the Neutral and Vivid versions, making instead only one option in each ISO. Portra has been a popular film since its introduction. Horizontal Ladder – Farmington, UT – Fujifilm X-T30 “Kodak Portra 160” This recipe looks great when you turn the exposure compensation dial up. You don’t want to clip highlights, but if you keep the highlights just below clipping you can get excellent results. This recipe is especially good for high-contrast scenes. Really, this is a good all-around recipe that you’ll want to keep programmed in your camera’s Q Menu. I imagine that for some of you, this will be the top film simulation recipe that you use most of the time. Don’t be afraid to use Auto-White-Balance instead of Daylight, or to adjust Color up to +2 or down to 0, depending on your tastes. Classic Chrome Dynamic Range: DR-Auto Highlight: -2 Shadow: -2 Color: +1 Noise Reduction: -4 Sharpening: -2 Grain Effect: Weak Color Chrome Effect: Off White Balance: Daylight, +4 Red & -5 Blue ISO: Auto, up to ISO 6400 Exposure Compensation: +2/3 to +1 1/3 (typically) Example photographs, all camera-made JPEGs using this Kodak Portra 160 film simulation recipe on my Fujifilm X-T30 : Last Light Roofline – Farmington, UT – Fujifilm X-T30 Yellow House – Farmington, UT – Fujifilm X-T30 Rooflines – Farmington, UT – Fujifilm X-T30 Garages – Farmington, UT – Fujifilm X-T30 Blue Dumpster – Farmington, UT – Fujifilm X-T30 Stop – Kaysville, UT – Fujifilm X-T30 Elevator Trucks – Kaysville, UT – Fujifilm X-T30 Bird Over Grain Elevator – Kaysville, UT – Fujifilm X-T30 Autumn Leftovers – Farmington, UT – Fujifilm X-T30 Sky Reed – Farmington, UT – Fujifilm X-T30 Boy in Thought – Farmington, UT – Fujifilm X-T30 Blue Wall Boy – Farmington, UT – Fujifilm X-T30 Girl by the Fence – Farmington, UT – Fujifilm X-T30 Bike Seat – Farmington, UT – Fujifilm X-T30 First Pear Bloom – Farmington, UT – Fujifilm X-T30 Goosenecks – Goosenecks SP, UT – Fujifilm X-T30 Satellite Dish – Farmington, UT – Fujifilm X-T30 Grey Sky Over Roof – Farmington, UT – Fujifilm X-T30 Red Barn Day – Farmington, UT – Fujifilm X-T30 Sky Blooms – Farmington, UT – Fujifilm X-T30 See also: Film Simulation Recipes Nobody pays me to write the content found on fujixweekly.com. There's a real cost to operating and maintaining this site, not to mention all the time that I pour into it. If you appreciated this article, please consider making a one-time gift contribution. Thank you!",3692
my-fujifilm-x-t30-kodak-vision3-250d-film-simulation-recipe,Kodak Vision3 250D,Eterna,1,Eterna#1,"Ice Cream Trailer – Farmington, UT – Fujifilm X-T30 “Kodak Vision3 250D” A Fuji X Weekly reader asked me to create a film simulation recipe that mimics Kodak Vision3 250D motion picture film. Kodak introduced Vision3 250D in 2009. While it’s a color negative motion picture film, it can also be used for still photography. I’ve never used this film, but as I researched it, I came to realize that this one film can produce many different looks, depending on how it’s shot and developed. In fact, you can develop it using either the C-41 or ECN-2 process, and you can even develop it as black-and-white. You can push-process several stops. There’s a lot of latitude for over and under exposure. As you can imagine, it would be impossible to create a film simulation recipe that mimics every possible look from this film, or even most. I focused in on one specific aesthetic, although I can’t say for sure how that aesthetic was achieved, and made a recipe that mimics it. I think I came pretty darn close. Perhaps more importantly, these settings look good. There’s a certain quality to the pictures made using this recipe that’s especially lovely. Some of you are really going to love these settings! Flowers on a Tree Branch – Farmington, UT – Fujifilm X-T30 “Kodak Vision3 250D” Since Kodak Vision3 250D is a motion picture film, I had fun using this film simulation recipe in the 16:9 aspect ratio from time-to-time because it is a more cinematic shape. If you used the film for still photography, most likely the frame would be a 3:2 aspect ratio, which is what I chose for most of these pictures. You can choose any aspect ratio that you’d like. If you have an X-H1, which doesn’t have Color Chrome Effect but does have Eterna, you can still use this recipe, but the results will be slightly different. Eterna Dynamic Range: DR100 Highlight: +3 Shadow: +4 Color: +3 Noise Reduction: -4 Sharpening: -2 Grain Effect: Strong Color Chrome Effect: Strong White Balance: Fluorescent 1 (Daylight Fluorescent), -3 Red & -1 Blue ISO: Auto up to ISO 6400 Exposure Compensation: +1/3 to +2/3 (typically) Below are all camera-made JPEGs captured using this Kodak Vision3 250D Film Simulation recipe on my Fujifilm X-T30 camera: Blue Bokeh – Farmington, UT – Fujifilm X-T30 Nighttime Fire Hydrant – Farmington, UT – Fujifilm X-T30 Yellow Tree – Farmington, UT – Fujifilm X-T30 Lights Strung Across The Road – Farmington, UT – Fujifilm X-T30 Forever the Perfect Accessory – Farmington, UT – Fujifilm X-T30 Artificial Light Rays – Farmington, UT – Fujifilm X-T30 Reserved Parking – Syracuse, UT – Fujifilm X-T30 Grass by a Waterfall – Syracuse, UT – Fujifilm X-T30 Three Ducks – Farmington, UT – Fujifilm X-T30 Pond – Syracuse, UT – Fujifilm X-T30 Tree & Purple Flowers – Farmington, UT – Fujifilm X-T30 Green Leaves & White Blooms – Farmington, UT – Fujifilm X-T30 Webs in the Grass – Farmington, UT – Fujifilm X-T30 Sky Reeds – Farmington, UT – Fujifilm X-T30 Clouds & Roof – Farmington, UT – Fujifilm X-T30 Chopped Logs – Farmington, UT – Fujifilm X-T30 Fake Flower Decor – Farmington, UT – Fujifilm X-T30 Shy & Uninterested – Farmington, UT – Fujifilm X-T30 Sunglasses Indoors – Farmington, UT – Fujifilm X-T30 Boy in Evening Light – Farmington, UT – Fujifilm X-T30 Beans in the Grinder – Farmington, UT – Fujifilm X-T30 See also: Film Simulation Recipes Nobody pays me to write the content found on fujixweekly.com. There's a real cost to operating and maintaining this site, not to mention all the time that I pour into it. If you appreciated this article, please consider making a one-time gift contribution. Thank you!",3616
my-fujifilm-x-t30-eterna-film-simulation-recipe,Eterna,Eterna,0,Eterna#0,"25th Street – Ogden, UT – Fujifilm X-T30 – Eterna Eterna is beautiful. Fujifilm’s most recent film simulation, Eterna, has a lot of potential for creating lovely color negative film aesthetics. Even though it has the lowest contrast and lowest color saturation of all the different film simulation options, I suspect that it has significant potential for mimicking many analog looks. It has a film-like feel to it. Real Eterna was a motion picture film. You’ve likely seen movies and television shows captured on Eterna and didn’t even know it. While Fujifilm invented and intended the Eterna film simulation for video use, which it is quite good for, they made it available for still photographs on X-Trans IV cameras, such as the Fujifilm X-T30 , as well as GFX cameras and the X-H1. Unfortunately, if you don’t have one of those cameras you can’t use this recipe. [Update: if your camera doesn’t have Eterna, you can use this alternative (click here) ] I wasn’t trying to mimic the look of any particular film when I invented this recipe. I was just playing around with the settings and really liked what I found. It has an analog feel to it. Initially the look reminded me of something from Nik Anolog Efex. As I used these settings, I found myself getting interesting results. Depending on the lighting and exposure, I was achieving different looks, despite using the exact same settings. Sometimes the results remind me of overexposed Fujifilm 400H, sometimes pushed-process Fujifilm Superia 400, sometimes underexposed expired Superia 800, and sometimes Superia 1600. Occasionally it doesn’t resemble any of those films. It’s not supposed to look like any specific film, yet it often does, but results vary. Gathering Raindrops – Layton, UT – Fujifilm X-T30 – Eterna I have always included a typical exposure compensation in my different film simulation recipes , but I didn’t do that this time because you get different results with different exposures. You can select -1 exposure compensation and you can select +1 exposure compensation, or anything in-between, and achieve various looks. You have to play around with it and decide what you like. Also, while I have Auto-ISO set to ISO 6400, I really feel that the best results are found at ISO 3200 or lower. You’ll have to decide how high you want to go with the ISO. For those using this on the X-H1, which doesn’t have Color Chrome Effect, you’ll get very similar results but it will be slightly different. Eterna Dynamic Range: DR100 Highlight: +4 Shadow: +4 Color: +4 Noise Reduction: -4 Sharpening: +2 Grain Effect: Strong Color Chrome Effect: Weak White Balance: Auto, +5 Red & -6 Blue ISO: Auto up to ISO 6400 Below are all camera-made JPEGs captured using this Eterna Film Simulation recipe on my Fujifilm X-T30 camera: Fake Plants For Sale – Riverdale, UT – Fujifilm X-T30 – Eterna Light Lens – South Weber, UT – Fujifilm X-T30 – Eterna Trapped Inside – South Weber, UT – Fujifilm X-T30 – Eterna Franklin – South Weber, UT – Fujifilm X-T30 – Eterna Wildcat Radial – Layton, Utah – Fujifilm X-T30 – Eterna Evening Orange – South Weber, UT – Fujifilm X-T30 – Eterna Cleanup Tools – South Weber, UT – Fujifilm X-T30 – Eterna Red Tile – Layton, UT – Fujifilm X-T30 – Eterna Kitchenscape – South Weber, UT – Fujifilm X-T30 – Eterna Tops – South Weber, UT – Fujifilm X-T30 – Eterna Kodak 35mm Film – South Weber, UT – Fujifilm X-T30 – Eterna Longing – South Weber, UT – Fujifilm X-T30 – Eterna Ball In The Grass – South Weber, UT – Fujifilm X-T30 – Eterna Blooming Red Tulip – Farmington, UT – Fujifilm X-T30 – Eterna Wee Wet White Flowers – Layton, UT – Fujifilm X-T30 – Eterna Daffodil Drops – Layton, UT – Fujifilm X-T30 – Eterna Spring or Autumn? – Layton, UT – Fujifilm X-T30 – Eterna Love – Layton, UT – Fujifilm X-T30 – Eterna Siblings Playing On A Tablet – South Weber, UT – Fujifilm X-T30 – Eterna Joyful – South Weber, UT – Fujifilm X-T30 – Eterna Don, Walt & Mickey – Ogden, UT – Fujifilm X-T30 – Eterna Brick & Beer – Ogden, UT – Fujifilm X-T30 – Eterna Taste On Sale – Ogden, UT – Fujifilm X-T30 – Eterna Jarred Pig – Ogden, UT – Fujifilm X-T30 – Eterna Neon Dragon – Ogden, UT – Fujifilm X-T30 – Eterna Neon Reflection – Ogden, UT – Fujifilm X-T30 – Eterna 25th Street & Lincoln Avenue – Ogden, UT – Fujifilm X-T30 – Eterna Nobody pays me to write the content found on fujixweekly.com. There's a real cost to operating and maintaining this site, not to mention all the time that I pour into it. If you appreciated this article, please consider making a one-time gift contribution. Thank you!",4569
my-fujifilm-x-t30-expired-eterna-film-simulation-recipe,Expired Eterna,Eterna,1,Eterna#1,"Red Tricycle – South Weber, UT – Fujifilm X-T30 – “Expired Eterna” I used to shoot film. I don’t much anymore, but I was one of those crazy holdouts that refused to go digital when it seemed as though everyone else had. Eventually I succumbed, and I’ve been shooting digitally for awhile now. One thing that I appreciate about Fujifilm cameras is that they produce images that are a little more film-like and a little less digital-esque than other camera brands. This shouldn’t surprise anyone as Fujifilm started out as a film company. On Fujifilm cameras one will find many great film simulation options . The most recent addition is Eterna, which is modeled after their motion picture films, but it can be made to resemble color negative film. What I appreciate about film is it has character that’s often lacking in digital cameras. While Eterna was a motion picture film, it was also made and sold in limited quantities for still photography. A Fuji X Weekly reader recently purchased and used an expired roll of Eterna and shared one of the pictures. Using expired film is always an interesting endeavor because you don’t know exactly what you’ll get. Depending on the film, how long it has been expired and how it was stored, the results can vary significantly. The picture that the Fuji X Weekly reader shared had a purple color cast, which is a common trait of expired film. There are many reasons why an analog picture might have a purple color cast, not just because the film expired. If the film was exposed to too much heat (such as left in a hot car) the pictures might have a purple cast. If a print or slide isn’t stored correctly it could turn purple over time. I’ve seen cross-processed film produce a purple color cast. You can even buy purple film . While I’ve called this recipe “Expired Eterna,” it’s not necessarily meant to exactly mimic expired Eterna film, but to produce an analog film look that could have turned purple for any number of reasons, including but not limited to being expired. American Debt – Layton, UT – Fujifilm X-T30 – “Expired Eterna” You might notice that I didn’t include an ISO setting in this recipe, and that’s because you can use any ISO you’d like. I got interesting results all the way up to ISO 25600. In fact, you might use an ultra-high ISO on purpose to get a certain look that you can’t get at a lower ISO. Trying this recipe at different ISOs is a fun experiment. It’s also interesting to see the results you get from different exposures, whether slightly overexposed or underexposed. Expired Eterna is a fun recipe to play around with, and I enjoyed pairing it with vintage lenses. Eterna Dynamic Range: DR100 Highlight: +4 Shadow: +4 Color: +4 Noise Reduction: -4 Sharpening: -2 Grain Effect: Strong Color Chrome Effect: Weak White Balance: Auto, +5 Red & +5 Blue Exposure Compensation: -1/3 to +1/3 (typically) Example photographs, all camera-made JPEGs using this recipe on my Fujifilm X-T30 : Bloom Purple – South Weber, UT – Fujifilm X-T30 – “Expired Eterna” Pink Paper Flower – South Weber, UT – Fujifilm X-T30 – “Expired Eterna” Sunlight Through The Tree – South Weber, UT – Fujifilm X-T30 – “Expired Eterna” Backlit Leaf – South Weber, UT – Fujifilm X-T30 – “Expired Eterna” Rural Evening – South Weber, UT – Fujifilm X-T30 – “Expired Eterna” Country Trees – South Weber, UT – Fujifilm X-T30 – “Expired Eterna” Cottonwood Trunk – South Weber, UT – Fujifilm X-T30 – “Expired Eterna” Little Flowers & Stone – South Weber, UT – Fujifilm X-T30 – “Expired Eterna” Rosebud – South Weber, UT – Fujifilm X-T30 – “Expired Eterna” Country Foot Bridge – South Weber, UT – Fujifilm X-T30 – “Expired Eterna” Boy Behind Chain-Link – South Weber, UT – Fujifilm X-T30 – “Expired Eterna” Orange Cones – South Weber, UT – Fujifilm X-T30 – “Expired Eterna” Reaching Rosebud – South Weber, UT – Fujifilm X-T30 – “Expired Eterna” Sycamore Leaf – South Weber, UT – Fujifilm X-T30 – “Expired Eterna” Dusk Mountain – South Weber, UT – Fujifilm X-T30 – “Expired Eterna” Mountain View Evening – South Weber, UT – Fujifilm X-T30 – “Expired Eterna” Spring Sky Mountain – South Weber, UT – Fujifilm X-T30 – “Expired Eterna” Sunset Whisper – South Weber, UT – Fujifilm X-T30 – “Expired Eterna” Dramatic Sky Behind Tree – South Weber, UT – Fujifilm X-T30 – “Expired Eterna” Bright Storm Clouds – South Weber, UT – Fujifilm X-T30 – “Expired Eterna” Grey Tree – South Weber, UT – Fujifilm X-T30 – “Expired Eterna” Disk Girl – South Weber, UT – Fujifilm X-T30 – “Expired Eterna” Jo In A Hat – South Weber, UT – Fujifilm X-T30 – “Expired Eterna” Wearing Grandpa’s Hat – South Weber, UT – Fujifilm X-T30 – “Expired Eterna” Lady’s Sun Hat – Ogden, UT – Fujifilm X-T30 – “Expired Eterna” Girl Climbing Bleachers – Ogden, UT – Fujifilm X-T30 – “Expired Eterna” Number of Intersecting Lines – Ogden, UT – Fujifilm X-T30 – “Expired Eterna” One Through Six – Ogden, UT – Fujifilm X-T30 – “Expired Eterna” Parked RV – Layton, UT – Fujifilm X-T30 – “Expired Eterna” American Suburb – South Weber, UT – Fujifilm X-T30 – “Expired Eterna” Light Flag – Layton, UT – Fujifilm X-T30 – “Expired Eterna” Green Spray Bottle – South Weber, UT – Fujifilm X-T30 – “Expired Eterna” Curious Kitchen Curios – South Weber, UT – Fujifilm X-T30 – “Expired Eterna” Cirrus Clouds – South Weber, UT – Fujifilm X-T30 – “Expired Eterna” – ISO 12800 Sycamore Sky – South Weber, UT – Fujifilm X-T30 – “Expired Eterna” – ISO 12800 Cottonwood – South Weber, UT – Fujifilm X-T30 – “Expired Eterna” – ISO 12800 Cottonwood Cotton – South Weber, UT – Fujifilm X-T30 – “Expired Eterna” – ISO 25600 Old Wheelbarrow – South Weber, UT – Fujifilm X-T30 – “Expired Eterna” – ISO 25600 “Expired Eterna” for X-Trans III: Bottle Vases – South Weber, UT – Fujifilm X-T30 – “Expired Eterna” Alternate recipe using PRO Neg. Std instead of Eterna. I know that not every Fujifilm camera has the Eterna film simulation. Right now Eterna can only be found on the X-T3, X-T30, X-H1 and the GFX line. For those who don’t have it, I’ve made an alternative recipe that produces similar results using PRO Neg. Std. I found that Shadow set to 0 isn’t quite strong enough, but +1 is too strong, so pick whichever you like better. While the results aren’t 100% identical, it’s still a pretty close match. You do have to drop the exposure by about 1/3 stop compared to using Eterna. I hope that this is useful for some of you. PRO Neg. Std Dynamic Range: DR200 Highlight: +1 Shadow: 0 Color: 0 Noise Reduction: -4 Sharpening: -2 Grain Effect: Strong White Balance: Auto, +5 Red & +5 Blue Exposure Compensation: -2/3 to 0 Nobody pays me to write the content found on fujixweekly.com. There's a real cost to operating and maintaining this site, not to mention all the time that I pour into it. If you appreciated this article, please consider making a one-time gift contribution. Thank you!",6858
my-fujifilm-x-t30-eterna-low-contrast-film-simulation-recipe,Eterna Low-Contrast,Eterna,1,Eterna#1,"Gap of Light – South Weber, UT – Fujifilm X-T30 – “Eterna Low-Contrast” After choosing my Eterna film simulation recipe for the Film Simulation Challenge , I thought it might be interesting to attempt a low-contrast Eterna recipe. I wanted to replicating the look of low-cost color negative film, but I didn’t have any specific film in mind, and didn’t do any of my typical film research. What I did do was play with the settings until I found something that I thought might look good. Even though Eterna is supposed to look cinematic, I’ve found it to be a great starting point for color negative aesthetics, and in the case of this recipe, it sometimes roughly resembles Fujifilm C200 and it sometimes (oftentimes?) doesn’t.",726
fujifilm-x-t30-film-simulation-recipe-eterna-v3,Eterna v3,Eterna,0,Eterna#0,"This film simulation recipe began as an attempt to recreate a certain look. It wasn’t successful, and I didn’t like the look of it, but it sat as a C3 preset on my Fujifilm X-T30 for many months. Recently I decided to revisit this preset, and, after a couple of quick adjustments, I had something that I liked. Unfortunately, it doesn’t mimic the aesthetic that I was asked to recreate. Fortunately, it looks pretty good nonetheless, so I’m making it an official recipe. What does this film simulation recipe resemble? There are some similarities to Eterna 250D developed using the ECN-2 process, but it’s not an exact match. Maybe push-processed Eterna 250D? I’m still not sure, as I didn’t find very many examples to compare it to. Since I wasn’t sure what to call this recipe, I named it Eterna v3. The original Eterna recipe can be found here and the Eterna v2 recipe can be found here . While I think this recipe does well enough in many circumstances, it seems to be best suited for sunny days, including “golden hour” photography. This recipe isn’t directly compatible with the Fujifilm X-H1 because it uses Color Chrome Effect; however, if you want to use it on the X-H1, simply ignore CCE and try it anyway—it will look slightly different, but you might like it anyway. For “newer” X-Trans IV cameras, like the X-Pro3, X100V, X-T4, X-S10, X-E4, and X-T30 II, you’ll have to decide what Grain Size to select—either Small or Large—but otherwise this recipe is compatible with your camera. Eterna Dynamic Range: DR400 Highlight: +2 Shadow: +3 Color: +4 Noise Reduction: -4 Sharpening: -2 Grain Effect: Strong Color Chrome Effect: Strong White Balance: Auto, -1 Red & -1 Blue ISO: Auto up to ISO 6400 Exposure Compensation: +1/3 to +2/3 Below are all camera-made JPEGs captured using this Eterna v3 Film Simulation recipe on my Fujifilm X-T30 camera:",1855
fujifilm-x-t30-x-t3-film-simulation-recipe-cinematic-negative,Cinematic Negative,Eterna,0,Eterna#0,"I went down a pretty deep rabbit hole. I started researching cinematographer Greig Fraser , which led to investigating other great cinematographers, such as Roger Deakins, Rodrigo Prieto, Hoyte van Hoytema, Caleb Deschanel, and several more. I spent quite a bit of time learning about various motion picture techniques. I came to the conclusion that cinematographers often better understand light than many photographers. By “understand light” I mean 1) light qualities, 2) how light is rendered on what it is being captured on, 3) how to use or manipulate light so that it is rendered precisely as intended, and 4) how light affects moods and emotions. Granted, a movie has a whole team of people who’s job it is to control and manipulate the light, but the cinematographer (working with the director) is the one in charge of it. You might notice when watching a movie that the colors and color cast change from scene-to-scene. The way you respond when viewing a predominately blueish scene is much different than a reddish scene. The colors, among other things, trigger certain responses from the viewers, and cinematographers use this extensively, and often brilliantly. Sometimes it’s quite obvious, and sometimes it’s much more subtle, and you might not even notice unless you’re paying careful attention. If you understand light similarly to a cinematographer, you could do the same thing in your photography. Another thing that I stumbled across is gear. Obviously film and digital have different aesthetics—digital is much easier to work with, especially when it comes to incorporating special effects and CGI, but it can come across as clean, clinical, and soulless. Film has more character and a different feel, but is much more difficult to work with. There are also digital-film hybrid techniques. Whatever method is used will affect the final aesthetic. Some cinematographers like working with modern lenses, and some—like Greig Fraser—prefer vintage lenses because they have more character. Filters are a big part of the process. Color correction filters (to control the light) and diffusion filters (to give atmosphere) are pretty common. I was surprised to learn that some cinematographers like putting water, silicone, dirt, etc., on the filter to dirty them, and some even like shooting through glass (in-between the camera and the subject). This is probably more than you ever wanted to know, but I think it’s important to understand for this recipe. First, the light you shoot in will affect how pictures are rendered (definitely not unique to this recipe, but worth noting). Cool light will give a cool color cast, warm light will give a warm color cast. You’ll want to think about the light—how it will render—and the mood or emotions you want to convey in your photographs. Second, inspired by Greig Fraser, I used vintage lenses for these photographs, mostly a Helios 44-2. You don’t have to use vintage glass, but I do think it helps to achieve the desired aesthetic. Third, for most of these images (especially if there was a bright light source) I used a 5% CineBloom diffusion filter. What I appreciate about this filter is that it’s quite subtle. The 5% CineBloom filter is not a requirement for this recipe, but it helps give it a filmic look, especially when there are bright highlights, so I do recommend it if you have one. This “Cinematic Negative” Film Simulation Recipe isn’t modeled after any specific motion picture film, but is more inspired by a generic daylight-balanced cinema film aesthetic after researching a number of different cinematographers. It is compatible with the Fujifilm X-T30 and X-T3 cameras. To use it on newer X-Trans IV cameras (X-Pro3 and newer) plus X-Trans V, set Color Chrome FX Blue to Off, Clarity to 0 (or -2 in lieu of the 5% CineBloom filter), and decide on either Grain size Small or Large. For the X-H1, you can use this recipe if you ignore Color Chrome Effect; however, it will render slightly differently. I used the 16:9 aspect ratio for some of these photographs, but use whichever aspect ratio you prefer. Eterna Dynamic Range: DR400 Highlight: +1 Shadow: +2 Color: +4 Noise Reduction: -4 Sharpness: -1 Grain Effect: Weak Color Chrome Effect: Strong White Balance: Incandescent, +8 Red & -9 Blue ISO: Auto up to ISO 6400 Exposure Compensation: 0 to +2/3 Below are all camera-made JPEGs captured using this “Cinematic Negative” Film Simulation Recipe on my Fujifilm X-T30:",4449
my-fujifilm-x-t30-polaroid-film-simulation-recipe,Polaroid,Eterna,0,Eterna#0,"Red Benches & Post Office – Park City, UT – Fujifilm X-T30 “Polaroid” I get asked frequently to create film simulation recipes for all sorts of different looks. Sometimes I’m successful, oftentimes I’m not. I received one such request recently that was a little unusual: the stills from the television series True Detective . The set photographer for this show is Michele K. Short . The show itself was shot using Kodak Vision3 50D and 500T film. Michele likely photographed the stills with her Leica M10-P, and edited them to look like analog pictures. Honestly, I have no idea what specific film they’re supposed to resemble, but I was able to pretty quickly create something that is in the ballpark of those stills. I looked and looked at different films to figure out what this aesthetic might be close to. I didn’t find anything that I was satisfied with. There were a couple of films that I thought, “Well, you can make an argument, but it’s a stretch.” I decided that it most reminds me of Polaroid peal-apart film, perhaps 669. It’s not intended to resemble Polaroid, and perhaps it doesn’t do so very well, but I needed a name, and I wasn’t going to call this recipe “True Detective” so I went with “Polaroid” instead. Whether this does or doesn’t resemble Polaroid, I think you’ll find it produces interesting results. Some of you are going to really appreciate this film simulation recipe! Abstract Architecture – Park City, UT – Fujifilm X-T30 “Polaroid” You can get good results with this recipe when you over, under or correctly expose, but some of my favorite pictures were overexposed. There’s a lot of latitude with this recipe. It’s fun to play around with. It seems especially well suited for high contrast scenes, although it can still be used in mid and low contrast scenes. It’s compatible with all X-Trans IV cameras and the Fujifilm X-H1. Eterna Dynamic Range: DR400 Highlight: +4 Shadow: -2 Color: -2 Noise Reduction: -4 Sharpness: -1 Grain Effect: Strong Color Chrome Effect: Off White Balance: Auto, +5 Red & -5 Blue ISO: Auto, up to ISO 6400 Exposure Compensation: -2/3 to +1 (typically) Example photographs, all camera-made JPEGs using this “Polaroid” recipe on my Fujifilm X-T30 : Red, White & View – Farmington, UT – Fujifilm X-T30 Storm Behind Rural Neighborhood – Farmington, UT – Fujifilm X-T30 Thistle Evening – Farmington, UT – Fujifilm X-T30 Girl Unsure on Path – Farmington, UT – Fujifilm X-T30 Dormant Branches & Half Moon – Farmington, UT – Fujifilm X-T30 Reeds & Mountain – Farmington, UT – Fujifilm X-T30 Evening Light at Francis Peak – Farmington, UT – Fujifilm X-T30 House Roof – Farmington, UT – Fujifilm X-T30 House – Farmington, UT – Fujifilm X-T30 Garage Rooftops – Farmington, UT – Fujifilm X-T30 Bicycle Boy – Farmington, UT – Fujifilm X-T30 Hooded Boy – Farmington, UT – Fujifilm X-T30 Joyful Girl – Farmington, UT – Fujifilm X-T30 Smile – Farmington, UT – Fujifilm X-T30 Girl with Curls – Farmington, UT – Fujifilm X-T30 Happily Running – Farmington, UT – Fujifilm X-T30 Paw Patrol – Farmington, UT – Fujifilm X-T30 Shoe on a Red Tricycle – Farmington, UT – Fujifilm X-T30 Wilting Flower – Farmington, UT – Fujifilm X-T30 Lots of Luck – Farmington, UT – Fujifilm X-T30 Lamp – Farmington, UT – Fujifilm X-T30 Leafy Indoor Decor – Farmington, UT – Fujifilm X-T30 Lamp in Daylight – Farmington, UT – Fujifilm X-T30 Empty Ski Lift – Park City, UT – Fujifilm X-T30 Trees & Lift – Park City, UT – Fujifilm X-T30 Pine Tree & Clouds – Farmington, UT – Fujifilm X-T30 Snow At The Fuel Stop – Farmington, UT – Fujifilm X-T30 Unused Snow Bridge – Park City, UT – Fujifilm X-T30 Park City’s Empty Street – Park City, UT – Fujifilm X-T30 Downtown Park City, April 2020 – Park City, UT – Fujifilm X-T30 Park City Buildings – Park City, UT – Fujifilm X-T30 Flag U – Park City, UT – Fujifilm X-T30 Center Street Lamp – Salt Lake City, UT – Fujifilm X-T30 See also: Film Simulation Recipes Nobody pays me to write the content found on fujixweekly.com. There's a real cost to operating and maintaining this site, not to mention all the time that I pour into it. If you appreciated this article, please consider making a one-time gift contribution. Thank you!",4192
my-fujifilm-x-t30-polaroid-ii-film-simulation-recipe,Polaroid II,Eterna,1,Eterna#1,"Pear Blossom – Farmington, UT – Fujifilm X-T30 “Polaroid II” I was recently viewing vintage Polaroid pictures online while conducting research for my “original” Polaroid film simulation recipe , and I stumbled across one picture in particular that caught my attention. It was dark, contrasty, with low saturation and a blue-purple color cast. I really liked the way that this picture looked. After digging a little deeper I discovered that this wasn’t a real Polaroid, but a digital image given a Polaroid aesthetic using a VSCO preset (I’m not sure which one). I set out to recreate that look in-camera, and that’s how this “Polaroid II” recipe came to be.",657
my-fujifilm-x-t30-analog-color-film-simulation-recipe,Analog Color,PRO Neg,1,PRO Neg#1,"Pentax – Farmington, UT – Fujifilm X-T30 “Analog Color” Sometimes accidents are happy, such as with this film simulation recipe, which I call Analog Color. I was attempting to make a recipe that mimics the looks of Kodak Portra 400 that’s been overexposed, but I was unsuccessful (at least for now); however, in the process I accidentally created this one. It was a mistake, but I liked how it looked, so I shot a bunch of pictures with it. This recipe reminds me of Fujicolor C200 or Agfa Vista 200, or perhaps even Kodak Gold 200. It’s in the neighborhood of ColorPlus 200, as well. But, it doesn’t exactly resemble any of those films perfectly. What I appreciate about this Analog Color film simulation is that it has a film-like quality to it, with a real color negative aesthetic, even if it’s not an exact match to any film that I’m aware of. How this film simulation recipe looks depends on the light. This is true of all the recipes that don’t use auto white balance, but it seems especially so with this particular recipe. It can have a warm cast sometimes and cool cast other times, or even occasionally both a cool and warm cast within the same image. Perhaps this is one of the things that make it appear film-like. I do think that there’s something special about this recipe. Route Running – Farmington, UT – Fujifilm X-T30 “Analog Color” I like Color set to -1, but feel free to play around with that. If you want something more saturated, increase Color to 0 or +1. If you don’t like grain, set it to Weak or off. If you like lots of grain, keep the ISO high, perhaps no lower than ISO 1600. I think that this recipe will pair well with vintage lenses, and that’s something else you can experiment with. PRO Neg. Std Dynamic Range: DR200 Highlight: +3 Shadow: +0 Color: -1 Color Chrome Effect: Strong Grain: Strong Noise Reduction: -4 Sharpening: 1 White Balance: Daylight, -3 Red & +1 Blue ISO: Auto up to ISO 6400 Exposure Compensation: +2/3 to +1 1/3 (typically) Example photographs, all straight-out-of-camera JPEGs captured using my Fujifilm X-T30 Analog Color film simulation recipe: Red Window – Monument Valley, AZ – Fujifilm X-T30 Cut Strawberries – Farmington, UT – Fujifilm X-T30 Joshua Smiling – Farmington, UT – Fujifilm X-T30 Girl in a Blue Sweater – Farmington, UT – Fujifilm X-T30 Living Room Bass Pro – Farmington, UT – Fujifilm X-T30 Backlit Jon – Farmington, UT – Fujifilm X-T30 Succulent on a Shelf – Farmington, UT – Fujifilm X-T30 Time’s Fun When You’re Having Flies – Farmington, UT – Fujifilm X-T30 46 Minutes to Ogden – Farmington, UT – Fujifilm X-T30 Empty Seats – Farmington, UT – Fujifilm X-T30 The Bags We Carry – Farmington, UT – Fujifilm X-T30 No Storage – Farmington, UT – Fujifilm X-T30 Rain God Mesa – Monument Valley, AZ – Fujifilm X-T30 Tree In The Dirt – Monument Valley, AZ – Fujifilm X-T30 Monument Valley Afternoon – Monument Valley, AZ – Fujifilm X-T30 Monument Valley After Sunset – Monument Valley, AZ – Fujifilm X-T30 See also: Film Simulation Recipes Nobody pays me to write the content found on fujixweekly.com. There's a real cost to operating and maintaining this site, not to mention all the time that I pour into it. If you appreciated this article, please consider making a one-time gift contribution. Thank you!",3278
my-fujifilm-x-t30-jeff-davenport-night-recipe,Jeff Davenport Night,PRO Neg,0,PRO Neg#0,"Reflected Red – Salt Lake City, UT – Fujifilm X-T30 “Jeff Davenport Night” I was asked to create a film simulation recipe that mimics the aesthetics of photographer Jeff Davenport . Interestingly enough, Jeff uses Fujifilm cameras (X100F and X-H1). He shoots RAW and has his own post-processing workflow that allows him to create the specific looks that he wants. He has a few different styles, depending on what (and what time) he’s shooting. Jeff has several different photographic series, and each has its own look. My attempt here was to create something in-camera that produces results similar to his night pictures. This recipe, which I call Jeff Davenport Night , isn’t an exact match to Jeff’s look, but it’s pretty close. His blue tends to lean slightly more towards green, but if I replicate that it throws everything else off. Orange in his pictures tend to turn red, which is something I can’t replicate. I think a lot of how a picture looks (both in Jeff’s case and with these settings) depends on the light in the scene. Results can vary greatly. Jeff might possibly use flash with colored gels, as well (something you could try if you wanted). Anyway, despite not being exact, this recipe is pretty close to recreating his look in-camera on my Fujifilm X-T30 . If you want a recipe that is good for night photography, this is one you should consider, along with my CineStill 800T recipe , because of the Kelvin temperature of the white balance, which goes well with artificial light. You don’t have to use it exclusively after dark, as results can be interesting sometimes when used in daylight. It’s fun to experiment with! For night photography, this will be one of your best options. Pleiku – Salt Lake City, UT – Fujifilm X-T30 “Jeff Davenport Night” When I attached my camera to a tripod, I used ISO 1600 or lower. When I did hand-held photography, I used up to ISO 6400. I think if you can take your time and use a tripod, it’s good to use a lower ISO, but you can still get good results with higher ISOs. Because of the use of the Color Chrome Effect , this recipe is intended for X-Trans IV cameras, but feel free to try it on your X-Trans III camera; it will look very similar, but not exactly the same. PRO Neg. Hi Dynamic Range: DR400 Highlight: +1 Shadow: +0 Color: +2 Noise Reduction: -4 Sharpness: +1 Grain Effect: Weak Color Chrome Effect: Strong White Balance: 2650K, -1 Red & +4 Blue Example photographs, all camera-made JPEGs using this “Jeff Davenport Night” recipe on my Fujifilm X-T30: Button – Salt Lake City, UT – Fujifilm X-T30 Unlucky 13 Take Out – Salt Lake City, UT – Fujifilm X-T30 Blue Street – Salt Lake City, UT – Fujifilm X-T30 Blue Buildings – Salt Lake City, UT – Fujifilm X-T30 Blue Lights – Salt Lake City, UT – Fujifilm X-T30 So Much Bicycling – Salt Lake City, UT – Fujifilm X-T30 Red – Salt Lake City, UT – Fujifilm X-T30 Closed Red Umbrellas – Farmington, UT – Fujifilm X-T30 Parked Car at Night – Farmington, UT – Fujifilm X-T30 Night Hotel – Farmington, UT -Fujifilm X-T30 Caution Poles – Farmington, UT – Fujifilm X-T30 Dumpster 204 – Farmington, UT – Fujifilm X-T30 Lights Beyond The Rooftop – Farmington, UT – Fujifilm X-T30 Nighttime Neighborhood – Farmington, UT – Fujifilm X-T30 Francis Peak at Night – Farmington, UT – Fujifilm X-T30 Reach for the Sky – Farmington, UT – Fujifilm X-T30 Illuminated Houses – Farmington, UT – Fujifilm X-T30 Wind Sock – Farmington, UT – Fujifilm X-T30 No Thanks – Salt Lake City, UT – Fujifilm X-T30 Earn Points – Salt Lake City, UT – Fujifilm X-T30 Refining – Salt Lake City, UT – Fujifilm X-T30 Night Walking – Salt Lake City, UT – Fujifilm X-T30 McKay – Salt Lake City, UT – Fujifilm X-T30 Flag & Window – Salt Lake City, UT – Fujifilm X-T30 Illuminated Blue – Salt Lake City, UT – Fujifilm X-T30 Multi-Color Triangle – Salt Lake City, UT – Fujifilm X-T30 Center Street Lamp – Salt Lake City, UT – Fujifilm X-T30 Don’t – Salt Lake City, UT – Fujifilm X-T30 Wet Glass Bokeh – Salt Lake City, UT – Fujifilm X-T30 See also: Film Simulation Recipes Nobody pays me to write the content found on fujixweekly.com. There's a real cost to operating and maintaining this site, not to mention all the time that I pour into it. If you appreciated this article, please consider making a one-time gift contribution. Thank you!",4310
my-fujifilm-x-t30-faded-color-film-simulation-recipe,Faded Color,Classic Chrome,2,Classic Chrome#2,"Fading Memories – Ogden, UT – Fujifilm X-T30 – “Faded Color” This recipe is a failure. More accurately, it’s a failed attempt at a certain aesthetic. It doesn’t look like what I was hoping it would look like. It’s close, but no cigar. What it does look like are faded color photographs from perhaps the 1950’s through 1970’s. I have some old issues of Arizona Highways magazine from the 1950’s, and these pictures have a similar look to what’s found in those magazines. You might have some old family photos that have faded over time and perhaps look like the pictures that this recipe creates. You can also achieve this washed-out “milky” look through darkroom techniques. Even though this recipe doesn’t look like what I was trying to create, it looks really amazing, and I am astonished that this look can be achieved in-camera. What I was trying to create was a certain cinematic characteristic. I was asked by a Fuji X Weekly reader to create a film simulation recipe that produces a look similar to the aesthetic of the Wong Kar Wai movie Chungking Express . I had never seen this movie, so I had to do much research, and thankfully a lot of great information was easily found online. I discovered that the motion picture film used in the movie was Agfa XT320, and that it was often (but not always) push-processed, sometimes one stop and sometimes two. A technique called flashing was used a number of times in the movie, which involves flashing the film with light to give it a smoky, atmospheric, or faded feel, lowering contrast. It’s a type of double exposure, except that the second exposure is nothing more than a little light. Another technique that was used in the movie was to give different scenes a certain color cast using gels. Wong Kar Wai likes to create scenes with one predominant color, and so you will find elements in the scene that are the same color as the color cast. He used a slow shutter speed in the movie to blur motion. There were a ton of different techniques used, and so you can probably understand the difficulty of the task. You cannot incorporate everything into one recipe, so I had to make some choices and create a plan to try to achieve something that looks similar to the movie. My idea was to attempt a recipe that resembled push-processed Agfa XT320 that has been flashed and has a color cast. I decided to use the double-exposure feature on my Fujifilm X-T30 and white balance shift to achieve this. For the second exposure, which needed to be white, I tried a number of things, including a miniature portable studio, but after some trial-and-error, I settled on a plain white 4″ x 6″ index card. I would hold it a few inches in front of the lens and make the second exposure. Auto-focus would never lock onto it, and I figured that a blurry exposure might actually be preferable. For the color cast, I found that one exposure should not have a shifted white balance and the other should. Initially I was adding the color cast to the main exposure and not the white exposure, but then I switched that and liked the results better for some reason. I used the 16:9 aspect ratio to make it a more cinematic shape. Unfortunately, I could never get the results to look quite right for Chungking Express . I think I was in the general ballpark, but not as close as I was hoping. Fortunately, what I did create was pretty interesting, so I kept shooting with it, except I used the 3:2 aspect ratio. Main Motion – SLC, UT – Fujifilm X-T30 – “Faded Color” To use this recipe, you must set the camera to double-exposure, which on the X-T30 is found on a knob on the top. You capture the main exposure, then you must make some adjustments for the second exposure. The white balance must be shifted and the exposure compensation must be adjusted. For the white balance shift, I found going almost to the extremes works well. For a yellow cast, choose 0 Red & -8 Blue. For an orange cast, choose +8 Red & -8 Blue. For a red cast, choose +8 Red and 0 Blue. For a purple cast, choose +8 Red & +8 Blue. For a blue cast, choose 0 Red and +8 Blue. For a cyan cast, choose -8 Red and +8 Blue. For a green cast, choose -8 Red & 0 Blue. For green-yellow cast, choose -8 Red & -8 Blue. The exposure compensation for the white exposure is a little tricky. A lot depends on how bright the white is (whether it has direct light on it or if it is in shade) and how faded you want the image to look. It takes a little practice, but the good news is that the camera shows you exactly what the results are going to be, and even allows you do-overs if you don’t like it. I found that sometimes 0 was good, I found that sometimes -2 was good, and often -2/3 or -1 was a good choice. Each picture should get individual consideration. The second exposure is a picture of something white, such as the blank index card that I already described, although you could certainly try other things if you find something that might work better for you. This creates a faded look that almost seems unbelievable that it came out of the camera unedited. Classic Chrome Dynamic Range: DR100 Highlight: +3 Shadow: +4 Color: +4 Color Chrome Effect: Strong Sharpening: +2 Noise Reduction: -4 Grain Effect: Strong White Balance: Auto (use a shift on the second exposure) ISO: Auto up to ISO 12800 Exposure Compensation: +1/3 to +1 (main exposure), 0 to -2 (second exposure) Example photographs, all camera-made JPEGs using my Faded Color recipe on a Fujifilm X-T30: Good Life – Ogden, UT – Fujifilm X-T30 Or Another – Ogden, UT – Fujifilm X-T30 Summer Santa – Ogden, UT – Fujifilm X-T30 Makeup – South Weber, UT – Fujifilm X-T30 Walking Without Wondering – Ogden, UT – Fujifilm X-T30 Bike Repair – South Weber, UT – Fujifilm X-T30 Transit Train Transportation – SLC, UT – Fujifilm X-T30 Kid Bowling – Kaysville, UT – Fujifilm X-T30 Instax Girl – South Weber, UT – Fujifilm X-T30 Guitar Cat – Farmington, UT – Fujifilm X-T30 Cracked Eggs – South Weber, UT – Fujifilm X-T30 Good Vibes – South Weber, UT – Fujifilm X-T30 Steps & Vines – Ogden, UT – Fujifilm X-T30 Lake Grass – Willard Bay SP, UT – Fujifilm X-T30 Faded Daisies – South Weber, UT – Fujifilm X-T30 Soft Rose – South Weber, UT – Fujifilm X-T30 Summer Roses – South Weber, UT – Fujifilm X-T30 Red Rose Faded – Ogden, UT – Fujifilm X-T30 Dark Rose – South Weber, UT – Fujifilm X-T30 Big Red Ball Catching – South Weber, UT – Fujifilm X-T30 Tona – Ogden, UT – Fujifilm X-T30 Hanging Bulbs – Ogden, UT – Fujifilm X-T30 Wet Bloom – SLC, UT – Fujifilm X-T30 Caboose Steps – Ogden, UT – Fujifilm X-T30 Breakboy – Ogden, UT – Fujifilm X-T30 Lake Boy – East Canyon SP, UP – Fujifilm X-T30 Springtime Lake – East Canyon SP, UT – Fujifilm X-T30 East Canyon Reservoir – East Canyon SP, UT – Fujifilm X-T30 Nobody pays me to write the content found on fujixweekly.com. There's a real cost to operating and maintaining this site, not to mention all the time that I pour into it. If you appreciated this article, please consider making a one-time gift contribution. Thank you!",7020
my-fujifilm-x-t30-vintage-color-fade-film-simulation-recipe,Vintage Color Fade,PRO Neg,1,PRO Neg#1,"Young Boy With An Old Camera – Farmington, UT – Fujifilm X-T30 “Vintage Color Fade” Two days ago I posted my “Bleach Bypass” film simulation recipe , and yesterday I posted my Split-Toned B&W recipe . Today’s film simulation recipe takes elements from both of those to produce a look that reminds me of something found on Nik Analog Efex. I call it Vintage Color Fade. It’s actually similar to my Faded Color recipe , but with modifications, producing a different result. This recipe definitely has a vintage analog aesthetic to it, with some very interesting results. It’s quite amazing that you can do this in-camera! My Vintage Color Fade film simulation recipe requires the use of the double exposure feature of your camera. You make the first exposure using the settings under “Exposure 1” below. Then, before capturing the second image, switch to the settings found under “Exposure 2″ below. The only difference between the two sets of settings is the film simulation and the B&W tone, so it’s pretty easy to switch between them. The first exposure is of the scene that you want to capture, and the second exposure is of a piece of paper, which I prefer to be out-of-focus. The paper that I used was a medium-blue 8.5″ x 11” construction paper, the same paper that I used in the Split-Toned B&W recipe. The color of the paper doesn’t matter, but whatever it is should be medium-grey in black-and-white. How bright the second exposure is will determine how faded the picture will appear. Exposure 1 PRO Neg. Hi Dynamic Range: DR200 Highlight: +4 Shadow: +4 Color: +4 Color Chrome Effect: Strong Grain: Weak Sharpening: +1 Noise Reduction: -4 White Balance: Auto, -5 Red & +5 Blue ISO: Auto, up to ISO 6400 Exposure Compensation: +2/3 to +1 (typically) Exposure 2 Acros Dynamic Range: DR200 Highlight: +4 Shadow: +4 Tone: +6 (warm) Color Chrome Effect: Strong Grain: Weak Sharpening: +1 Noise Reduction: -4 White Balance: Auto, -5 Red & +5 Blue ISO: Auto, up to ISO 6400 Exposure Compensation: -1 to -3 (typically) Example photographs, all camera-made JPEGs using this Vintage Color Fade film simulation recipe on my Fujifilm X-T30 : Love You Always – Farmington, UT – Fujifilm X-T30 Indoor Potted Plant – Farmington, UT – Fujifilm X-T30 Fisher Price Phone – Farmington, UT – Fujifilm X-T30 Young Film Photographer – Farmington, UT – Fujifilm X-T30 Josh – Farmington, UT – Fujifilm X-T30 Girl Reading – Farmington, UT – Fujifilm X-T30 A Good Book – Farmington, UT – Fujifilm X-T30 Black Bike – Farmington, UT – Fujifilm X-T30 Down Stairs – Farmington, UT – Fujifilm X-T30 Honey Buckets – Farmington, UT – Fujifilm X-T30 UTA Train – Farmington, UT – Fujifilm X-T30 See also: Film Simulation Recipes Nobody pays me to write the content found on fujixweekly.com. There's a real cost to operating and maintaining this site, not to mention all the time that I pour into it. If you appreciated this article, please consider making a one-time gift contribution. Thank you!",2969
my-fujifilm-x-t30-kodak-elite-chrome-200-color-fade-film-simulation-recipe,Elite Chrome Color Fade,Classic Chrome,3,Classic Chrome#3,"JTPX 1204 – North Salt Lake, UT – Fujifilm X-T30 “Elite Chrome 200 Color Fade” I recently ran across some old slides that I had forgotten about, and one of those color transparencies was a frame of Kodak Elite Chrome 200 that was beginning to fade and change color. The picture wasn’t especially good, but it looked interesting because of how the image was transforming. Elite Chrome was a version of Ektachrome, which has been dubbed Fade-a-chrome, as it’s very prone to fading and discoloration, especially if not stored correctly, which this particular picture wasn’t. You can see the fading Elite Chrome 200 photograph below. I wondered if I could create a film simulation recipe that mimics the look of fading Elite Chrome 200. I experimented with the settings a bunch, but couldn’t get it to look right. After showing my wife, Amanda, she suggested that the digital picture looked too crisp, too detailed. I made some more modifications, and found myself much closer. Not perfect, but very close. I made more changes and adjustments, but unfortunately I couldn’t get it to look better, so I went back to those settings that were very close to being right, which is the recipe here. DGNO Locomotive – Dallas, TX – Canon AE-1 & Kodak Elite Chrome 200 35mm film One addition to this film simulation recipe that you’ve never seen in any of my other recipes is Image Quality. I have always used Fine, because it’s the highest quality setting, but in this case Fine was, well, too fine. I set it to Normal instead so as to better mimic the transparency. While I’m sure this particular recipe is not for everyone, those looking for something that resembles film from decades ago might appreciate it, as it has an analog aesthetic, and a look that’s a bit unusual, perhaps a bit lomographic (did I just make up a word?). Classic Chrome Dynamic Range: DR200 Highlight: 0 Shadow: +2 Color: -2 Noise Reduction: +2 Sharpening: -4 Grain Effect: Strong Color Chrome Effect: Strong Image Quality: Normal White Balance: 8300K, +4 Red & +8 Blue ISO: Auto, up to ISO 6400 Exposure Compensation: 0 to -2/3 (typically) Example photographs, all camera-made JPEGs using this Kodak Elite Chrome 200 Color Fade recipe on my Fujifilm X-T30 : Green Locomotive – North Salt Lake, UT – Fujifilm X-T30 Tank Rider – North Salt Lake, UT – Fujifilm X-T30 Tracks By The Refinery – North Salt Lake, UT – Fujifilm X-T30 American Joe – Layton, UT – Fujifilm X-T30 Neighborhood Patriotism – South Weber, UT – Fujifilm X-T30 Sidewalk Tricycle – South Weber, UT – Fujifilm X-T30 Red Flag – South Weber, UT – Fujifilm X-T30 Peek – South Weber, UT – Fujifilm X-T30 One Eye Open – South Weber, UT – Fujifilm X-T30 Evening Bike – South Weber, UT – Fujifilm X-T30 Fence & Path – South Weber, UT – Fujifilm X-T30 Out Flowing – North Salt Lake, UT – Fujifilm X-T30 Mountain Sky – South Weber, UT – Fujifilm X-T30 Wet Red Rose – Layton, UT – Fujifilm X-T30 Rose Blossom Fence – South Weber, UT – Fujifilm X-T30 Nobody pays me to write the content found on fujixweekly.com. There's a real cost to operating and maintaining this site, not to mention all the time that I pour into it. If you appreciated this article, please consider making a one-time gift contribution. Thank you!",3237
fujifilm-x-t3-x-t30-x-h1-film-simulation-recipe-negative-print,Negative Print,Eterna,0,Eterna#0,"This film simulation recipe was inspired by various pictures I found while browsing old issues of Arizona Highways magazine. I have a small collection of old issues of this publication, which I enjoy flipping through from time-to-time for inspiration. Arizona Highways has a long history of publishing great photographs—even Ansel Adams was a regular contributor back in the day. As I was browsing old issues published over several decades, there was a certain aesthetic that seemed to reappear over and over. It caught my attention because of how lovely it looks. I don’t know the specifics of the film used—most likely Kodak of some sort, and probably multiple emulsion. My suspicion is that the printing process played a significant part in the aesthetic, and that’s why I call this recipe Negative Print. After some experimenting, I decided that the Eterna film simulation was the best base. Because of that, this recipe is only compatible with the Fujifilm X-H1, X-T3, and X-T30 cameras (as well as older GFX models, although the results will be slightly different). For newer X-Trans IV cameras (plus newer GFX), you’ll have to decide on Grain size (either Small or Large—I recommend Large), Color Chrome FX Blue (I recommend Off), and Clarity (I suggest either 0 or -2). I really like how this recipe renders pictures, and at times it really is reminiscent of those pictures printed in the magazine! If you are looking for a classic analog aesthetic, this recipe is a great one to try. The way it renders shadows and colors definitely gives it a film-like look, and I know that this recipe will quickly become a favorite for some of you. I think it might just have a permanent place in my X-H1. Eterna Dynamic Range: DR200 Highlight: +2 Shadow: +4 Color: +4 Noise Reduction: -4 Sharpness: -1 Grain Effect: Weak Color Chrome Effect: Off/NA White Balance: Fluorescent 3, -2 Red & -7 Blue ISO: Auto up to ISO 6400 Exposure Compensation: +1/3 to +2/3 Below are example pictures, all camera-made JPEGs captured using this “Negative Print” Film Simulation Recipe:",2064
my-fujifilm-x-t30-color-negative-film-simulation-recipe,Color Negative,PRO Neg,0,PRO Neg#0,"Evening Light On A Clearing Mountain – Riverdale, UT – Fujifilm X-T30 – “Color Negative” Silly Putty was invented by accident. There was a shortage of rubber during the second world war, and as a result several companies worked hard to create a synthetic substitute. What we now know as Silly Putty was a failed attempt at synthetic rubber. Even though it didn’t turn out exactly like its inventor had hoped, it still became a useful product that has brought joy to many people across the world. This “Color Negative” film simulation recipe has a similar story to Silly Putty (minus the war and rubber). I’ve been working on a number of different recipes, trying to mimic several different aesthetics that I’ve been asked to create. One of the films that I’ve been trying to recreate the look of is Fujifilm C200, but I’ve yet to crack the code. This recipe is one of the failed attempts at C200. I like how it looks, so I thought I’d share it, even though it’s not exactly what I was trying for. I hope it become useful and brings joy to someone. Cameras and Coffee – South Weber, UT – Fujifilm X-T30 – “Color Negative” I named this recipe “Color Negative” only because it has a general color negative aesthetic, and I didn’t know what else to call it. It’s in the general neighborhood of Fujifilm C200, but it’s not exactly right for that film. Perhaps there’s some generic film that looks similar to this. It doesn’t precisely mimic any one film that I’m aware of, but this recipe does have a film-like quality to it. PRO Neg. Hi Dynamic Range: DR400 Highlight: +2 Shadow: +2 Color: -2 Noise Reduction: -4 Sharpening: +1 Grain Effect: Weak Color Chrome Effect: Off White Balance: Daylight Fluorescent (1), -2 Red & +4 Blue ISO: Auto, up to ISO 6400 Exposure Compensation: 0 to +2/3 (typically) Note: There was some confusion on the white balance required for this recipe. It’s Fluorescent 1, also called Daylight Fluorescent or Neon 1. It’s the first option underneath Cloudy. Example photographs, all camera-made JPEGs using my Color Negative Film Simulation recipe on a Fujifilm X-T30 : Fallen Leaves – South Weber, UT – Fujifilm X-T30 Hanging Apple – South Weber, UT – Fujifilm X-T30 Leaf Hanging On – South Weber, UT – Fujifilm X-T30 Boy Unsure – South Weber, UT – Fujifilm X-T30 Joy’s Smile – South Weber, UT – Fujifilm X-T30 White Stars – Roy, UT – Fujifilm X-T30 White Cloud Ridge – South Weber, UT – Fujifilm X-T30 Reserved Parking – South Ogden, UT – Fujifilm X-T30 See also: My Fujifilm Film Simulation Recipes Nobody pays me to write the content found on fujixweekly.com. There's a real cost to operating and maintaining this site, not to mention all the time that I pour into it. If you appreciated this article, please consider making a one-time gift contribution. Thank you!",2791
pro-neg-fujifilm-x-t3-x-t30-x-trans-iii-film-simulation-recipe,Pro Neg,PRO Neg,0,PRO Neg#0,"I worked on this Film Simulation Recipe for some time. It wen’t through a lot of iterations, with small tweaks here and there over a few month period, before I landed on the final settings. The idea was to create a generic Kodak-ish color negative film aesthetic, perhaps something similar to ColorPlus 200 or Pro Image 100. While I did look at both of those emulsions a number of times during the development of this Recipe, I didn’t set out to strictly emulate either of them. I think there can be similarities at times to both of those film stocks, but generally speaking this Recipe isn’t a replication of either—or any—film. I hope that makes sense. I do think it does a good job at producing a generic color negative film aesthetic that is by-and-large Kodak-esque, with occasional similarities to both ColorPlus 200 and Pro Image 100.",841
my-fujifilm-x-t30-provia-film-simulation-recipe-fujichrome-sensia-100,Fujichrome Sensia 100,Provia,-1,,"Evening Flag – Layton, UT – Fujifilm X-T30 – Provia The film simulation that Fujifilm calls “standard” is Provia, but of all the color options, Provia is my least favorite. For the most part, I prefer the other film simulations instead. In fact, the only recipes that I’ve created that use Provia are Agfa Optima 200 and Cross Process , both of which are great in their own way. The problem with Provia is that it’s somewhat boring. And it doesn’t resemble the film that it’s named after. The Astia film simulation looks more like real Provia film, and the Provia film simulation more resembles Astia film. Weird, huh? Well, I decided that Provia needed a little more of my love, so I created a new recipe for it. This Provia recipe reminds me of Fujifilm Fujichrome Sensia 100, although that is strictly coincidental, as I wasn’t attempting any specific film look, just a general analog aesthetic. Fujichrome Sensia 100 was a general-purpose slide film that was discontinued about 10 years ago. It was a popular choice for cross-processing, although that’s not the look you find here. There were three different generations of the film, and each looked very slightly different. I shot a little of the second version of Sensia back in the day, but I usually preferred Velvia or Provia film. This recipe’s accidental resemblance is a happy accident. Autumn Tree Branches – Riverdale, UT – Fujifilm X-T30 – Provia The white balance required for this recipe is Warm-White Fluorescent, which is also known as Fluorescent Light 2 or Neon 2. It’s the second fluorescent white balance option underneath cloudy/shade. It’s a bit unusually to select this in daylight, but it works in this case. Provia Dynamic Range: DR400 Highlight: 0 Shadow: +2 Color: 0 Noise Reduction: -4 Sharpening: +1 Grain Effect: Weak Color Chrome Effect: Off White Balance: Warm-White Fluorescent (2), -1 Red & -3 Blue ISO: Auto, up to ISO 6400 Exposure Compensation: 0 to +2/3 (typically) Example photographs, all camera-made JPEGs using this Provia film simulation recipe on my Fujifilm X-T30 : Lost In Thought – South Weber, UT – Fujifilm X-T30 Summer Is Over – South Weber, UT – Fujifilm X-T30 The Last Yellow Leaf – South Weber, UT – Fujifilm X-T30 Abscission – South Weber, UT – Fujifilm X-T30 Leaves of Autumn – South Weber, UT – Fujifilm X-T30 Autumn Sun – South Weber, UT – Fujifilm X-T30 Autumn Tree Trunk – Riverdale, UT – Fujifilm X-T30 Neighborhood Snowfall – South Weber, UT – Fujifilm X-T30 Baseball Boy – South Weber, UT – Fujifilm X-T30 Cottonwood Fall – South Weber, UT – Fujifilm X-T30 See also: Film Simulation Recipes Nobody pays me to write the content found on fujixweekly.com. There's a real cost to operating and maintaining this site, not to mention all the time that I pour into it. If you appreciated this article, please consider making a one-time gift contribution. Thank you!",2873
a-different-approach-7-new-fujicolor-pro-160ns-film-simulation-recipes-yes-7,Fujicolor Pro 160NS,PRO Neg,0,PRO Neg#0,"I received an email the other day from Anders Lindborg with this subject title: A Different Approach . Anders created the Kodak Tri-X 400 film simulation recipe , which is my personal favorite for black-and-white photography. I was immediately intrigued, and I was not disappointed as I read his message. I’ll let Anders explain this new approach below as he described it to me. “Doing professional work is tough. Since getting a Fujifilm X-T3 (and later an X-Pro3), I’ve come to rely totally on the straight-out-of-camera JPEGs. They look great and I get more jobs just because I can deliver good results fast. After diving deep into the Fujifilm film simulations, I’ve come to realize that you cannot create a single recipe that will always look great. Sometimes the sunlight is so strong that everything gets blown out and the next day the same recipe will make everything look murky and dull.” “Coming from a film background, I’m reasonably used to pushing and pulling film as needed. With cheap consumer film stocks, you could sometimes get absolutely horrific (or ”creative” as some call them) results, but the professional films were often quite predictable. Some film stocks have become legendary because they really could take a good beating, no matter how you treated them. Also, the exposure latitude of film is insane compared to digital, which is something I really have missed since switching. Awhile back I started experimenting with recreating this, but I slowly realized that it would require several different variations of my settings. When I was finished, I had used up all seven slots! A lot of research and assumptions went into the process. For example, I totally assume that Fujifilm knows what they’re doing and that their stock simulations are good. I can honestly say after all this, that—yes—they do know their game!” “The settings emulate a flexible film look. They serve as a base that can be modified as needed on the spot via the Q Menu (for example: changing film simulation, white balance, tint, dynamic range, etc.). The objective was to always have working settings for any scenario that emulates how professional film behaves when being pushed or pulled. They’re intended for professional use and come out of both a need and want for realistic film-like simulations that are guaranteed to work, no matter what task I’m currently challenged with. Of course it’s up to the end user to tune it to their specific preferences, but I strongly recommend you leave the highlight/shadow settings as-is. They are heavily tested with all standard film simulations and you will get a nice looking result with them. These settings took me a couple of years to develop, but this is what I actually use every day now.” “Just step outside and try to come to a conclusion about what the current weather and light conditions are like. If the sun is harsh, you need to pull. If the sun is blindingly bright, pull two steps. The same goes for pushing. If you’re missing just a bit of light, push one step. If it’s dull, push two steps. The third and fourth push settings are perhaps a bit special as the contrast starts to increase. On a regular day, of course you use the box speed setting. Once you’ve selected your setting for the day, stick with it! This is the key to consistent results.” “I recommend shooting RAW+JPEG and having the settings stored in X Raw Studio. RAWs are great to have if you aren’t happy with the results of your selected setting. The settings were created for the Fujifilm X-T3, but can be easily adapted to taste on any X-series camera. On my X-Pro3, I set Clarity to -3 and Grain to Weak & Large on all slots.” Thank you, Anders Lindborg , for creating and sharing this new approach! For those without a film background, let me briefly explain what pushing and pulling means in film photography. Film is rated at a certain ISO, for example ISO 100, ISO 200, ISO 400, etc., which is a measurement of the film’s sensitivity to light (it’s pretty much just like on your digital camera). You can underexpose a roll of film and increase the development time to get correctly exposed pictures, and this is called push-processing or pushing the film. Also, you can overexpose a roll of film and decrease the development time to get correctly exposed pictures, and this is called pull-processing or pulling the film. Pushing the film increases the contrast, vibrancy (for color film), and grain, while pulling the film decreases the contrast, vibrancy (for color film), and grain. With film, you have to push or pull the entire roll and not just one or a few frames. The genius of Anders’ method is that you can apply this film approach to your digital pictures, and you can do it with as few or as many frames as you wish. You can push one frame, pull the next, and shoot the third at “box speed” (nether pushed nor pulled) if you want. This type of flexibility was unimaginable in the film era! In case you didn’t understand this approach, let me rephrase it. You have one recipe, but that recipe has push and pull variants. You can use any film simulation with the recipe, and Anders’ film simulation of choice is PRO Neg. Hi, but try any of them! The rest of the settings stay the same. His push and pull variants don’t necessarily represent stops of pushing or pulling, but more like half-stop increments (although Fujifilm lenses have 1/3 stop increments, but don’t worry about that). You can dedicate slots in your Custom Settings Menu for the recipe and variants, or you can have one Custom Settings slot set to the standard “box speed” recipe and adjust on-the-fly if you have the required changes memorized, or you can do it in X RAW Studio. Anders actually sent me two recipes. The first, which you’ll find below, is called Fujicolor Pro 160NS. It wasn’t purposely intended to resemble that film, but it nonetheless does, more-or-less. The second, which you can find here ), is called Fujicolor Pro 400H. The Pro 160NS recipe is the “standard” one, while the Pro 400H recipe is just a little more bold for when you need a bit more pizzaz.",6089
7-new-fujicolor-pro-400h-film-simulation-recipes,Fujicolor Pro 400H,PRO Neg,0,PRO Neg#0,"In my last post, entitled A Different Approach , I shared Anders Lindborg ‘s new take on film simulation recipes , which included seven different Fujicolor Pro 160NS recipes that he invented. This is Part 2 of that article. Below you’ll find another seven recipes, this time for Fujicolor Pro 400H! If you haven’t read the first post, you’ll want to do that now, because this will make a lot more sense if you have that prerequisite understanding. If you don’t want to take the time to read it (or if you’ve already forgotten), here’s a quick summery. Anders’ approach is to have a good base recipe that works well in most circumstances, but also have subtle variations of that recipe, that mimic pushed and pulled film, for when the conditions require either less contrast (pulled) or more contrast (pushed). You can use all seven Custom Presets in the Q Menu to save each of these recipes if you want, or just save the base recipe (called “Box Speed”) and adjust to the various variations on-the-fly, or save the base setting and have the variations programmed into X RAW Studio. Also, by design these recipes will work with any film simulation, even though they call for PRO Neg. Hi.",1186
my-fujifilm-x-t30-fujicolor-pro-400h-overexposed-film-simulation-recipe,Fujicolor Pro 400H Overexposed,Provia,-1,,"I Will Always Love You – Farmington, UT – Fujifilm X-T30 “Fujicolor Pro 400H Overexposed” Fujifilm introduced Fujicolor Pro 400H in 2004 and it’s been a popular film ever since. Photographers often overexpose this film by as many as four stops. When overexposed, the film turns from a somewhat ordinary high-ISO (that’s what the “H” stands for in the name) portrait film into something almost magical. Colors become vibrant and pastel. The exact look of overexposed Pro 400H varies, depending on how much overexposed, how developed, and how printed or scanned. The effect can range from subtle to pronounced. I have been trying for some time now to create a film simulation recipe that mimics the aesthetic of overexposed Pro 400H, and, despite creating a Fujicolor Pro 400H film simulation recipe already, achieving an overexposed look has eluded me. I had read that one of the films that was the inspiration for the PRO Neg. Hi film simulation was Pro 400H. I tried and tried using that film simulation, and even PRO Neg. Std and Astia, to get the look that I was after, but I just couldn’t get it right. Yesterday, following some inspiration, as I was playing around with the Provia film simulation, I created a look that I thought might work. It was close! A few adjustments here and there, and this Fujicolor Pro 400H Overexposed film simulation recipe was born, and I spent the afternoon shooting a bunch of exposures with it. I just couldn’t believe that I finally did it! Green Sky – Farmington, UT – Fujifilm X-T30 “Fujicolor Pro 400H Overexposed” Something that I went back and forth on with this recipe is the shadows. I feel like +4 is too much sometimes, and +3 is too little sometimes. I ended up choosing +4, but I think +3 would be just as acceptable. You might try some shots with +4 and some with +3 and decide which you like better. Perhaps use +4 in low-contrast scenes and +3 in high-contrast scenes. I also debated on Color, settling on +1, which might be too high. You might consider setting Color to 0 if you think it’s too saturated. Even though I created this on my Fujifilm X-T30 , it’s fully compatible with all X-Trans III and IV cameras. Provia Dynamic Range: DR400 Highlight: -2 Shadow: +4 Color: +1 Color Chrome Effect: Off Grain: Weak Noise Reduction: -4 Sharpening: 1 White Balance: Auto, +2 Red & +2 Blue ISO: Auto up to ISO 6400 Exposure Compensation: +1 2/3 to +2 1/3 (typically) Example photographs, all straight-out-of-camera JPEGs captured using my Fujifilm X-T30 Fujicolor Pro 400H Overexposed film simulation recipe: Annoyed – Farmington, UT – Fujifilm X-T30 “Fujicolor Pro 400H Overexposed” Happy – Farmington, UT – Fujifilm X-T30 Reading – Farmington, UT – Fujifilm X-T30 Markers – Farmington, UT – Fujifilm X-T30 Lego Car – Farmington, UT – Fujifilm X-T30 Ocean of Books – Farmington, UT – Fujifilm X-T30 Suburban Sky – Farmington, UT – Fujifilm X-T30 Neighborhood – Farmington, UT – Fujifilm X-T30 Tree Trunk Between Shrubs – Farmington, UT – Fujifilm X-T30 Liquid Obscurity – Farmington, UT – Fujifilm X-T30 Evening Windows – Farmington, UT – Fujifilm X-T30 Closed Umbrella – Farmington, UT – Fujifilm X-T30 Raining In The Pool – Farmington, UT – Fujifilm X-T30 Observing – Farmington, UT – Fujifilm X-T30 Outdoor Mall – Farmington, UT – Fujifilm X-T30 String of Lights – Farmington, UT – Fujifilm X-T30 Disconnected – Farmington, UT – Fujifilm X-T30 See also: Film Simulation Recipes Nobody pays me to write the content found on fujixweekly.com. There's a real cost to operating and maintaining this site, not to mention all the time that I pour into it. If you appreciated this article, please consider making a one-time gift contribution. Thank you!",3699
not-my-fujifilm-x-t30-warm-contrast-film-simulation-recipe,“Warm Contrast”,PRO Neg,1,PRO Neg#1,"Flower Pots – Salt Lake City, UT – Fujifilm X-T30 – “Warm Contrast” Fuji X Weekly reader Manuel Sechi recently contacted me regarding some camera settings that he was working on. He was trying to replicate the look of the “Warm Contrast” preset in Lightroom. He felt that he was close but was hoping that I might help refine the settings to get a little closer. He showed me some of his pictures where he had applied the preset, which was helpful as I don’t use Lightroom. I tried out his settings and indeed they looked very close to the photographs that he shared. I made some small adjustments to refine it to what I thought might be a closer match to the preset, although not having the preset at my disposable was admittedly a challenge, and I can only hope that I made the recipe better and not worse. While I call this film simulation recipe “Warm Contrast” due to its intended replication, it’s not particularly warm nor especially high in contrast. It seems to work best in mid-contrast situations, and when the light is already a bit on the warm side. When it works, though, it looks really good. I can see why Manuel was interested in creating it. I’m sure some of you will appreciate these settings, and I’m eager to share them with you. August Wasatch – South Weber, UT – Fujifilm X-T30 – “Warm Contrast” Thank you, Manuel, for sharing your settings, and allowing me the opportunity to tweak them. While I put “Fujifilm X-T30” in the title, this recipe can be used on any X-Trans III or IV camera. In low-contrast situations, going +4 on Shadow and +2 on Highlight might produce better results. In cooler light, -1 Red and -5 Blue might prove to be better. As always, don’t be afraid to season this film simulation recipe to taste. PRO Neg. Std Dynamic Range: DR200 Highlight: +1 Shadow:+3 Color: +4 Sharpening: +1 Noise Reduction: -4 Grain: Strong Color Chrome Effect: Off White Balance: Auto, -2 Red & -4 Blue ISO: Auto up to ISO 6400 Exposure Compensation: +1/3 to +1 (typically) Example photographs, all camera-made JPEGs using these settings on my Fujifilm X-T30: Fighting Flamingos – Salt Lake City, UT – Fujifilm X-T30 Duck In A Stream – Salt Lake City, UT – Fujifilm X-T30 Rural Stream – Salt Lake City, UT – Fujifilm X-T30 Bee On A Pink Flower – Salt Lake City, UT – Fujifilm X-T30 Bee At Work – Salt Lake City, UT – Fujifilm X-T30 Kids on a Bridge – Salt Lake City, UT – Fujifilm X-T30 Confident Direction – Salt Lake City, UT – Fujifilm X-T30 Leaves of Various Colors – Salt Lake City, UT – Fujifilm X-T30 Looking Bird – Salt Lake City, UT – Fujifilm X-T30 Yarn Owl – Salt Lake City, UT – Fujifilm X-T30 Green Mountain Majesty – South Weber, UT – Fujifilm X-T30 Sloping Ridges – South Weber, UT – Fujifilm X-T30 Canvas Sky – Salt Lake City, UT – Fujifilm X-T30 American Fair – Salt Lake City, Utah – Fujifilm X-T30 Nobody pays me to write the content found on fujixweekly.com. There's a real cost to operating and maintaining this site, not to mention all the time that I pour into it. If you appreciated this article, please consider making a one-time gift contribution. Thank you!",3106
fujifilm-x-trans-iii-x-t3-x-t30-film-simulation-recipe-porto-200,Porto 200,PRO Neg,0,PRO Neg#0,"The name of this recipe is not a typo. Awhile back I was asked to make a film simulation recipe for Fujifilm X-Trans II cameras that mimic the aesthetic of photographer João Falcão . I was able to create an X-Trans II recipe that was fairly close , although perhaps not exact. Certainly if you like João’s aesthetic, you’ll appreciate those settings. I called that recipe Porto 200 because Porto is the city in Portugal where João is from. While Porto means “port” I think it has a nice film-stock-like name, similar to “Portra” for example. While there is no film called Porto 200, I decided to use the name anyway.",616
my-fujifilm-bleach-bypass-film-simulation-recipe,“Bleach Bypass”,Classic Chrome,2,Classic Chrome#2,"Instamatic Morning – Farmington, UT – Fujifilm X-T30 “Bleach Bypass” The upcoming Fujifilm X-T4 will have a new film simulation : Bleach Bypass. This new film simulation might eventually come to other X-Trans IV cameras, such as the X-T30, X-T3, X-Pro3 and X100V, but it might not, as Fujifilm has yet to add Classic Negative to the X-T3 and X-T30. It would certainly be nice if Fujifilm gave those of us with “older” X-Trans IV cameras the new film simulations. Even if they never do, you are in luck, as I have created a film simulation recipe to mimic the look of bleach bypass! Bleach bypass is a darkroom technique where you skip or limit the bleach during development of color film, which causes it to retain the silver. Results will vary greatly depending on the film used and exactly how you develop it, but generally speaking what you get with bleach bypass is a high-contrast, low-saturation, grainy picture that appears as if a black-and-white and color picture were combined together. This technique is more common for motion picture film than still photography, but some people do bleach bypass with C-41 film. I experimented with the techniques that I used for this film simulation back in June of last year. Much came out of those experiments, including both the Faded Color and Faded Monochrome film simulation recipes, as well as in-camera texturing . I created something similar to this recipe, but gave up on it before completing it. Last week Fuji X Weekly reader James Clinich reached out to me to share some experiments he had been doing, which turned out to be very similar to what I had done back in June. This rekindled my interest, and with inspiration drawn from James, I made this “Bleach Bypass” film simulation recipe. Car’s 3 & 4 – Farmington, UT – Fujifilm X-T30 “Bleach Bypass” This film simulation recipe requires the use of the double exposure feature of your camera. You will need a tripod, and there can’t be any movement in the scene. You have to make two identical exposures, one in color and one in black-and-white. After the first exposure is made, you must change the film simulation before making the second exposure. You can have both sets of settings programmed into the custom menu as separate presets, and toggle between them, or just change the film simulation, making sure that the tone is set correctly when making the Acros exposure. It’s a bit tricky and limited, but the results are nice. If you don’t want to do double exposures, but want something that will produce similar results to this recipe, try my Dramatic Classic Chrome recipe except set color to -4. That’s about as close as you can get. Otherwise, if you want to create a bleach bypass look in-camera, this recipe is your best option. Exposure 1 Classic Chrome Dynamic Range: DR200 Highlight: +3 Shadow: +4 Color: +2 Color Chrome Effect: Strong Grain: Strong Sharpening: +1 Noise Reduction: -4 White Balance: Auto, -1 Red & +3 Blue ISO: Auto, up to ISO 6400 Exposure Compensation: +1/3 to +2/3 (typically) Exposure 2 Acros Dynamic Range: DR200 Highlight: +3 Shadow: +4 Tone: +2 (warm) Color Chrome Effect: Strong Grain: Strong Sharpening: +1 Noise Reduction: -4 White Balance: Auto, -1 Red & +3 Blue ISO: Auto, up to ISO 6400 Exposure Compensation: +1/3 to +2/3 (typically) Example photographs, all camera-made JPEGs using this “Bleach Bypass” film simulation recipe on my Fujifilm X-T30 : Pillows – Farmington, UT – Fujifilm X-T30 Window Robot – Farmington, UT – Fujifilm X-T30 Illuminated Faux Flowers – Farmington, UT – Fujifilm X-T30 Pronto! – Farmington, UT – Fujifilm X-T30 Touch of Green – Farmington, UT – Fujifilm X-T30 Rooftops & Mountaintops – Farmington, UT – Fujifilm X-T30 Tracks Under The Bridge – Farmington, UT – Fujifilm X-T30 Do Not Cross Tracks – Farmington, UT – Fujifilm X-T30 Locked Box & Escape Route – Farmington, UT – Fujifilm X-T30 Empty Walking Bridge – Farmington, UT – Fujifilm X-T30 See also: Film Simulation Recipes Nobody pays me to write the content found on fujixweekly.com. There's a real cost to operating and maintaining this site, not to mention all the time that I pour into it. If you appreciated this article, please consider making a one-time gift contribution. Thank you!",4231
fujifilm-x-trans-iii-x-t30-x-t3-film-simulation-recipe-eterna-bleach-bypass,“Eterna Bleach Bypass”,PRO Neg,3,PRO Neg#3,"Lately I’ve been really enjoying the new Eterna Bleach Bypass film simulation found on the Fujifilm X-T4, X-S10, X-E4, and X-T30 II cameras. It occurred to me that those with “older” cameras, like X-Trans III and the X-T30 and X-T3, are missing out, so I wanted to do something about it. Now back in May I created a recipe for these cameras called Chrome Bypass that sort of fulfills this, but it wasn’t an attempt necessarily at mimicking the Eterna Bleach Bypass film simulation; however, I used it as a starting point for this recipe. After much adjusting and experimenting, I decided that this was the closest that I could get to Eterna Bleach Bypass for those without it. The Eterna Bleach Bypass film simulation is intended to resemble cinematic film that’s had the bleach skipped during development. It has low-saturation and high-contrast, and almost a silvery aesthetic. This recipe isn’t a 100% match to the film simulation, but it’s as close as you’re likely to get. And it produces some really nice results—I very much enjoyed using it! This recipe is intended for those who have a Fujifilm X-Pro2, X100F, X-E3, X-H1, X-T2, X-T20, X-T30, or X-T3 camera. If you have an X-Pro3 or X100V, you can use this recipe, too, but you’ll have to decide what Grain size you want (either Small or Large). Those with an X-T4, X-S10, X-E4, or X-T30 II can also use this recipe (after deciding on Grain size), but I would recommend the Ferrania Solaris FG 400 , Muted Color , Silver Summer , or LomoChrome Metropolis recipes instead, which use the Eterna Bleach Bypass film simulation. PRO Neg. Std Dynamic Range: DR400 Highlight: +3 Shadow: +3 Color: -4 Color Chrome Effect: Off or N/A Sharpness: 0 Noise Reduction: -4 Grain Effect: Weak White Balance: Incandescent, +8 Red & -9 Blue ISO: Auto up to ISO 6400 Exposure Compensation: 0 to +2/3 (typically) Sample photographs, all camera-made JPEGs, captured with a Fujifilm X-T30 using this “Eterna Bleach Bypass” film simulation recipe:",1982
fujifilm-x-trans-iii-x-t30-x-t3-film-simulation-recipe-chrome-bypass,Chrome Bypass,PRO Neg,1,PRO Neg#1,"There are a number of X-Trans IV film simulation recipes that I’ve had multiple requests to create versions for that are compatible with X-Trans III and X-T3 and X-T30 cameras. LomoChrome Metropolis and Bleach Bypass are two that are commonly requested. These recipes require JPEG settings that don’t exist on the “older” cameras, including the Classic Negative or Eterna Bleach Bypass film simulations. I knew it would be impossible to recreate those recipes for X-Trans III and the X-T3 and X-T30 cameras, but I wanted to get as close as I could. After much experimenting, I came up with some settings that are sometimes similar to the LomoChrome Metropolis recipe and are sometimes similar to the Bleach Bypass recipe, and sometimes not like either. What the LomoChrome Metropolis and the Bleach Bypass recipes have in common are that they’re both high in contrast and low in color saturation. There are some other similarities between them, but there’s plenty that’s different, too. This recipe with certain subjects and in certain light situations can resemble one or the other, or neither. It’s as close as I could get. If you like the LomoChrome Metropolis and Bleach Bypass recipes, this is your best bet for X-Trans III and X-T3 and X-T30 cameras ( aside from doing double-exposures ). While it’s not as “perfect” as I was hoping to achieve, I think it’s a pretty good recipe for capturing dramatic pictures. It’s kind of (but not really) the low saturation version of Dramatic Classic Chrome . Because these settings resemble both the LomoChrome Metropolis and the Bleach Bypass film simulation recipes, I decided to name this recipe Chrome Bypass , taking a little from each name. I don’t currently have access to an X-Trans III camera, so I don’t have any samples captured with a Fujifilm X-Trans III camera, but it should look very similar. PRO Neg. Std Dynamic Range: DR200 Highlight: +3 Shadow: +4 Color: -4 Color Chrome Effect: Off or N/A Sharpness: -1 Noise Reduction: -4 Grain Effect: Strong White Balance: Auto, +2 Red & -5 Blue ISO: Auto up to ISO 6400 Exposure Compensation: 0 to +2/3 (typically) Sample photographs, all camera-made JPEGs, captured with a Fujifilm X-T30 using this “Chrome Bypass” film simulation recipe:",2242
my-fujifilm-x-t30-kodacolor-film-simulation-recipe,Kodacolor,Classic Chrome,2,Classic Chrome#2,"Summit Merc – Coalville, UT – Fujifilm X-T30 – Kodacolor This is the film simulation recipe that you’ve been waiting for! Well, maybe that’s an exaggeration, but if you like my Kodachrome II or Portra 400 recipes, which are both very popular , you’ll likely also appreciate this one. It’s in the same neighborhood as those, producing a classic Kodak analog aesthetic. I think many of you will like this film simulation recipe. Last week I was contacted by a Fuji X Weekly reader who wanted help creating an in-camera look that was similar to the pictures from this other photographer. It didn’t take me long to realize that the photographer in question was using a digital camera (Nikon D750) and applying a plugin preset (most likely VSCO) to achieve the desired look. If I had to take a guess, I would say that the preset is supposed to resemble Kodak Portra 400, although probably one of the alternative versions and not the straight Portra 400 preset. Anytime that I get one of these requests I always make an attempt to create it, although oftentimes my efforts are not successful and no recipe is made. This time, my first stab at it was pretty close, and a little refining made it even closer. I was able to quickly create a film simulation recipe that produces similar results in-camera to what that other photographer is getting with software. The reason that I named this recipe Kodacolor and not Portra is that, to me, it looks more like Kodacolor VR than Portra, although the aesthetics of these two films are quite similar. Portra is the better film with improved grain, more tolerance to under and over exposure, and slightly more accurate skin tones, but overall the films produce very similar looks. Kodak originally developed Kodacolor VR film in the early 1980’s for their Disc cameras, which used a film cartridge resembling a computer floppy disc (or the “save icon”), allowing the camera to be small and easy to use. It made tiny exposures on the disc of film, and the film prior to Kodacolor VR, which was called Kodacolor II, was too grainy and not sharp enough for the small exposure to produce good results. Kodak’s solution was to create a sharper film with finer grain, which they originally named Kodacolor HR, and quickly renamed Kodacolor VR after making a small improvement. Kodacolor VR was available in ISO 100, 200, 400 and 1000 film speeds. This film simulation recipe most closely resembles Kodacolor VR 200, in my opinion. Kodacolor VR was replaced by Kodacolor VR-G in the mid 1980’s, which was later renamed Kodak Gold. Kodacolor VR was technically discontinued in 1986, but the ISO 200 version was renamed Kodacolor 200 and later ColorPlus 200, which is surprisingly still available today. Kodak Flying Disc – South Weber, UT – Fujifilm X-T30 – Kodacolor One characteristic of Kodacolor VR is that it’s not particularly tolerant to underexposure (for color negative film), so a common technique was to overexpose the film (to prevent accidental underexposure). The side-effect of this, which is a common side-effect of most Kodak color negative films, but it’s especially pronounced on this particular film, is cyan sky. Blues tend to become an unnatural lighter color. That’s what this film simulation recipe looks like: Kodacolor VR 200 that’s been overexposed. It’s also a close proximity to Portra 400 that’s been overexposed, although it’s not quite as strong of a match for that as Kodacolor VR. Classic Chrome Dynamic Range: DR400 Highlight: -1 Shadow: +2 Color: -2 Sharpening: +2 Noise Reduction: -4 Grain: Strong Color Chrome Effect: Off White Balance: 6300K, -1 Red & -4 Blue ISO: Auto up to ISO 6400 Exposure Compensation: +2/3 to + 1-1/3 (typically) Example photographs, all camera-made JPEGs captured using my Kodacolor film simulation recipe on my Fujifilm X-T30: Echo Canyon Morning – Echo, UT – Fujifilm X-T30 – Kodacolor Morning Light In Echo Canyon – Echo, UT – Fujifilm X-T30 – Kodacolor Tree On The Rocky Ledge – Echo, UT – Fujifilm X-T30 – Kodacolor Western Cliff – Echo, UT – Fujifilm X-T30 – Kodacolor Rock Bowl – Echo, UT – Fujifilm X-T30 – Kodacolor Echo Mesa – Echo, UT – Fujifilm X-T30 – Kodacolor Summer Witches – Echo, UT – Fujifilm X-T30 – Kodacolor Trees Dotting The Rock – Echo, UT – Fujifilm X-T30 – Kodacolor Blue Sky Rocks – Echo, UT – Fujifilm X-T30 – Kodacolor Weber River Thistle Blooms – Coalville, UT – Fujifilm X-T30 – Kodacolor Yucca Blossoms – South Ogden, UT – Fujifilm X-T30 – Kodacolor Sky Tree – South Weber, UT – Fujifilm X-T30 – Kodacolor Sycamore Seeds – South Weber, UT – Fujifilm X-T30 – Kodacolor Green Cottonwood Leaf – South Weber, UT – Fujifilm X-T30 – Kodacolor Cottonwood Sun – South Weber, UT – Fujifilm X-T30 – Kodacolor Vintage Sunset – Ogden, UT – Fujifilm X-T30 – Kodacolor Blue Hole – South Weber, UT – Fujifilm X-T30 – Kodacolor Summer Clouds Behind The Green Hill – South Weber, UT – Fujifilm X-T30 – Kodacolor Summer Blue & Green – South Weber, UT – Fujifilm X-T30 – Kodacolor Big Cloud Behind The Mountain – South Weber, UT – Fujifilm X-T30 – Kodacolor Grey Sky Hill – South Weber, UT – Fujifilm X-T30 – Kodacolor Car Wash – South Ogden, UT – Fujifilm X-T30 – Kodacolor Burger Umbrellas – Ogden, UT – Fujifilm X-T30 – Kodacolor Renew or Replace – Riverdale, UT – Fujifilm X-T30 – Kodacolor Red Curve – Riverdale, UT – Fujifilm X-T30 – Kodacolor Red Corner – South Ogden, UT – Fujifilm X-T30 – Kodacolor Moore Motor – Coalville, UT – Fujifilm X-T30 – Kodacolor Better Days Behind – Coalville, UT – Fujifilm X-T30 – Kodacolor Building For Sale – Coalville, UT – Fujifilm X-T30 – Kodacolor Brick Angles – Coalville, UT – Fujifilm X-T30 – Kodacolor Suburban Garage – South Weber, UT – Fujifilm X-T30 – Kodacolor Gas – Echo, UT – Fujifilm X-T30 – Kodacolor Gas Cafe – Echo, UT – Fujifilm X-T30 – Kodacolor Neighborhood Fence – South Weber, UT – Fujifilm X-T30 – Kodacolor The Joy of Driving Rain – Layton, UT – Fujifilm X-T30 – Kodacolor Man of Steel – Coalville, UT – Fujifilm X-T30  – Kodacolor Bicycle Back Tire – South Weber, Utah – Fujifilm X-T30 – Kodacolor Chaos Wheel – South Weber, UT – Fujifilm X-T30 – Kodacolor Hat On A Bed – South Weber, UT – Fujifilm X-T30 – Kodacolor Couch Pillows – South Weber, UT – Fujifilm X-T30 – Kodacolor Wall Curtain – Layton, UT – Fujifilm X-T30 – Kodacolor Intelligence Game – Layton, UT – Fujifilm X-T30 – Kodacolor The Trouble With Age – Layton, UT – Fujifilm X-T30 – Kodacolor Ketchup – Riverdale, UT – Fujifilm X-T30 – Kodacolor Orange – South Ogden, UT – Fujifilm X-T30 – Kodacolor Playing With Fire – South Ogden, UT – Fujifilm X-T30 – Kodacolor Mastrena – South Weber, UT – Fujifilm X-T30 – Kodacolor Be The Light – Ogden, UT – Fujifilm X-T30 – Kodacolor Adidas – South Weber, UT – Fujifilm X-T30 – Kodacolor Balloon Maker – South Weber, UT – Fujifilm X-T30 – Kodacolor Standing In The Water Balloon Pool – South Weber, UT – Fujifilm X-T30 – Kodacolor Water Balloon Fight – South Weber, UT – Fujifilm X-T30 – Kodacolor Recording Summer Fun – South Weber, UT – Fujifilm X-T30 – Kodacolor Wearing Grandpa’s Hat – South Weber, UT – Fujifilm X-T30 – Kodacolor Johanna – South Weber, UT – Fujifilm X-T30 – Kodacolor Echo Canyon Morning Freight – Echo, UT – Fujifilm X-T30 – Kodacolor Freight Train At Echo – Echo, UT – Fujifilm X-T30 – Kodacolor Eastbound Freight Through Echo Canyon – Echo, UT – Fujifilm X-T30 – Kodacolor See also: Kodacolor, Part 2 Kodacolor for X-Trans II Nobody pays me to write the content found on fujixweekly.com. There's a real cost to operating and maintaining this site, not to mention all the time that I pour into it. If you appreciated this article, please consider making a one-time gift contribution. Thank you!",7691
fujifilm-x-trans-iii-x-t3-x-t30-film-simulation-recipe-kodacolor-vr,Kodacolor VR,Classic Chrome,2,Classic Chrome#2,"This Film Simulation Recipe was an experiment. I started out with my Fujicolor 100 Industrial recipe , but instead of using a cool White Balance with a warm White Balance Shift , I did the opposite: I used a warm White Balance with a cool shift. After many adjustments to various settings, this ended up not resembling the Fujicolor 100 Industrial recipe much at all, but it does have a great vintage print-film aesthetic that I really like. I wasn’t sure at first which film this recipe most closely resembled (since it wasn’t intended to mimic any specific film), although it seemed to have some similarities to Kodacolor VR. I already have a Kodacolor recipe ( plus a variant of it ), which does a great job at mimicking Kodacolor VR; this recipe and that one look somewhat similar, but definitely different. Then I ran across some pictures that looked very similar to the ones you see in this article, and it turned out that they were shot on Kodacolor VR film that had expired. So I think this recipe, while it does resemble Kodacolor VR, as well as ColorPlus 200 (which is a direct descendant of that film), it most closely looks like Kodacolor VR that’s been stored a little past its expiration date. Of course, one film can have many different looks, depending on how it was shot, developed, scanned and/or printed, and (in this case) stored, so this recipe serves as a nice alternative to my original Kodacolor recipe.",1427
fujifilm-x-trans-iii-x-t3-x-t30-film-simulation-recipe-vintage-kodacolor,Vintage Kodacolor,Classic Chrome,2,Classic Chrome#2,"This Film Simulation Recipe is called “Vintage Kodacolor” because I was inspired by some old Kodak Kodacolor puzzles that I stumbled across (did you know that Kodak made jigsaw puzzles?). I’m not completely certain which Kodacolor film was used for these puzzles—possibly Kodacolor II—or how much the printing process affected the aesthetic, or even how much the colors have faded and shifted over time. Whatever the case, this recipe does a pretty good job emulating it, and produces a warm vintage-like aesthetic that’s easy to appreciate. There’s some similarities between this and my Kodacolor II 126 recipe .",613
my-fujifilm-x-t30-kodacolor-ii-126-film-simulation-recipe,Kodacolor II 126,Classic Chrome,1,Classic Chrome#1,"Blooming Pink – Farmington, UT – Fujifilm X-T30 “Kodacolor II 126” A Fuji X Weekly reader asked me to recreate the look of some old family prints from the 1970’s that he found. After some investigating, it was determined that the pictures were captured on an Instamatic camera using 126 film (also called Kodapak). 126 film was basically 35mm film, except with a paper back and no sprockets (like 120 film), and in a cartridge that didn’t need to be rewound (similar to 110 film). It was intended for low-budget point-and-shoot cameras, and the cartridge made loading and unloading film easier. Basically, Instamatic was Kodak’s attempt to open up photography to the masses, as it required little to no skill or photographic background. It was very popular in the 1960’s and ’70’s, and became less popular in the 1980’s. A quirk of Instamatic cameras and 126 film is that it captured square pictures. It’s unknown what film was used on the pictures in question, but most likely it was Kodacolor II, which was by far the most popular color 126 film during the time that these pictures were captured. Kodacolor is a name that Kodak gave to a number of different color negative films going back to the 1940’s. Kodacolor II was the very first C-41 process film. It was introduced in 1972 and discontinued in 1981, replaced by Kodacolor VR, which is the film that my Kodacolor film simulation recipe resembles. The prints likely have some fading and color shifts due to age, but they appeared to be in good condition overall. Instamatic – Farmington, UT – Fujifilm X-T30 “Kodacolor II 126” This film simulation recipe, which I’ve called Kodacolor II 126 , is a bit unusual in that it is supposed to mimic a look that came from cheap cameras. It calls for Image Quality to be set to Normal instead of Fine (I normally use Fine). The only other recipe that I’ve done this with is my Kodak Elite Chrome 200 Color Fade . I keep the ISO high on this recipe to make it look more grainy. While I’ve done that with several black-and-white recipes, this is the first time I’ve done it with color. This is also the only recipe that calls for the 1:1 aspect ratio, although feel free to use 3:2 or 16:9 if you’d like. These settings pair well with vintage lenses, and if you “miss” focus a little sometimes, well, that just makes it resemble Instamatic even more. Classic Chrome Dynamic Range: DR200 Highlight: -1 Shadow: +3 Color: -4 Noise Reduction: -4 Sharpening: -4 Grain Effect: Strong Color Chrome Effect: Strong Image Quality: Normal Aspect Ratio : 1:1 White Balance: 6300K, +6 Red & +3 Blue ISO: 3200 – 6400 Exposure Compensation: 0 to +2/3 (typically) Example photographs, all camera-made JPEGs using this “Kodacolor II 126” film simulation recipe on my Fujifilm X-T30 : Polaroid Girl – Farmington, UT – Fujifilm X-T30 Lizard, Boy & Wall – Farmington, UT – Fujifilm X-T30 Boy in the Alley – Farmington, UT – Fujifilm X-T30 Two Cans – Farmington, UT – Fujifilm X-T30 Suburban House & Tree – Farmington, UT – Fujifilm X-T30 Suburban Trees & Distant Mountain – Farmington, UT – Fujifilm X-T30 Tree Top & Mountain Top – Farmington, UT – Fujifilm X-T30 Suburban April – Farmington, UT – Fujifilm X-T30 Robot in the Window – Farmington, UT – Fujifilm X-T30 Heart & Soul – Farmington, UT – Fujifilm X-T30 Wreath & Flowers – Farmington, UT – Fujifilm X-T30 White Paper – Farmington, UT – Fujifilm X-T30 Bowl on a Trike – Farmington, UT – Fujifilm X-T30 Hose & Elephant – Farmington, UT – Fujifilm X-T30 Concrete Path – Farmington, UT – Fujifilm X-T30 Little Colorful Chair – Farmington, UT – Fujifilm X-T30 Summer Chair – Farmington, UT – Fujifilm X-T30 Day Dreaming – Farmington, UT – Fujifilm X-T30 See also: Film Simulation Recipes Nobody pays me to write the content found on fujixweekly.com. There's a real cost to operating and maintaining this site, not to mention all the time that I pour into it. If you appreciated this article, please consider making a one-time gift contribution. Thank you!",3987
fujifilm-x-t30-x-t3-x-trans-iii-film-simulation-recipe-classic-kodak,Classic Kodak,Classic Chrome,2,Classic Chrome#2,"As I was beginning to put together my recent article, Which Film Simulation Recipes, When? — Part 2 (X-T3 & X-T30) , I realized that I didn’t have a lot of Film Simulation Recipes that use the Shade White Balance. Cameras that are older than the Fujifilm X-Pro3 cannot save a White Balance Shift with each C1-C7 Custom Preset; however, the camera will remember one shift with each white balance type, so if each C1-C7 Custom Preset uses a different white balance type , you won’t have to remember to adjust the shift, which improves the user experience. I realized that I needed another recipe that uses the Shade white balance type, so that’s where this recipe originated. Specifically, I set out to create a Film Simulation Recipe that could make a good option for “golden hour” or “midday” daylight photography—potentially a solid choice for C1 or C2 in your camera. I wanted it to have a classic Kodak aesthetic—perhaps a bit nostalgic, like from the 1970’s or 1980’s, maybe somewhat similar to Kodacolor—but not modeled after any specific film. Something classic and warm and clearly Kodak-like. I really like what I came up with, and I think many of you will, too! This “Classic Kodak” Film Simulation Recipe is compatible with the X-T3 and X-T30 cameras, and, because it doesn’t use Color Chrome Effect , it’s also compatible with X-Trans III models. To use this recipe on newer X-Trans IV (and X-Trans V) cameras, simply set Color Chrome FX Blue to Off, Clarity to 0, and choose a Grain size (either Small or Large). Classic Chrome Dynamic Range: DR400 Highlight: -2 Shadow: +1 Color: +4 Noise Reduction: -4 Sharpness: -1 Grain Effect: Strong Color Chrome Effect: Off White Balance: Shade, -1 Red & +2 Blue ISO: Auto up to ISO 6400 Exposure Compensation: +1/3 to +1 Below are all camera-made JPEGs captured using this “Classic Kodak” Film Simulation Recipe on my Fujifilm X-T30:",1886
my-fujifilm-x-t30-classic-slide-film-simulation-recipe,Classic Slide,Classic Chrome,2,Classic Chrome#2,"Winter Reeds – Farmington, UT – Fujifilm X-T30 “Classic Slide” A lot of my film simulation recipes lean towards a warm cast. In the film days, many different films, especially those by Kodak, tended to lean warm. I often used a warming filter for my landscape photography, which made an even more pronounced color cast. This was all very common and normal. But not all films were balanced that way, not even all of Kodak’s. Since films have a specific Kelvin temperature (often “daylight balanced”), the light conditions could create a cool cast even on a warm-toned film. I decided that I needed another film simulation option with a cool color cast, because film isn’t always warm, and sometimes the scene demands something that’s cool. I call this film simulation recipe “Classic Slide” because it has a slide-film aesthetic, in my opinion. I didn’t go about trying to mimic the look of any specific film. I think it’s in the neighborhood of Ektachrome 100G, or Elite Chrome 100, or Provia 100F and 400X, although it’s not an exact match to any of those films. It’s probably a bit closer to Provia than Ektachrome. It has a general color reversal film look, without matching any one in particular. Indoor Green – Farmington, UT – Fujifilm X-T30 “Classic Slide” To create this film simulation recipe I began with my Kodachrome 64 recipe . You might notice many similarities. In fact, the white balance shift is the biggest change. I adjusted Sharpness down one notch just because Kodachrome was known as a “sharp” film, and this isn’t Kodachrome, but, in reality, the difference between +1 and +2 is tiny . I also set Color Chrome Effect to Off, which makes it completely compatible with all X-Trans III & IV cameras. Classic Chrome Dynamic Range: DR400 Highlight: +1 Shadow: +2 Color: 0 Sharpening: +1 Noise Reduction: -4 Grain: Weak Color Chrome Effect: Off White Balance: Daylight, -2 Red & +3 Blue ISO: Auto up to ISO 6400 Exposure Compensation: +1/3 to +2/3 (typically) Example photographs, all camera-made JPEGs using this Classic Slide film simulation recipe on my Fujifilm X-T30 : Yellow Couch – Layton, UT – Fujifilm X-T30 Chair & Blue Pillow – Farmington, UT – Fujifilm X-T30 Green Leaves Indoors – Layton, UT – Fujifilm X-T30 Dresser Decor – Farmington, UT – Fujifilm X-T30 Laying in the Light – Farmington, UT – Fujifilm X-T30 Blinded by the Light – Farmington, UT – Fujifilm X-T30 Duck out of Water – Farmington, UT – Fujifilm X-T30 Crossing Flags – Farmington, UT – Fujifilm X-T30 Remaining Relic in Disrepair II – Farmington, UT – Fujifilm X-T30 Francis Peak in Evening Light – Farmington, UT – Fujifilm X-T30 Nobody pays me to write the content found on fujixweekly.com. There's a real cost to operating and maintaining this site, not to mention all the time that I pour into it. If you appreciated this article, please consider making a one-time gift contribution. Thank you!",2894
not-my-fujifilm-x-urban-vintage-chrome-film-simulation-recipe,Urban Vintage Chrome,Classic Chrome,2,Classic Chrome#2,"Refine – North Salt Lake, UT – Fujifilm X-T30 & Fujinon 90mm f/2 – “Urban Vintage Chrome” Fuji X Weekly reader Thomas Schwab recently shared with me a film simulation recipe that he created. He calls it “Urban Vintage Chrome” because it has a classic analog aesthetic, it’s based on the Classic Chrome film simulation, and it pairs especially well with urban scenes. I tried it out and was highly impressed with the results. Thomas agreed to let me share it on this blog, and even allowed me to use some of his pictures in the article. What the Urban Vintage Chrome recipe reminds me of is Bleach Bypass, which is a technique where, during development, you fully or partially skip the bleach. It increases contrast and grain and decreases saturation. The results can vary depending on the film used and how exactly it’s developed, but generally speaking this recipe produces a look that is similar to it, or at least the closest straight-out-of-camera that I’ve seen. It’s compatible with all Fujifilm X-Trans III and IV cameras. Hazy Rural Sunset – Woods Cross, UT – Fujifilm X-T30 & 90mm – “Urban Vintage Chrome” Classic Chrome Dynamic Range: DR200 Highlight: 0 Shadow: +2 Color: -4 Sharpening: 0 Noise Reduction: -4 Grain: Weak Color Chrome Effect: Off White Balance: 4300K, -1 Red & -3 Blue ISO: Auto, up to ISO 3200 Exposure Compensation: +1/3 to +2/3 (typically) I want to give big “thank you” to Thomas for sharing this recipe and allowing me to use some of his photographs in this article. I really appreciate it! Be sure to show your appreciation in the comments! Example photographs using this film simulation recipe: Freiburg im Breisgau, Germany – Fujifilm X100F – Photo by Thomas Schwab Freiburg im Breisgau, Germany – Fujifilm X-T2 & Fujinon 35mm f/2 – Photo by Thomas Schwab Freiburg im Breisgau, Germany – Fujifilm X100F – Photo by Thomas Schwab Freiburg im Breisgau, Germany – Fujifilm X100F – Photo by Thomas Schwab Freiburg im Breisgau, Germany – Fujifilm X100F – Photo by Thomas Schwab Freiburg im Breisgau, Germany – Fujifilm X100F – Photo by Thomas Schwab Creek Ducks – Salt Lake City, UT – Fujifilm X-T30 & 90mm Green Locomotive – North Salt Lake, UT – Fujifilm X-T30 & 90mm Oil Toil – North Salt Lake, UT – Fujifilm X-T30 & 90mm Tracks By The Refinery – North Salt Lake, UT – Fujifilm X-T30 & 90mm Gate Arm Nut – North Salt Lake, UT – Fujifilm X-T30 & 90mm CF Trailer – Salt Lake City, UT – Fujifilm X-T30 & 90mm Hidden Wall Street – Salt Lake City, UT – Fujifilm X-T30 & 90mm Nobody pays me to write the content found on fujixweekly.com. There's a real cost to operating and maintaining this site, not to mention all the time that I pour into it. If you appreciated this article, please consider making a one-time gift contribution. Thank you!",2768
my-fujifilm-x-t30-fujicolor-100-industrial-film-simulation-recipe,Fujicolor 100 Industrial,PRO Neg,3,PRO Neg#3,"Urban Binding – SLC, UT – Fujifilm X-T30 – “Fujicolor 100 Industrial” I get asked frequently to create different film simulation recipes , and I always put some consideration into those requests. I don’t get around to attempting all of them, although I do attempt many, but I at least think about how I might create a certain look. Even if I do attempt it, I’m not usually successful, as it just doesn’t look right quite often, so I go back to the drawing board when time and inspiration allows. On rare occasions I’m able to create a certain aesthetic quickly and easily. This recipe falls into the latter category. I have to be honest, when I was asked to create a recipe to mimic the look of Fujicolor 100 Industrial film, I had never heard of it and knew absolutely nothing about it. I had to do some research on this film, and I found lots of good and helpful information. As it turns out, Fujicolor 100 Industrial is a negative film only sold in bulk in Japan, although you can purchase it from some camera stores who sell it individually. It’s actually re-branded Fujicolor 100, well, the Japanese version of Fujicolor 100, which is not the same film as Fujicolor 100 in America, although they’re similar to each other. Something interesting about Fujicolor 100 Industrial (and Fujicolor 100 Japan, which is the same film) is that it has a Tungsten emulsion (with a Kelvin temperature of 3200), but it is daylight balanced because the dye colors have been shifted to account for the cooler temperature. Weird, huh? Well, it turns out that you can do the same thing in your Fujifilm camera using white balance shift , and it creates a similar aesthetic. Backyard Daisy – South Weber, UT – Fujifilm X-T30 – “Fujicolor 100 Industrial” I find that this recipe is especially good in higher-contrast scenes, although it can still deliver interesting results in lower-contrast scenes. It’s a milder recipe that doesn’t have a lot of saturation, although sometimes just the right amount, and it handles shadows and highlights well. It creates lovely pictures that are soft and not bold. It needs the right subject and light to stand out, but it can look really great in the right situations. It definitely has a low-ISO print-film quality to it, and resembles Fujicolor 100 Industrial film surprisingly well. PRO Neg. Std Dynamic Range: DR400 Highlight: +1 Shadow: +2 Color: +1 Color Chrome Effect: Weak Sharpening: +2 Noise Reduction: -4 Grain Effect: Weak White Balance: 3200K, +8 Red & -8 Blue ISO: Auto up to ISO 6400 Exposure Compensation: +1/3 to +2/3 (typically) Sample photographs, all camera-made JPEGs, captured with a Fujifilm X-T30 using this Fujicolor 100 Industrial recipe: US Bike Lane – SLC, UT – Fujifilm X-T30 Twilight Temple – SLC, UT – Fujifilm X-T30 Broadway Me – SLC, UT – Fujifilm X-T30 Three Stories – SLC, UT – Fujifilm X-T30 Boston Building Reflection – SLC, UT – Fujifilm X-T30 The Corporate Ladder – SLC, UT – Fujifilm X-T30 Their Bank – SLC, UT – Fujifilm X-T30 Urban Sunset – SLC, UT – Fujifilm X-T30 Partial Loaf – SLC, UT – Fujifilm X-T30 Purple Zebra – SLC, UT – Fujifilm X-T30 Leaves In The Sky – South Weber, UT – Fujifilm X-T30 Partly Cloudy – South Weber, UT – Fujifilm X-T30 Rosebud Sky – South Weber, UT – Fujifilm X-T30 In Case of Fire – South Weber, UT – Fujifilm X-T30 Watching Television – South Weber, UT – Fujifilm X-T30 Little Feet – South Weber, UT – Fujifilm X-T30 Donut Eater – South Weber, UT – Fujifilm X-T30 Plastic Hand – SLC, UT – Fujifilm X-T30 Nobody pays me to write the content found on fujixweekly.com. There's a real cost to operating and maintaining this site, not to mention all the time that I pour into it. If you appreciated this article, please consider making a one-time gift contribution. Thank you!",3766
my-fujifilm-x-t30-lomography-color-100-film-simulation-setting,Lomography Color 100,Velvia,-1,,"Misty Mountain Sunset – Layton, UT – Fujifilm X-T30 – “Color 100” Several different Fuji X Weekly readers have asked me to create a film simulation recipe based on Lomography Color 100 film. Lomography is essentially low-fi film photography, and it’s also the name of a company that sells cameras and film. One of their negative films is Color 100. It’s a popular film among lomographers, but even those who wouldn’t consider themselves a part of the lomography movement have taken notice of it. I’ve never used this particular film myself, as it didn’t exist when I shot a lot of film, so I only had the internet to assist me with creating this recipe. Besides the fact that I don’t have any first-hand experience with this film, another big hurdle for creating these settings was the film itself. As I researched it, I discovered that Lomography Color 100 film isn’t one single emulsion. In fact, at least two, possibly three, and maybe even four different emulsions have been sold under the name Lomography Color 100! At least two of those, and maybe all of them, are Kodak films. Lomography bought these emulsions at a discount, either because too much was manufactured and the film was approaching its expiration, or because it didn’t pass quality control, and Kodak sold their unwanted film cheaply to Lomography. Which films, you ask? Gold 100 and Pro Image 100, for sure. Ektar 100 possibly. The fourth, if there is a fourth, would be a non-Kodak film, possibly Fujifilm Fujicolor 100, but there’s a good chance that a fourth emulsion for Color 100 never happened. Curious – South Weber, UT – Fujifilm X-T30 – “Color 100” Another hurdle with this film simulation recipe is that a lot of people use alternative techniques with Color 100, such as push-process. There’s a big variety with how it’s typically handled by photographers, which makes creating a look that resembles Color 100 quite difficult. Results may vary would be the best description of the film. Despite that, I do believe that this recipe is in the neighborhood of the film, and those looking for an aesthetic that’s close to Color 100 film will appreciate this facsimile of it. Velvia Dynamic Range: DR400 Highlight: +1 Shadow: +1 Color: -3 Noise Reduction: -4 Sharpening: +1 Grain Effect: Weak Color Chrome Effect: Weak White Balance: Cloudy/Shade, -3 Red & +7 Blue ISO: Auto, up to ISO 6400 Exposure Compensation: +1/3 to +2/3 Example photographs, all camera-made JPEGs using this Color 100 film simulation recipe on my Fujifilm X-T30 : Yellow Cottonwood – South Weber, UT – Fujifilm X-T30 Morning Yellow – South Weber, UT – Fujifilm X-T30 Cold Backyard Autumn – South Weber, UT – Fujifilm X-T30 Red Tree Snowfall – South Weber, UT – Fujifilm X-T30 Ball Hitter – South Weber, UT – Fujifilm X-T30 Girl In Bright Sunlight – South Weber, UT – Fujifilm X-T30 Red Autumn Leaves – Riverdale, UT – Fujifilm X-T30 Backyard October Winter – South Weber, UT October Snow – South Weber, UT – Fujifilm X-T30 Ice Cold Leaf – South Weber, UT – Fujifilm X-T30 Camera Shelf – South Weber, UT – Fujifilm X-T30 R Decor – South Weber, UT – Fujifilm X-T30 See also: My Film Simulation Recipes Nobody pays me to write the content found on fujixweekly.com. There's a real cost to operating and maintaining this site, not to mention all the time that I pour into it. If you appreciated this article, please consider making a one-time gift contribution. Thank you!",3417
my-fujifilm-x-t30-velvia-film-simulation-recipe,Velvia,Velvia,-1,,"Mesa Trail – Castle Valley, UT – Fujifilm X-T30 – Velvia I already have a Velvia film simulation recipe . I’ve been using it for about a year-and-a-half now and I like the recipe. It’s designed for X-Trans III cameras. With the Fujifilm X-T30, which has the new sensor and processor, including the new Color Chrome Effect , I decided to revisit Velvia. Can I make Velvia better on an X-Trans IV camera? I don’t know if this recipe is better than the old one. It’s a little bolder with slightly more contrast and color saturation. It’s probably a little more accurate to Velvia 100 than the old recipe, and a tad closer to Velvia 50, too. I do like this recipe more than the original, but the old one has its place, too. I don’t think this replaces the old recipe, but more supplements it when the situation calls for something punchier. Red Mesa – Castle Valley, UT – Fujifilm X-T30 – Velvia I have grain effect set to weak on this recipe, but I only like to have grain on when using ISO 1600 or below. Above that the digital noise acts as a grain effect, so I like to turn the grain effect off when working with higher ISOs. Depending on the image, +4 color can sometimes look better, so don’t be afraid to bump that up when needed, but I think +3 works best as the standard setting. This recipe has a stronger shadow setting than the old one, and if you find that there’s too much contrast, simply set Shadow to 0. The original Velvia recipe called for DR200, but I went with DR-Auto on this one. If you’d prefer to use DR200 instead of auto, feel free to do so. Velvia Dynamic Range: DR-Auto Highlight: 0 Shadow: +1 Color: +3 Noise Reduction: -4 Sharpening: +2 Grain Effect: Weak Color Chrome Effect: Strong White Balance: Auto, +1 Red & -1 Blue ISO: Auto up to ISO 6400 Exposure Compensation: +1/3 to +2/3 (typically) Example photographs, all camera-made JPEGs, captured using a Fujifilm X-T30 with this film simulation recipe : Rock Balanced – Arches NP, UT – Fujifilm X-T30 – Velvia North Window Arch – Arches NP, UT – Fujifilm X-T30 – Velvia Red Hill – Castle Valley, UT – Fujifilm X-T30 – Velvia Castles To The Sky – Castle Valley, UT – Fujifilm X-T30 – Velvia Water & Stone – Moab, UT – Fujifilm X-T30 – Velvia Cactus Noon – Moab, UT – Fujifilm X-T30 – Velvia Dead Tree Point – Dead Horse Point, SP, UT – Fujifilm X-T30 – Velvia Desert River – Dead Horse Point SP, UT – Fujifilm X-T30 – Velvia Peak Through The Thin Clouds – South Weber, UT – Fujifilm X-T30 – Velvia Sunset Red Mountain – South Weber, UT – Fujifilm X-T30 – Velvia Nobody pays me to write the content found on fujixweekly.com. There's a real cost to operating and maintaining this site, not to mention all the time that I pour into it. If you appreciated this article, please consider making a one-time gift contribution. Thank you!",2807
fujifilm-x-t30-x-trans-iv-film-simulation-recipe-velvia-v2,Velvia v2,Velvia,-1,,"I’ve been wanting to create a new Velvia recipe for awhile now. The previous version is bold, but sometimes produces too much contrast. This recipe is actually a little closer to my original Velvia recipe , but with even less contrast yet with more saturation. This Velvia v2 recipe doesn’t closely mimic any specific version of Velvia film, yet it still retains an overall Velvia-like aesthetic. Velvia is a high-saturation, low-ISO color reversal (slide) film introduced in 1990. I’ve shot many rolls of it, mostly the original ISO 50 version, but also the “new” Velvia 50, Velvia 100F and Velvia 100 emulsions. Of those films, this recipe is probably closest to Velvia 100, but not exactly like it. This film simulation recipe is intended for the Fujifilm X-T30 and X-T3 cameras. If you have “newer” X-Trans IV cameras, you might consider Color Chrome Effect Blue set to Weak, Grain set to Weak and Small, and Clarity set to +2 perhaps. If you have an X-Trans III camera, which doesn’t have Color Chrome Effect, you can still use this recipe, but the results will be slightly different. Those with GFX cameras can also use this recipe, and it will look very close but not exactly the same. Velvia Dynamic Range: DR200 Highlight: -1 Shadow: -1 Color: +4 Noise Reduction: -4 Sharpening: 0 Grain Effect: Weak Color Chrome Effect: Strong White Balance: Auto, 0 Red & 0 Blue ISO: Auto up to ISO 6400 Exposure Compensation: +1/3 to +1 (typically) Example photographs, all camera-made JPEGs, captured using a Fujifilm X-T30 with this Velvia v2 film simulation recipe:",1563
my-fujifilm-x-t30-redscale-film-simulation-recipe,Redscale,Astia,-1,,"Red Hill – South Weber, UT – Fujifilm X-T30 – “Redscale” Redscale is a photographic technique where you shoot film backwards. Instead of shooting the film through the front, you shoot it through the backside. In order to do this, one must load the film into the canister backwards, or buy film that’s already been purposefully loaded backwards. Normally, in color negative film, the red layer is exposed last, for the light has passed through other layers and filters before it reaches it. When you shoot from the wrong side, light hits the red layer first. The results can be quite unique! What’s interesting about Redscale photography is that the results can vary greatly, depending on the film, exposure and development. Most commonly, Redscale images have a strong maroon, red, orange or yellow color cast. Sometimes the color cast can be extraordinarily bold and sometimes it can be quite subtle. Even one roll of film can produce different looks depending on the light and how it was shot. Generally speaking, darker images tend to be more red and brighter images tend to be more yellow, but there are certainly exceptions to that. A Redscale image is easy to spot when you see one, but it can be difficult to strictly define the aesthetic. Peach Morning – South Weber, UT – Fujifilm X-T30 – “Redscale” I was asked by Fuji X Weekly reader Aycan Gonenc to create a Redscale film simulation . He had developed one already and shared his settings with me, but was hoping that I might make some improvements. I made some changes and adjustments and the results are this recipe, so it is a collaborative effort. What I will say is that the settings can be adjusted considerably, and one can still achieve a Redscale look. Simply change the film simulation from Astia to something else and you will create a different Redscale look. The white balance can be dropped to as low as 7700K, and the shift can have blue added or subtracted. Any of the settings can be adjusted to taste. These settings are only what I felt would produce a good Redscale facsimile, and I believe it does that. Astia Dynamic Range: DR200 Highlight: +1 Shadow: +2 Color: -2 Noise Reduction: -4 Sharpening: -2 Grain Effect: Strong Color Chrome Effect: Strong White Balance: 10000K, +9 Red & 0 Blue ISO: Auto up to ISO 6400 Exposure Compensation: -1/3 to +1/3 (typically) Example photographs, all camera-made JPEGs captured using my Redscale film simulation recipe on a Fujifilm X-T30 : Building Sky – South Weber, UT – Fujifilm X-T30 Cloud Around The Ridge – South Weber, UT – Fujifilm X-T30 Red Mountain – South Weber, UT – Fujifilm X-T30 Overcast Ridge – South Weber, UT – Fujifilm X-T30 Clouds Floating Above The Mountain – South Weber, UT – Fujifilm X-T30 Orange Hill Under Red Sky – South Weber, UT – Fujifilm X-T30 Westbound I-84 – Peterson, UT – Fujifilm X-T30 Evening Freight – Henefer, UT – Fujifilm X-T30 Wood Fence Roses – South Weber, Utah – Fujifilm X-T30 Red Rose Fence – South Weber, UT – Fujifilm X-T30 Really Red Rose – South Weber, UT – Fujifilm X-T30 Pink Bud – South Weber, UT – Fujifilm X-T30 Floral Red – Ogden, UT – Fujifilm X-T30 Yellow Rose Gold – Ogden, UT – Fujifilm X-T30 Daisy Red – South Weber, UT – Fujifilm X-T30 Small Wild Blossoms – South Weber, UT – Fujifilm X-T30 Corner Trunk – South Weber, UT – Fujifilm X-T30 T is for Tree – Ogden, UT – Fujifilm X-T30 An American Home – South Weber, UT – Fujifilm X-T30 299 – Coalville, UT – Fujifilm X-T30 Red Engineer – South Weber, UT – Fujifilm X-T30 Continental Bike Tire – Ogden, UT – Fujifilm X-T30 Red Window – South Weber, Utah – Fujifilm X-T30 Night Window – South Weber, UT – Fujifilm X-T30 Red Cross – Layton, UT – Fujifilm X-T30 Tree Top – South Weber, UT – Fujifilm X-T30 Sunlit Leaf – South Weber, UT – Fujifilm X-T30 Russian Red – South Weber, UT – Fujifilm X-T30 Bolsey Orange – South Weber, UT – Fujifilm X-T30 Red Birds – South Weber, UT – Fujifilm X-T30 Red Eye Horse – South Weber, UT – Fujifilm X-T30 Girl & Hungry Horse – South Weber, UT – Fujifilm X-T30 Cat Cone – South Weber, UT – Fujifilm X-T30 Tractor Mirror – South Weber, UT – Fujifilm X-T30 Stucco Lamp – South Ogden, UT – Fujifilm X-T30 Iced Coffee Cups – South Weber, UT – Fujifilm X-T30 Nobody pays me to write the content found on fujixweekly.com. There's a real cost to operating and maintaining this site, not to mention all the time that I pour into it. If you appreciated this article, please consider making a one-time gift contribution. Thank you!",4484
my-fujifilm-x-t30-cross-process-film-simulation-recipe,Cross Process,Classic Chrome,2,Classic Chrome#2,"Pot in the Sky – Farmington, UT – Fujifilm X-T30 “Cross Process” My last film simulation recipe was modeled after a look by photographer Jeff Davenport. Jeff has several different aesthetics, depending on his project. His Venice Beach Canals series has an interesting look that I wanted to attempt. I recognized right away the “look” that he created: orange and teal. Early color photography used two color layers (instead of three), orange-red and blue-teal. Digital software can mimic this aesthetic, and the strength of it can be adjusted. Exposure X5 software has a one-click preset for it. Jeff has customized his images to where both orange and pink lean towards peach. I had a few ideas of how to create this look in-camera on my Fujifilm X-T30 . I tried out those ideas and did some experiments, but unfortunately none of them worked. What you see here is the closest that I came to recreating Jeff’s Venice Beach Canals aesthetic. It’s not especially close, but I like it nonetheless. What this recipe actually reminds me of is Provia or Sensia cross processed. Cross processing color reversal film in C-41 chemicals isn’t uncommon. I’ve done it several times myself. I’ve already created a cross process film simulation recipe , but that recipe and this one produce somewhat different looks, despite both emulating cross processed film. Riding Around the Cones – Farmington, UT – Fujifilm X-T30 “Cross Process” When I created this film simulation recipe, I didn’t intend for it to look cross processed. It was after the fact that I decided it resembled that analog effect. If I wanted it to more resemble cross processed film, I’d probably set Grain to Strong, and consider setting Shadows to 0; however, I do like the results from the recipe as-is. Feel free to adjust it to your own personal preferences. This recipe is compatible with X-Trans III & IV cameras. Classic Chrome Dynamic Range: DR400 Highlight: +4 Shadow: -1 Color: +3 Noise Reduction: -4 Sharpness: +1 Grain Effect: Weak Color Chrome Effect: Off White Balance: 7700K, -8 Red & -3 Blue ISO: Auto, up to ISO 6400 Exposure Compensation: -1/3 to -2/3 (typically) Example photographs, all camera-made JPEGs using this Cross Process film simulation recipe on my Fujifilm X-T30: Cloud over Apex – Farmington, UT – Fujifilm X-T30 Four Garages – Farmington, UT – Fujifilm X-T30 Bike & Cones – Farmington, UT – Fujifilm X-T30 Roofline & Siding – Farmington, UT – Fujifilm X-T30 Bike Park Bench – Farmington, UT – Fujifilm X-T30 Tennis Racket – Farmington, UT – Fujifilm X-T30 Razor – Farmington, UT – Fujifilm X-T30 Self Shadow – Farmington, UT – Fujifilm X-T30 Pedaling Around – Farmington, UT – Fujifilm X-T30 Reeds Cross Process – Farmington, UT – Fujifilm X-T30 See also: Film Simulation Recipes Nobody pays me to write the content found on fujixweekly.com. There's a real cost to operating and maintaining this site, not to mention all the time that I pour into it. If you appreciated this article, please consider making a one-time gift contribution. Thank you!",3034
xpro-fujifilm-x-trans-iii-x-t3-x-t30-film-simulation-recipe,XPro,Classic Chrome,2,Classic Chrome#2,"This Xpro Film Simulation Recipe came about after some experiments with white balance and shifts . It went through several iterations before I settled on these settings. The results remind me of cross-processed Fujichrome Sensia or perhaps Elite Chrome. Cross processing film (also called Xpro) is developing it in chemistry that it wasn’t intended to be developed in, most commonly color slide film (E6) in color negative film (C41) chemistry. Different films can give different results when cross processed. I have several other cross-process inspired Film Simulation Recipes ( here , here , here , and here ); this one is simply a little different aesthetic.",661
my-fujifilm-x-t30-acros-film-simulation-recipe-agfa-apx-400,Agfa APX 400,Acros,0,Acros#0,"Cloud Over The White Ridge – South Weber, UT – Fujifilm X-T30 – Acros I made a new Acros recipe! I’ve been playing around lately with the Acros settings on my Fujifilm X-T30 , trying to create a certain look (which I’m still working on), and I stumbled upon some interesting settings. I tried them out for a few days and wanted to share my findings with you. I think some of you might like this one! This recipe is not intended to mimic the look of any particular film, but it’s in the neighborhood of a couple different black-and-white stocks. The closest might be Agfa APX 400 (the newer version), but it’s not an exact match for that film. I don’t think it really matters if it’s an exact match or not, it has an analog black-and-white look that’s easy to appreciate! Shopping Carts – Farmington, UT – Fujifilm X-T30 – Acros The idea behind this film simulation recipe is to have a lower-contrast option that doesn’t look flat. It seems to be especially well suited for high-contrast scenes, but there’s a certain beauty in low-contrast scenes where it produces almost a faded aesthetic. This Acros recipe is really great for certain situations, and it’s one of my favorite Acros recipes that I’ve created. If you don’t have an X-Trans IV camera, you can still use this recipe, except you can’t use Color Chrome Effect or Toning , so the results will be slightly different, but still very similar. Acros ( Acros+Y, Acros+R, Acros+G ) Dynamic Range: DR400 Highlight: -2 Shadow: +4 Noise Reduction: -4 Sharpening: +4 Grain Effect: Weak Color Chrome Effect: Strong Toning: +1 (warm) ISO: Auto up to ISO 12800 Exposure Compensation: +2/3 to +1-1/3 (typically) Example photographs, all camera-made JPEGs using this recipe on the Fujifilm X-T30: Frozen Reservoir – Causey Reservoir, UT – Fujifilm X-T30 – Acros Mid Morning Mountain – South Weber, UT – Fujifilm X-T30 – Acros Head In The Clouds – Ogden Canyon, UT – Fujifilm X-T30 – Acros Mountain Obscured – South Weber, UT – Fujifilm X-T30 – Acros Reaching For Grass – South Weber, UT – Fujifilm X-T30 – Acros Jo by a Window – South Weber, UT – Fujifilm X-T30 – Acros Girl Sitting – South Weber, UT – Fujifilm X-T30 – Acros Bread Cutting – South Weber, UT – Fujifilm X-T30 – Acros The Course Toward – Farmington, UT – Fujifilm X-T30 – Acros Asleep – Farmington, UT – Fujifilm X-T30 – Acros Couch – South Weber, UT – Fujifilm X-T30 – Acros Three Vases By A Window – South Weber, UT – Fujifilm X-T30 – Acros White Flower Bouquet – South Weber, UT – Fujifilm X-T30 – Acros Dead Rose Leaves – South Weber, UT – Fujifilm X-T30 – Acros Hiding Hydrant – Farmington, UT – Fujifilm X-T30 – Acros Nobody pays me to write the content found on fujixweekly.com. There's a real cost to operating and maintaining this site, not to mention all the time that I pour into it. If you appreciated this article, please consider making a one-time gift contribution. Thank you!",2902
my-fujifilm-x-t30-monochrome-kodachrome-film-simulation-recipe,Monochrome Kodachrome,Acros,0,Acros#0,"Light on the Wall – Farmington, UT – Fujifilm X-T30 “Monochrome Kodachrome” Kodachrome was a black-and-white film. No, really, it was! The color dyes were actually added during development. The process to develop Kodachrome color transparencies was complex and toxic. As demand for the film decreased and Kodak experienced financial troubles, both the film and the chemicals to develop it were discontinued. If you still have some undeveloped Kodachrome film sitting around, there’s absolutely no place in the world that can process it; that is, except as black-and-white negatives. It’s true: Kodachrome can be developed to this day as a black-and-white film! While I think that this recipe does more-or-less mimic the look of Kodachrome developed as black-and-white, that’s not necessarily the intent of it. This recipe began as an experiment by Fuji X Weekly reader Thomas Schwab , who created the Urban Vintage Chrome recipe . He took my Vintage Kodachrome recipe and replaced the Classic Chrome film simulation with Acros, Monochrome and Sepia, and the results were quite interesting! I made a couple of minor adjustments to create this recipe. This is definitely a joint effort, and it wouldn’t exist without Thomas Schwab’s experiments and willingness to share the results. Thank you! Window & Blinds – Layton, UT – Fujifilm X-T30 “Monochrome Kodachrome” What I like about this Monochrome Kodachrome film simulation recipe is that it has a great film-like quality to it. This recipe pairs especially well with vintage lenses (I used an Asahi Super-Takumar 28mm for about half of these pictures). Even though it says “Fujifilm X-T30” in the title, it can be used on any X-Trans III & IV camera. You can also use this same recipe with the Monocrome+R film simulation, for a slightly different result. Acros+R Dynamic Range: DR200 Highlight: +4 Shadow: -2 Noise Reduction: -4 Sharpening: +1 Grain Effect: Strong Color Chrome Effect: Off Toning: 0 White Balance: AWB, 0 Red & +9 Blue ISO: Auto, ISO 3200 to ISO 12800 Exposure Compensation: -1/3 to +2/3 (typically) Example photographs, all camera-made JPEGs using this Monochrome Kodachrome film simulation recipe on my Fujifilm X-T30 : Roman – Farmington, UT – Fujifilm X-T30 Cleaning Cart – Farmington, UT – Fujifilm X-T30 Fake Potted Plant – Farmington, UT – Fujifilm X-T30 Tree Shadow on a Brick Wall – Farmington, UT – Fujifilm X-T30 Small Bridge – Farmington, UT – Fujifilm X-T30 Rural Road – Farmington, UT – Fujifilm X-T30 Monochrome Mountain Landscape – Farmington, UT – Fujifilm X-T30 B&W Reeds – Farmington, UT – Fujifilm X-T30 Tennis Swing – Farmington, UT – Fujifilm X-T30 Engaged In Television – Farmington, UT – Fujifilm X-T30 Little Jo – Farmington, UT – Fujifilm X-T30 Hand Washing – Farmington, UT – Fujifilm X-T30 Faceless – Farmington, UT – Fujifilm X-T30 Muffins – Farmington, UT – Fujifilm X-T30 Pronto! – Farmington, UT – Fujifilm X-T30 Daylight Balanced – Farmington, UT – Fujifilm X-T30 See also: Film Simulation Recipes Nobody pays me to write the content found on fujixweekly.com. There's a real cost to operating and maintaining this site, not to mention all the time that I pour into it. If you appreciated this article, please consider making a one-time gift contribution. Thank you!",3266
my-fujifilm-x-t30-ilford-hp5-plus-400-push-process-film-simulation-recipe,Ilford HP5 Push Process,Acros,0,Acros#0,"It’s better to be lucky than good. This film simulation recipe was a mistake. I discovered it when I accidentally chose ISO 51200 instead of Auto-3 ISO. In my hurry, I scrolled down one too far, which took me from the bottom to the top, and I didn’t notice that I had inadvertently selected the highest possible ISO. I wouldn’t normally, or really ever, use ISO 51200. Even on most full-frame cameras, that high of an ISO is pushing the capabilities of the camera. It’s beyond what most would ever think of using on an APS-C camera. I’ve often wondered why Fujifilm even made it an option. Yet on Memorial Day I made a few exposures with it, not even realizing it. Memorials – South Ogden, UT – Fujifilm X-T30 – ISO 51200 Little Flags – South Ogden, UT – Fujifilm X-T30 – ISO 51200 When I reviewed the images that I had captured, I was reminded of some photographs I made four years ago when I pushed a roll of Ilford HP5 Plus 400 film by one stop. Push-processing is a technique where you underexpose film and increase the development time to make up for it. You are essentially increasing the exposure in the lab using chemicals. The result is a higher-contrast image with more pronounced grain. Sometimes you would do this because the ISO of the film wasn’t high enough to make a good exposure, and sometimes you’d do this just for the aesthetics of it. Different films respond differently to push-processing, and different films have different tolerances to how much they can be pushed. While HP5 Plus is a good film, it’s not typically considered one of the best for push-processing, but the results can still be good, especially if you don’t push it too much. Here are some push-processed Ilford HP5 Plus 400 pictures that I captured several years back: Whiskey Pete’s – Primm, NV – FED 5c – Ilford HP5 Plus 400 Pushed 1 Stop Grand View – Las Vegas, NV – FED 5c – Ilford HP5 Plus 400 Pushed 1 Stop I-15 Travelers – Las Vegas, NV – Ilford HP5 Plus 400 Pushed 1 Stop After seeing the ISO 51200 results from my Fujifilm X-T30 , I decided to make some more ultra-high ISO black-and-white pictures. What I discovered is that for contrasty and grainy B&W pictures, ISO 51200 on the X-T30 is not only usable, but it can produce film-like results that are similar to push-processed Ilford HP5 Plus 400 film. A negative aspect of ISO 51200 is that it can sometimes produce “smudgy” results, especially in grass. It doesn’t always do that, but it sometimes does, so I would say that this maximum ISO should be used with care. Taking the ISO down one stop to 25600 seems to remedy this, and delivers similar results to the higher ISO images. ISO 12800 is almost not grainy or contrasty enough, but it’s very close and is also usable for this recipe should you need to drop the ISO. You might notice that this recipe is quite similar to my Tri-X Push Process recipe , mostly just a higher ISO and added grain. I like that recipe a lot and I think it also delivers analog-like results. Even though it’s based on the same film, there are several differences between this recipe and my original Ilford HP5 Plus recipe . This one is much less “clean” and is fun to pair with vintage lenses . Also, this recipe can be used on X-Trans III cameras, except (obviously) you ignore Color Chrome Effect. I tried it on an X-T20 and it looked good, even at ISO 51200 (see the very top picture in this article). Acros (Acros+Y, Acros+R, Acros+G) Dynamic Range: N/A Highlight: +3 Shadow: +4 Noise Reduction: -4 Sharpening: -2 Grain Effect: Strong Color Chrome Effect: Strong Toning: 0 (off) ISO: 25600 or 51200 Exposure Compensation: +1/3 (typically) Example photographs, all camera-made JPEGs captured using my Ilford HP5 Plus 400 Push-Process Film Simulation recipe: Home Builder – South Weber, UT – Fujifilm X-T30 Crop from the above ISO 51200 image. Exchanging Money – South Weber, UT – Fujifilm X-T30 Crop from the above ISO 51200 image. Can Money Buy Happiness? – South Weber, UT – Fujifilm X-T30 Girl Playing A Game – South Weber, Utah Chance Taker – South Weber, UT – Fujifilm X-T30 Thinker – South Weber, UT – Fujifilm X-T30 Birds In The Kitchen – South Weber, UT – Fujifilm X-T30 River Tree – Layton, UT – Fujifilm X-T30 Riverbank – Layton, UT – Fujifilm X-T30 Grey Flowers – South Weber, UT – Fujifilm X-T30 Hiding Grey Flowers – South Weber, UT – Fujifilm X-T30 White Bloom – Layton, UT – Fujifilm X-T30 Dark Cloud Over The Dark Mountain – South Weber, UT – Fujifilm X-T30 Bulldog – Uintah, UT – Fujifilm X-T30 Oil Change – Uintah, UT – Fujifilm X-T30 See also: My Film Simulation Recipes Nobody pays me to write the content found on fujixweekly.com. There's a real cost to operating and maintaining this site, not to mention all the time that I pour into it. If you appreciated this article, please consider making a one-time gift contribution. Thank you!",4847
not-my-fujifilm-x-t30-ilford-delta-push-process-film-simulation-recipe,Ilford Delta Push Process,Monochrome,-1,,"Boy in a Chair with a Phone – Farmington, UT – Fujifilm X-T30 “Ilford Delta Push-Process” When I shot film, Ilford Delta was my go-to for black-and-white photography. Sure, I used other films, but Ilford Delta was what I most often loaded into my camera. For fine-grain, I used Delta 100. For situations other than bright daylight, or if I wanted more contrast and grittiness, I would choose Delta 400. For dim light, I would on a rare occasion use Delta 3200. Sometimes I would push-process the Delta 100 and Delta 400 a stop or two. I actually still have a couple rolls of Delta film sitting around, although I haven’t shot much film in the last few years. The last roll of Ilford Delta that I shot was Delta 3200. Something that people might not be aware of is that Delta 3200 is actually not an ISO 3200 film, it’s actually rated at ISO 1000, but has “built-in” push-processing to ISO 3200 (labs know to increase the development time unless you specify otherwise). Ilford Delta films have a lot of latitude and flexibility. There’s a lot that one can do in the lab with any of the Ilford Delta films to customize the contrast and grain. Fuji X Weekly reader K. Adam Christensen shared with me his film simulation recipe for Ilford Delta 3200, and I really like the way that his recipe looks. It’s a great black-and-white recipe! I made a couple of small tweaks to it, nothing big. Adam uses this recipe on his X100V, and he sets Grain to Large, which is an option on that camera, as well as the X-Pro3 and X-T4, but not on my X-T30. If I could set Grain to Large I would, as that would better mimic Delta 3200. Without it, perhaps these settings more resemble Delta 3200 shot and developed at ISO 1600. It reminds me of Delta 400 pushed one stop or maybe a stop and a half. White House Beyond the Thistle – Farmington, UT – Fujifilm X-T30 “Ilford Delta Push-Process” I have the ISO on this recipe set at 12800, which makes it difficult (but not impossible) to use in daylight situations. It’s a little easier on X100 cameras that have a built-in neutral density filter . If you need to drop the ISO, you can go as low as ISO 3200 and still get good results, but for best results keep the ISO at 12800 as much as possible. All of the pictures in this article were shot at ISO 12800. Monochrome ( +Y, +R, +G ) Dynamic Range: DR400 Highlight: 0 Shadow: +3 Grain: Strong Color Chrome Effect: Off Toning: 0 Sharpening: -3 Noise Reduction: -4 Exposure Compensation: +1/3 to +2/3 (typically) ISO 12800 Example photographs, all camera-made JPEGs using this Ilford Delta Push-Process film simulation recipe on my Fujifilm X-T30 : FED 5C & Industar 69 – Farmington, UT – Fujifilm X-T30 Phone Numbers – Farmington, UT – Fujifilm X-T30 Girl, Smile – Farmington, UT – Fujifilm X-T30 Broccoli – Farmington, UT – Fujifilm X-T30 Faux Leaves – Farmington, UT – Fujifilm X-T30 Glass Bottles with Stems – Farmington, UT – Fujifilm X-T30 Flowers Waiting to Pot – Farmington, UT – Fujifilm X-T30 Potted Tulip – Farmington, UT – Fujifilm X-T30 White Tulips at Night – Farmington, UT – Fujifilm X-T30 Outdoor Shelf – Farmington, UT – Fujifilm X-T30 Dirty Feet – Farmington, UT – Fujifilm X-T30 Roller Skating – Farmington, UT – Fujifilm X-T30 Skates – Farmington, UT – Fujifilm X-T30 Girl Outdoor – Farmington, UT – Fujifilm X-T30 Two Feet – Farmington, UT – Fujifilm X-T30 Chair Shadow – Farmington, UT – Fujifilm X-T30 Blackberry Vine on Concrete – Farmington, UT – Fujifilm X-T30 Watering Plant – Farmington, UT – Fujifilm X-T30 Wet Handlebar – Farmington, UT – Fujifilm X-T30 Raindrops on a Window – Farmington, UT – Fujifilm X-T30 See also: Film Simulation Recipes Nobody pays me to write the content found on fujixweekly.com. There's a real cost to operating and maintaining this site, not to mention all the time that I pour into it. If you appreciated this article, please consider making a one-time gift contribution. Thank you!",3918
my-fujifilm-x-t30-dramatic-monochrome-film-simulation-recipe,Dramatic Monochrome,Monochrome,-1,,"The Obscurity of Light – Farmington, UT – Fujifilm X-T30 – “Dramatic Monochrome” A couple of weeks ago when I was discussing the possibility of Fujifilm creating a black-and-white only camera , something that I came to learn by accident is that the Monochrome film simulation is pretty darn good. On X-Trans III & IV cameras, I have always used the Acros film simulation because it is beautiful and has a film-like quality to it. But there’s something about the “old-fashioned” Monochrome film simulation that’s nice, as well. I had never made a Monochrome film simulation for X-Trans III & IV cameras, so I set out to do so. At first I wasn’t sure exactly what I wanted, so I decided that the best starting point was to revisit the iconic photographs of the great photographers from the 1930’s, ’40’s and ’50’s—people like Ansel Adams, Andre Kertesz, Robert Doisneau, Weegee, Pual Strand, Elliott Erwitt and others. I realized that I was drawn to the high-contrast pictures that these photographers had created. I wanted to create a recipe that mimics that look in-camera. These settings, which I call Dramatic Monochrome , are what resulted from that. Francis Peak – Farmington, UT – Fujifilm X-T30 – “Dramatic Monochrome” For those with X-Trans III sensors, which don’t have the Color Chrome Effect , you’ll get similar results, but it won’t be quite as dramatic. The difference isn’t very big, so don’t worry about it. I would consider using +2 for Sharpness on X-Trans III instead of +3. On X-Trans IV cameras, you could give a +1 toning for a subtle warm look, such as what would happen if you gave a print a quick Sepia bath. Monochrome ( +Y, +R, +G ) Dynamic Range: DR200 Highlight: +4 Shadow: +4 Grain: Strong Color Chrome Effect: Strong Toning: 0 Sharpening: +3 Noise Reduction: -4 Exposure Compensation: 0 to +2/3 (typically) ISO: Auto up to ISO 12800 Example photographs, all camera-made JPEGs using this Dramatic Monochrome film simulation recipe on my Fujifilm X-T30 : Chair Near a Window – Farmington, UT – Fujifilm X-T30 White Pillow – Farmington, UT – Fujifilm X-T30 Santa Fe – Farmington, UT – Fujifilm X-T30 Young Piano Hands – Farmington, UT – Fujifilm X-T30 Clouds Above The Snow – Farmington, UT – Fujifilm X-T30 Wasatch Ridge Winter – Farmington, UT – Fujifilm X-T30 Lines In The Snow – Farmington, UT – Fujifilm X-T30 Clouds Over The Frosted Hill – Farmington, UT – Fujifilm X-T30 White Beyond Dark – Farmington, UT – Fujifilm X-T30 Frosted – Farmington, UT – Fujifilm X-T30 Darkness & Light – Farmington, UT – Fujifilm X-T30 See also: Film Simulation Recipes Nobody pays me to write the content found on fujixweekly.com. There's a real cost to operating and maintaining this site, not to mention all the time that I pour into it. If you appreciated this article, please consider making a one-time gift contribution. Thank you!",2851
my-fujifilm-x-t30-faded-monochrome-film-simulation-recipe,Faded Monochrome,Acros,0,Acros#0,"All Aboard Boy – Ogden, UT – Fujifilm X-T30 – “Faded Monochrome” I love the results of my Faded Color recipe , so creating a Faded Monochrome recipe was a natural next step. This film simulation recipe requires the use of the double-exposure feature of the camera. The first exposure is a normal photo, and the second exposure is of something plain white. I’ve tried different things, but for me a 4″ x 6″ plain white index card works well. No need for the second exposure to be in focus. It’s a simple idea that I wish I had thought of earlier. I think I’ve just scratched the surface of what can be created using this technique.",630
my-fujifilm-x-t30-split-toned-bw-film-simulation-recipe,Split-Toned B&W,Acros,0,Acros#0,"Vintage Bolsey Camera – Farmington, UT – Fujifilm X-T30 “Split-Toned B&W” While creating my “Bleach Bypass” film simulation recipe , which requires double exposures, I also discovered how to split-tone black-and-white pictures in-camera using double exposures. Split toning was originally a darkroom technique where one would give their black-and-white print a bath in two different toning chemicals, which resulted in shadows and highlights having two different colors. There are many different ways to split tone and many different potential results. This Split-Toned B&W recipe loosely mimics the aesthetic of ferrocyanide toning (blue) with diluted sepia (reddish-brown). You can get similar results very easily with software, but it’s fun to achieve a split tone effect straight out of camera. For this recipe, you’ll capture the first exposure as normal. I find that increasing the exposure by 1/3 to 2/3 stop over what you might normally do produces better results. For the second exposure, photograph blue paper. I used an 8.5″ x 11″ medium-blue construction paper for my pictures. I like to purposefully make the second exposure out of focus, although I’m not sure that it matters much if you do. You can control the strength of the blue tone by how bright the second exposure is. The darker the exposure, the less blue there will be and the less faded the picture will appear. The brighter the exposure, the more blue there will be and the more faded the picture will appear. It’s fun to experiment with this, because you can vary the look significantly by how you expose the second image. If you want the highlights to be warmer, simply increase the tone of the first exposure to be more warm, or even use the Sepia film simulation instead of Acros. You could use a different color paper, or even use a cool tone instead of warm on the first exposure, if you wanted. You could really play around with this and come up with all sots of different looks. Exposure 1 Acros Dynamic Range: DR200 Highlight: +4 Shadow: +4 Tone: +6 (warm) Color Chrome Effect: Strong Grain: Weak Sharpening: +1 Noise Reduction: -4 ISO: Auto, up to ISO 6400 Exposure Compensation: +2/3 to +1 (typically) Exposure 2 Velvia Dynamic Range: DR200 Highlight: +4 Shadow: +4 Color: +2 Color Chrome Effect: Strong Grain: Weak Sharpening: +1 Noise Reduction: -4 White Balance: Auto, 0 Red & 0 Blue ISO: Auto, up to ISO 6400 Exposure Compensation: -1 to -3 (typically) Example photographs, all camera-made JPEGs using this Split-Toned B&W film simulation recipe on my Fujifilm X-T30 : Open Blinds – Farmington, UT – Fujifilm X-T30 Ocean – Farmington, UT – Fujifilm X-T30 White Faux Blooms – Farmington, UT – Fujifilm X-T30 Monochrome Floral Arrangement – Farmington, UT – Fujifilm X-T30 Lily Bloom – Farmington, UT – Fujifilm X-T30 Throw Pillows – Farmington, UT – Fujifilm X-T30 Dirt Play – Farmington, UT – Fujifilm X-T30 Girl In The Sunlight – Farmington, UT – Fujifilm X-T30 See also: Film Simulation Recipes Nobody pays me to write the content found on fujixweekly.com. There's a real cost to operating and maintaining this site, not to mention all the time that I pour into it. If you appreciated this article, please consider making a one-time gift contribution. Thank you!",3255
my-fujifilm-x-t30-cyanotype-film-simulation-recipe,Cyanotype,Acros,0,Acros#0,"Ball Flowers – Farmington, UT – Fujifilm X-T30 “Cyanotype” Cyanotype is an early photographic process that produces blue prints. It was invented in 1842 by Sir John Herschel, and was popular in Victorian England. The chemicals needed are simple: ferric ammonium citrate and potassium ferricyanid. It’s a contact process, so positives have to be placed right over the paper. Sunlight or UV light is required for the exposure. Cyanotypes are pretty simple, and anyone can do them at home. I thought it would be fun to make a film simulation recipe to mimic cyanotype prints. Fujifilm X-Trans IV cameras have the ability to tone black-and-white pictures , either warm or cool. By toning the pictures blue, I was able to get in the neighborhood of cyanotype photography. Unfortunately, going all the way cool, which is -9 on toning, is only marginally blue enough to pass for cyanotype. Still, this was a fun experiment. If you are bored, why not give it a try yourself? Blue Blossom – Farmington, UT – Fujifilm X-T30 “Cyanotype” Acros Dynamic Range: DR400 Highlight: +3 Shadow: +3 Noise Reduction: -4 Sharpening: -4 Grain Effect: Strong Color Chrome Effect: Strong Toning: -9 White Balance: Auto ISO: Auto, up to ISO 12800 Exposure Compensation: +1/3 to +1 (typically) Example photographs, all camera-made JPEGs using this “Cyanotype” film simulation recipe on my Fujifilm X-T30 : Orbit – Farmington, UT – Fujifilm X-T30 Caged Bloom – Farmington, UT – Fujifilm X-T30 Blue Bloom – Farmington, UT – Fujifilm X-T30 Succulent Blue – Farmington, UT – Fujifilm X-T30 Light Bulb Blues – Farmington, UT – Fujifilm X-T30 Stems – Farmington, UT – Fujifilm X-T30 Welcome – Farmington, UT – Fujifilm X-T30 Daffodil Blue – Farmington, UT – Fujifilm X-T30 Falling Water – Farmington, UT – Fujifilm X-T30 Post & Wire – Farmington, UT – Fujifilm X-T30 Threatening – Farmington, UT – Fujifilm X-T30 Growth in the Rocky Place – Farmington, UT – Fujifilm X-T30 Studying Blues – Farmington, UT – Fujifilm X-T30 See also: Film Simulation Recipes Nobody pays me to write the content found on fujixweekly.com. There's a real cost to operating and maintaining this site, not to mention all the time that I pour into it. If you appreciated this article, please consider making a one-time gift contribution. Thank you!",2289
fujifilm-x100v-film-simulation-recipe-verano-tostado,Verano Tostado,Classic Chrome,1,Classic Chrome#1,"There are some film simulation recipes that are more series and some that are more fun. This one is falls into the latter category. Even the name, Verano Tostado (“Toasted Summer”), and the story behind it, is fun. Fuji X Weekly reader Ricardo Guzman sent me this recipe to try. He called it “Tostado” and when I asked him why, Ricardo answered, “Toasted like summer—when you sleep after lunch at the beach, you wake up looking at funny colors.” Yes, that’s exactly what it looks like— verano tostado! What’s great about this recipe is, even though the title says Fujifilm X100V , this actually will work on any X-Trans III and X-Trans IV camera. Simply disregard Grain set to Large if your camera doesn’t have that option. Clarity , Color Chrome Effect and Color Chrome Effect Blue are all set to 0 or Off, which makes this recipe usable on cameras that don’t have those options. I tried it on both a Fujifilm X-T20 and X-T30 and it worked great! I did not include a “typical” exposure compensation because you can get some really interesting looks with this recipe from both overexposure and underexposure. Try -2/3 all the way up to +1 1/3 and see what happens. I want to thank Ricardo Guzman for creating this recipe and allowing me to share it here with you. Thanks, Ricardo! Classic Chrome Dynamic Range: DR200 Highlight: -1 Shadow: +2 Color: +3 Noise Reduction: -4 Sharpening: +2 Clarity: 0 Grain Effect: Strong, Large Color Chrome Effect: Off Color Chrome Effect Blue: Off White Balance: Auto, -2 Red & -5 Blue ISO: Auto, up to ISO 6400 Example photographs, all camera-made JPEGs using this Verano Tostado film simulation recipe on my Fujifilm X100V: This post contains affiliate links, and if you make a purchase using my links I’ll be compensated a small amount for it. Fujifilm X100V Black Amazon B&H Fujifilm X100V Silver Amazon B&H Nobody pays me to write the content found on fujixweekly.com. There's a real cost to operating and maintaining this site, not to mention all the time that I pour into it. If you appreciated this article, please consider making a one-time gift contribution. Thank you!",2112
